field_id,fiscal_period,value,units,source_id,source_filename,page_note_table_or_section,classification,gaap_or_non_gaap,calculation_formula,source_precision,extraction_status,reviewer_status,notes
REV_010,FY2025_Q1,10519,USD_m,SRC-003,ORCL_FY2025_Q1_10-Q_2024-08-31.pdf,"Condensed consolidated statements of operations, PDF p.8 (filing p.4)",reported,GAAP,,exact_millions,extracted,self_checked,
REV_020,FY2025_Q1,870,USD_m,SRC-003,ORCL_FY2025_Q1_10-Q_2024-08-31.pdf,"Condensed consolidated statements of operations, PDF p.8 (filing p.4)",reported,GAAP,,exact_millions,extracted,self_checked,
REV_030,FY2025_Q1,655,USD_m,SRC-003,ORCL_FY2025_Q1_10-Q_2024-08-31.pdf,"Condensed consolidated statements of operations, PDF p.8 (filing p.4)",reported,GAAP,,exact_millions,extracted,self_checked,
REV_040,FY2025_Q1,1263,USD_m,SRC-003,ORCL_FY2025_Q1_10-Q_2024-08-31.pdf,"Condensed consolidated statements of operations, PDF p.8 (filing p.4)",reported,GAAP,,exact_millions,extracted,self_checked,
REV_050,FY2025_Q1,13307,USD_m,SRC-003,ORCL_FY2025_Q1_10-Q_2024-08-31.pdf,"Condensed consolidated statements of operations, PDF p.8 (filing p.4)",reported,GAAP,,exact_millions,extracted,self_checked,
REV_060,FY2025_Q1,0.07,pct,SRC-009,ORCL_FY2025_Q1_Earnings_Release_2024-09-09.pdf,"Q1 FY2025 earnings release headline bullets, PDF p.1",reported,GAAP,,whole_percent,extracted,self_checked,+7% USD / +8% CC (REV_070).
REV_070,FY2025_Q1,0.08,pct,SRC-009,ORCL_FY2025_Q1_Earnings_Release_2024-09-09.pdf,"Q1 FY2025 earnings release headline bullets, PDF p.1",reported,GAAP,,whole_percent,extracted,self_checked,
REV_110,FY2025_Q1,5623,USD_m,SRC-003,ORCL_FY2025_Q1_10-Q_2024-08-31.pdf,"Revenue recognition note - cloud services and license support by offerings, PDF p.20",reported,GAAP,,exact_millions,extracted,self_checked,"= 'Cloud services' per by-offerings footnote (10-Q, rung 2); ties headline '$5.6B +21%'."
REV_115,FY2025_Q1,0.21,pct,SRC-009,ORCL_FY2025_Q1_Earnings_Release_2024-09-09.pdf,"Q1 FY2025 earnings release headline bullets, PDF p.1",reported,GAAP,,whole_percent,extracted,self_checked,+21% USD / +22% CC.
REV_120,FY2025_Q1,2154,USD_m,SRC-013,ORCL_FY2026_Q1_Earnings_Release_2025-09-09.pdf,"Supplemental analysis of GAAP revenues (incl. FY25 quarterly comparatives), PDF p.9-10",supplemental,GAAP,,exact_millions,extracted,self_checked,Exact millions from FY26 Q1 release comparative table (SRC-013); original FY25 Q1 release disclosed only headline '$2.2B +45%'. Precision upgrade documented (D-016).
REV_125,FY2025_Q1,0.45,pct,SRC-009,ORCL_FY2025_Q1_Earnings_Release_2024-09-09.pdf,"Q1 FY2025 earnings release headline bullets, PDF p.1",reported,GAAP,,whole_percent,extracted,self_checked,+45% USD / +46% CC (headline).
REV_130,FY2025_Q1,3469,USD_m,SRC-013,ORCL_FY2026_Q1_Earnings_Release_2025-09-09.pdf,"Supplemental analysis of GAAP revenues (incl. FY25 quarterly comparatives), PDF p.9-10",supplemental,GAAP,,exact_millions,extracted,self_checked,Exact millions from SRC-013 comparative table; original release headline '$3.5B +10%'.
REV_135,FY2025_Q1,0.1,pct,SRC-009,ORCL_FY2025_Q1_Earnings_Release_2024-09-09.pdf,"Q1 FY2025 earnings release headline bullets, PDF p.1",reported,GAAP,,whole_percent,extracted,self_checked,+10% USD / +10% CC (headline).
REV_140,FY2025_Q1,5623,USD_m,SRC-003,ORCL_FY2025_Q1_10-Q_2024-08-31.pdf,"Revenue recognition note - cloud services and license support by offerings, PDF p.20",reported,GAAP,,exact_millions,extracted,self_checked,= REV_110 identity for pre-FY26 periods (Cloud services component of REV_010).
REV_145,FY2025_Q1,4896,USD_m,SRC-003,ORCL_FY2025_Q1_10-Q_2024-08-31.pdf,"Revenue recognition note - cloud services and license support by offerings, PDF p.20",reported,GAAP,,exact_millions,extracted,self_checked,License support component of REV_010.
REV_310,FY2025_Q1,2154,USD_m,SRC-013,ORCL_FY2026_Q1_Earnings_Release_2025-09-09.pdf,"Supplemental analysis of GAAP revenues (incl. FY25 quarterly comparatives), PDF p.9-10",calculated,GAAP,= REV_120 (bridge),exact_millions,extracted,self_checked,
REV_320,FY2025_Q1,3469,USD_m,SRC-013,ORCL_FY2026_Q1_Earnings_Release_2025-09-09.pdf,"Supplemental analysis of GAAP revenues (incl. FY25 quarterly comparatives), PDF p.9-10",calculated,GAAP,= REV_130 (bridge),exact_millions,extracted,self_checked,
REV_330,FY2025_Q1,4896,USD_m,SRC-003,ORCL_FY2025_Q1_10-Q_2024-08-31.pdf,"Revenue recognition note - cloud services and license support by offerings, PDF p.20",calculated,GAAP,= REV_010 - REV_110 (residual) = REV_145 exactly (cross-check),exact_millions,extracted,self_checked,"10,519-5,623=4,896=REV_145 exact (no rounding inherited)."
REV_340,FY2025_Q1,870,USD_m,SRC-003,ORCL_FY2025_Q1_10-Q_2024-08-31.pdf,"Condensed consolidated statements of operations, PDF p.8 (filing p.4)",calculated,GAAP,= REV_020 (identity),exact_millions,extracted,self_checked,
REV_350,FY2025_Q1,655,USD_m,SRC-003,ORCL_FY2025_Q1_10-Q_2024-08-31.pdf,"Condensed consolidated statements of operations, PDF p.8 (filing p.4)",calculated,GAAP,= REV_030 (identity),exact_millions,extracted,self_checked,
REV_360,FY2025_Q1,1263,USD_m,SRC-003,ORCL_FY2025_Q1_10-Q_2024-08-31.pdf,"Condensed consolidated statements of operations, PDF p.8 (filing p.4)",calculated,GAAP,= REV_040 (identity),exact_millions,extracted,self_checked,
REV_370,FY2025_Q1,13307,USD_m,SRC-003,ORCL_FY2025_Q1_10-Q_2024-08-31.pdf,"Condensed consolidated statements of operations, PDF p.8 (filing p.4)",calculated,GAAP,= sum(REV_310..REV_360),exact_millions,extracted,self_checked,2154+3469+4896+870+655+1263=13307 (CHECK_020 pass).
COGS_010,FY2025_Q1,2597,USD_m,SRC-003,ORCL_FY2025_Q1_10-Q_2024-08-31.pdf,"Condensed consolidated statements of operations, PDF p.8 (filing p.4)",reported,GAAP,,exact_millions,extracted,self_checked,
COGS_020,FY2025_Q1,162,USD_m,SRC-003,ORCL_FY2025_Q1_10-Q_2024-08-31.pdf,"Condensed consolidated statements of operations, PDF p.8 (filing p.4)",reported,GAAP,,exact_millions,extracted,self_checked,
COGS_030,FY2025_Q1,1147,USD_m,SRC-003,ORCL_FY2025_Q1_10-Q_2024-08-31.pdf,"Condensed consolidated statements of operations, PDF p.8 (filing p.4)",reported,GAAP,,exact_millions,extracted,self_checked,
COGS_050,FY2025_Q1,9401,USD_m,SRC-003,ORCL_FY2025_Q1_10-Q_2024-08-31.pdf,"Condensed consolidated statements of operations, PDF p.8 (filing p.4)",calculated,GAAP,= REV_050-COGS_010-COGS_020-COGS_030,exact_millions,extracted,self_checked,
COGS_060,FY2025_Q1,0.7064,pct,SRC-003,ORCL_FY2025_Q1_10-Q_2024-08-31.pdf,"Condensed consolidated statements of operations, PDF p.8 (filing p.4)",calculated,GAAP,= COGS_050/REV_050,exact_millions,extracted,self_checked,
OPEX_010,FY2025_Q1,2036,USD_m,SRC-003,ORCL_FY2025_Q1_10-Q_2024-08-31.pdf,"Condensed consolidated statements of operations, PDF p.8 (filing p.4)",reported,GAAP,,exact_millions,extracted,self_checked,
OPEX_020,FY2025_Q1,2306,USD_m,SRC-003,ORCL_FY2025_Q1_10-Q_2024-08-31.pdf,"Condensed consolidated statements of operations, PDF p.8 (filing p.4)",reported,GAAP,,exact_millions,extracted,self_checked,
OPEX_030,FY2025_Q1,358,USD_m,SRC-003,ORCL_FY2025_Q1_10-Q_2024-08-31.pdf,"Condensed consolidated statements of operations, PDF p.8 (filing p.4)",reported,GAAP,,exact_millions,extracted,self_checked,
OPEX_040,FY2025_Q1,624,USD_m,SRC-003,ORCL_FY2025_Q1_10-Q_2024-08-31.pdf,"Condensed consolidated statements of operations, PDF p.8 (filing p.4)",reported,GAAP,,exact_millions,extracted,self_checked,
OPEX_050,FY2025_Q1,13,USD_m,SRC-003,ORCL_FY2025_Q1_10-Q_2024-08-31.pdf,"Condensed consolidated statements of operations, PDF p.8 (filing p.4)",reported,GAAP,,exact_millions,extracted,self_checked,
OPEX_060,FY2025_Q1,73,USD_m,SRC-003,ORCL_FY2025_Q1_10-Q_2024-08-31.pdf,"Condensed consolidated statements of operations, PDF p.8 (filing p.4)",reported,GAAP,,exact_millions,extracted,self_checked,
OPEX_070,FY2025_Q1,1007,USD_m,SRC-003,ORCL_FY2025_Q1_10-Q_2024-08-31.pdf,"Condensed consolidated statements of cash flows, PDF p.11 (filing p.7)",supplemental,GAAP,,exact_millions,extracted,self_checked,Q1 YTD=standalone. Ties release non-GAAP SBC table exactly.
OPEX_080,FY2025_Q1,9316,USD_m,SRC-003,ORCL_FY2025_Q1_10-Q_2024-08-31.pdf,"Condensed consolidated statements of operations, PDF p.8 (filing p.4)",calculated,GAAP,=sum COGS_010..030+OPEX_010..060,exact_millions,extracted,self_checked,Ties filed total.
PROF_010,FY2025_Q1,3991,USD_m,SRC-003,ORCL_FY2025_Q1_10-Q_2024-08-31.pdf,"Condensed consolidated statements of operations, PDF p.8 (filing p.4)",reported,GAAP,,exact_millions,extracted,self_checked,
PROF_020,FY2025_Q1,0.2999,pct,SRC-003,ORCL_FY2025_Q1_10-Q_2024-08-31.pdf,"Condensed consolidated statements of operations, PDF p.8 (filing p.4)",calculated,GAAP,=PROF_010/REV_050,exact_millions,extracted,self_checked,Release states 30%.
PROF_030,FY2025_Q1,5708,USD_m,SRC-009,ORCL_FY2025_Q1_Earnings_Release_2024-09-09.pdf,"Reconciliation of selected GAAP to non-GAAP measures, PDF p.4-5",reported,non-GAAP,,exact_millions,extracted,self_checked,"GAAP 3,991+adj 1,717 (SBC 1,007+amort 624+acq 13+restr 73)."
PROF_040,FY2025_Q1,0.4288,pct,SRC-009,ORCL_FY2025_Q1_Earnings_Release_2024-09-09.pdf,"Reconciliation of selected GAAP to non-GAAP measures, PDF p.4-5",calculated,non-GAAP,=PROF_030/REV_050,exact_millions,extracted,self_checked,Release states 43%.
PROF_050,FY2025_Q1,842,USD_m,SRC-003,ORCL_FY2025_Q1_10-Q_2024-08-31.pdf,"Condensed consolidated statements of operations, PDF p.8 (filing p.4)",reported,GAAP,,exact_millions,extracted,self_checked,
PROF_060,FY2025_Q1,20,USD_m,SRC-003,ORCL_FY2025_Q1_10-Q_2024-08-31.pdf,"Condensed consolidated statements of operations, PDF p.8 (filing p.4)",reported,GAAP,,exact_millions,extracted,self_checked,
PROF_065,FY2025_Q1,133,USD_m,SRC-003,ORCL_FY2025_Q1_10-Q_2024-08-31.pdf,"Non-operating income note - interest income, PDF p.15",supplemental,GAAP,,exact_millions,extracted,self_checked,
PROF_070,FY2025_Q1,3169,USD_m,SRC-003,ORCL_FY2025_Q1_10-Q_2024-08-31.pdf,"Condensed consolidated statements of operations, PDF p.8 (filing p.4)",reported,GAAP,identity: 3991-842+20,exact_millions,extracted,self_checked,
PROF_080,FY2025_Q1,240,USD_m,SRC-003,ORCL_FY2025_Q1_10-Q_2024-08-31.pdf,"Condensed consolidated statements of operations, PDF p.8 (filing p.4)",reported,GAAP,,exact_millions,extracted,self_checked,
PROF_090,FY2025_Q1,0.0757,pct,SRC-003,ORCL_FY2025_Q1_10-Q_2024-08-31.pdf,"Condensed consolidated statements of operations, PDF p.8 (filing p.4)",calculated,GAAP,=PROF_080/PROF_070,exact_millions,extracted,self_checked,Release states GAAP ETR 7.6%.
PROF_100,FY2025_Q1,2929,USD_m,SRC-003,ORCL_FY2025_Q1_10-Q_2024-08-31.pdf,"Condensed consolidated statements of operations, PDF p.8 (filing p.4)",reported,GAAP,,exact_millions,extracted,self_checked,
PROF_110,FY2025_Q1,3964,USD_m,SRC-009,ORCL_FY2025_Q1_Earnings_Release_2024-09-09.pdf,"Reconciliation of selected GAAP to non-GAAP measures, PDF p.4-5",reported,non-GAAP,,exact_millions,extracted,self_checked,
PROF_120,FY2025_Q1,1.03,USD_per_share,SRC-003,ORCL_FY2025_Q1_10-Q_2024-08-31.pdf,"Condensed consolidated statements of operations, PDF p.8 (filing p.4)",reported,GAAP,,usd_cents,extracted,self_checked,Basic 1.06.
PROF_130,FY2025_Q1,1.39,USD_per_share,SRC-009,ORCL_FY2025_Q1_Earnings_Release_2024-09-09.pdf,"Reconciliation of selected GAAP to non-GAAP measures, PDF p.4-5",reported,non-GAAP,,usd_cents,extracted,self_checked,
PROF_140,FY2025_Q1,804,USD_m,SRC-003,ORCL_FY2025_Q1_10-Q_2024-08-31.pdf,"Condensed consolidated statements of cash flows, PDF p.11 (filing p.7)",supplemental,GAAP,,exact_millions,extracted,self_checked,Q1 YTD=standalone.
PROF_150,FY2025_Q1,1428,USD_m,SRC-003,ORCL_FY2025_Q1_10-Q_2024-08-31.pdf,"Condensed consolidated statements of cash flows, PDF p.11 (filing p.7)",calculated,GAAP,=PROF_140+624 (CF amort of intangibles),exact_millions,extracted,self_checked,
PROF_160,FY2025_Q1,5439,USD_m,SRC-003,ORCL_FY2025_Q1_10-Q_2024-08-31.pdf,"Condensed consolidated statements of operations, PDF p.8 (filing p.4)",calculated,GAAP,"=PROF_010+PROF_140+OPEX_040 (D-014 primary, provisional)",exact_millions,extracted,self_checked,3991+804+624.
CF_010,FY2025_Q1,7427,USD_m,SRC-003,ORCL_FY2025_Q1_10-Q_2024-08-31.pdf,"Condensed consolidated statements of cash flows, PDF p.11 (filing p.7)",reported,GAAP,,exact_millions,extracted,self_checked,
CF_015,FY2025_Q1,7427,USD_m,SRC-003,ORCL_FY2025_Q1_10-Q_2024-08-31.pdf,"Condensed consolidated statements of cash flows, PDF p.11 (filing p.7)",calculated,GAAP,Q1 standalone=YTD Q1,exact_millions,extracted,self_checked,
CF_020,FY2025_Q1,2303,USD_m,SRC-003,ORCL_FY2025_Q1_10-Q_2024-08-31.pdf,"Condensed consolidated statements of cash flows, PDF p.11 (filing p.7)",reported,GAAP,,exact_millions,extracted,self_checked,
CF_025,FY2025_Q1,2303,USD_m,SRC-003,ORCL_FY2025_Q1_10-Q_2024-08-31.pdf,"Condensed consolidated statements of cash flows, PDF p.11 (filing p.7)",calculated,GAAP,Q1 standalone=YTD Q1,exact_millions,extracted,self_checked,
CF_030,FY2025_Q1,5124,USD_m,SRC-003,ORCL_FY2025_Q1_10-Q_2024-08-31.pdf,"Condensed consolidated statements of cash flows, PDF p.11 (filing p.7)",calculated,GAAP,=CF_015-CF_025,exact_millions,extracted,self_checked,
CF_050,FY2025_Q1,5627,USD_m,SRC-003,ORCL_FY2025_Q1_10-Q_2024-08-31.pdf,"Condensed consolidated statements of cash flows, PDF p.11 (filing p.7)",reported,GAAP,,exact_millions,extracted,self_checked,'Proceeds from issuances of term loan credit agreements'; commercial paper net repayment -396 tracked separately.
CF_060,FY2025_Q1,7630,USD_m,SRC-003,ORCL_FY2025_Q1_10-Q_2024-08-31.pdf,"Condensed consolidated statements of cash flows, PDF p.11 (filing p.7)",reported,GAAP,,exact_millions,extracted,self_checked,'Repayments of senior notes and term loan credit agreements'.
CF_070,FY2025_Q1,179,USD_m,SRC-003,ORCL_FY2025_Q1_10-Q_2024-08-31.pdf,"Condensed consolidated statements of cash flows, PDF p.11 (filing p.7)",reported,GAAP,,exact_millions,extracted,self_checked,
CF_080,FY2025_Q1,1103,USD_m,SRC-003,ORCL_FY2025_Q1_10-Q_2024-08-31.pdf,"Condensed consolidated statements of cash flows, PDF p.11 (filing p.7)",reported,GAAP,,exact_millions,extracted,self_checked,
CF_090,FY2025_Q1,150,USD_m,SRC-003,ORCL_FY2025_Q1_10-Q_2024-08-31.pdf,"Condensed consolidated statements of cash flows, PDF p.11 (filing p.7)",reported,GAAP,,exact_millions,extracted,self_checked,Excl. 851 tax-withholding settlements.
CF_110,FY2025_Q1,162,USD_m,SRC-003,ORCL_FY2025_Q1_10-Q_2024-08-31.pdf,"Condensed consolidated balance sheets, PDF p.6 (filing p.3)",calculated,GAAP,"=BS_010(Aug31)-BS_010(May31)=10,616-10,454",exact_millions,extracted,self_checked,CF statement net increase also 162 (CHECK_100 pass).
BS_010,FY2025_Q1,10616,USD_m,SRC-003,ORCL_FY2025_Q1_10-Q_2024-08-31.pdf,"Condensed consolidated balance sheets, PDF p.6 (filing p.3)",reported,GAAP,,exact_millions,extracted,self_checked,
BS_020,FY2025_Q1,295,USD_m,SRC-003,ORCL_FY2025_Q1_10-Q_2024-08-31.pdf,"Condensed consolidated balance sheets, PDF p.6 (filing p.3)",reported,GAAP,,exact_millions,extracted,self_checked,
BS_030,FY2025_Q1,10911,USD_m,SRC-003,ORCL_FY2025_Q1_10-Q_2024-08-31.pdf,"Condensed consolidated balance sheets, PDF p.6 (filing p.3)",calculated,GAAP,=BS_010+BS_020,exact_millions,extracted,self_checked,
BS_040,FY2025_Q1,23094,USD_m,SRC-003,ORCL_FY2025_Q1_10-Q_2024-08-31.pdf,"Condensed consolidated balance sheets, PDF p.6 (filing p.3)",reported,GAAP,,exact_millions,extracted,self_checked,
BS_070,FY2025_Q1,11455,USD_m,SRC-003,ORCL_FY2025_Q1_10-Q_2024-08-31.pdf,"Condensed consolidated balance sheets, PDF p.6 (filing p.3)",reported,GAAP,,exact_millions,extracted,self_checked,Current deferred revenues only (face caption).
BS_080,FY2025_Q1,8021,USD_m,SRC-003,ORCL_FY2025_Q1_10-Q_2024-08-31.pdf,"Condensed consolidated balance sheets, PDF p.6 (filing p.3)",reported,GAAP,,exact_millions,extracted,self_checked,
BS_090,FY2025_Q1,144214,USD_m,SRC-003,ORCL_FY2025_Q1_10-Q_2024-08-31.pdf,"Condensed consolidated balance sheets, PDF p.6 (filing p.3)",reported,GAAP,,exact_millions,extracted,self_checked,
BS_100,FY2025_Q1,11269,USD_m,SRC-003,ORCL_FY2025_Q1_10-Q_2024-08-31.pdf,"Condensed consolidated balance sheets, PDF p.6 (filing p.3)",reported,GAAP,,exact_millions,extracted,self_checked,Incl. NCI 453.
DEBT_010,FY2025_Q1,9201,USD_m,SRC-003,ORCL_FY2025_Q1_10-Q_2024-08-31.pdf,"Condensed consolidated balance sheets, PDF p.6 (filing p.3)",reported,GAAP,,exact_millions,extracted,self_checked,
DEBT_020,FY2025_Q1,75314,USD_m,SRC-003,ORCL_FY2025_Q1_10-Q_2024-08-31.pdf,"Condensed consolidated balance sheets, PDF p.6 (filing p.3)",reported,GAAP,,exact_millions,extracted,self_checked,
DEBT_030,FY2025_Q1,84515,USD_m,SRC-003,ORCL_FY2025_Q1_10-Q_2024-08-31.pdf,"Condensed consolidated balance sheets, PDF p.6 (filing p.3)",calculated,GAAP,=DEBT_010+DEBT_020,exact_millions,extracted,self_checked,
DEBT_040,FY2025_Q1,73604,USD_m,SRC-003,ORCL_FY2025_Q1_10-Q_2024-08-31.pdf,"Condensed consolidated balance sheets, PDF p.6 (filing p.3)",calculated,GAAP,=DEBT_030-BS_030,exact_millions,extracted,self_checked,
DEBT_070,FY2025_Q1,36200,USD_m,SRC-003,ORCL_FY2025_Q1_10-Q_2024-08-31.pdf,"MD&A - operating lease commitments, PDF p.28",supplemental,GAAP,,billions_1dp,extracted,self_checked,"'$36.2 billion' as of Aug 31 2024, primarily data centers, expected commencement remainder FY25-FY27, 9-15yr terms."
DEBT_100,FY2025_Q1,0,USD_m,SRC-003,ORCL_FY2025_Q1_10-Q_2024-08-31.pdf,"Condensed consolidated balance sheets, PDF p.6 (filing p.3)",reported,GAAP,,exact_millions,extracted,self_checked,No preferred outstanding.
DEBT_110,FY2025_Q1,0,USD_m,SRC-003,ORCL_FY2025_Q1_10-Q_2024-08-31.pdf,"Condensed consolidated statements of operations, PDF p.8 (filing p.4)",reported,GAAP,,exact_millions,extracted,self_checked,No preferred outstanding.
SHARE_010,FY2025_Q1,2761,shares_m,SRC-003,ORCL_FY2025_Q1_10-Q_2024-08-31.pdf,"Condensed consolidated statements of operations, PDF p.8 (filing p.4)",reported,GAAP,,exact_millions,extracted,self_checked,
SHARE_020,FY2025_Q1,2851,shares_m,SRC-003,ORCL_FY2025_Q1_10-Q_2024-08-31.pdf,"Condensed consolidated statements of operations, PDF p.8 (filing p.4)",reported,GAAP,,exact_millions,extracted,self_checked,
SHARE_030,FY2025_Q1,90,shares_m,SRC-003,ORCL_FY2025_Q1_10-Q_2024-08-31.pdf,"Condensed consolidated statements of operations, PDF p.8 (filing p.4)",calculated,GAAP,=SHARE_020-SHARE_010,exact_millions,extracted,self_checked,
SHARE_040,FY2025_Q1,2771,shares_m,SRC-003,ORCL_FY2025_Q1_10-Q_2024-08-31.pdf,"Condensed consolidated balance sheets, PDF p.6 (filing p.3)",reported,GAAP,,exact_millions,extracted,self_checked,
SHARE_070,FY2025_Q1,150,USD_m,SRC-003,ORCL_FY2025_Q1_10-Q_2024-08-31.pdf,"Condensed consolidated statements of cash flows, PDF p.11 (filing p.7)",reported,GAAP,,exact_millions,extracted,self_checked,
KPI_010,FY2025_Q1,0.16,pct,SRC-009,ORCL_FY2025_Q1_Earnings_Release_2024-09-09.pdf,"Q1 FY2025 earnings release headline bullets, PDF p.1",supplemental,non-GAAP,,whole_percent,extracted,self_checked,"Fusion Cloud ERP (SaaS) $0.9B, +16% USD / +17% CC."
KPI_020,FY2025_Q1,0.2,pct,SRC-009,ORCL_FY2025_Q1_Earnings_Release_2024-09-09.pdf,"Q1 FY2025 earnings release headline bullets, PDF p.1",supplemental,non-GAAP,,whole_percent,extracted,self_checked,"NetSuite Cloud ERP (SaaS) $0.9B, +20% USD / +20% CC."
RPO_010,FY2025_Q1,99.1,USD_b,SRC-003,ORCL_FY2025_Q1_10-Q_2024-08-31.pdf,"Revenue recognition note - remaining performance obligations, PDF p.13",reported,GAAP,,billions_1dp,extracted,self_checked,'$99.1 billion' as of Aug 31 2024; release headline '$99 billion' (+53%).
RPO_020,FY2025_Q1,0.38,pct,SRC-003,ORCL_FY2025_Q1_10-Q_2024-08-31.pdf,"Revenue recognition note - remaining performance obligations, PDF p.13",reported,GAAP,,whole_percent,extracted,self_checked,'approximately 38%'.
RPO_030,FY2025_Q1,37.7,USD_b,SRC-003,ORCL_FY2025_Q1_10-Q_2024-08-31.pdf,"Revenue recognition note - remaining performance obligations, PDF p.13",calculated,GAAP,=99.1*0.38,billions_1dp,extracted,self_checked,
RPO_050,FY2025_Q1,38%/38%/19%/rem,buckets,SRC-003,ORCL_FY2025_Q1_10-Q_2024-08-31.pdf,"Revenue recognition note - remaining performance obligations, PDF p.13",reported,GAAP,,whole_percent,extracted,self_checked,0-12m ~38%; 13-36m 38%; 37-60m 19%; remainder thereafter.
REV_010,FY2025_Q2,10806,USD_m,SRC-004,ORCL_FY2025_Q2_10-Q_2024-11-30.pdf,"Condensed consolidated statements of operations, PDF p.7 (filing p.4)",reported,GAAP,,exact_millions,extracted,self_checked,
REV_020,FY2025_Q2,1195,USD_m,SRC-004,ORCL_FY2025_Q2_10-Q_2024-11-30.pdf,"Condensed consolidated statements of operations, PDF p.7 (filing p.4)",reported,GAAP,,exact_millions,extracted,self_checked,
REV_030,FY2025_Q2,728,USD_m,SRC-004,ORCL_FY2025_Q2_10-Q_2024-11-30.pdf,"Condensed consolidated statements of operations, PDF p.7 (filing p.4)",reported,GAAP,,exact_millions,extracted,self_checked,
REV_040,FY2025_Q2,1330,USD_m,SRC-004,ORCL_FY2025_Q2_10-Q_2024-11-30.pdf,"Condensed consolidated statements of operations, PDF p.7 (filing p.4)",reported,GAAP,,exact_millions,extracted,self_checked,
REV_050,FY2025_Q2,14059,USD_m,SRC-004,ORCL_FY2025_Q2_10-Q_2024-11-30.pdf,"Condensed consolidated statements of operations, PDF p.7 (filing p.4)",reported,GAAP,,exact_millions,extracted,self_checked,
REV_060,FY2025_Q2,0.09,pct,SRC-010,ORCL_FY2025_Q2_Earnings_Release_2024-12-09.pdf,"Q2 FY2025 earnings release headline bullets, PDF p.1",reported,GAAP,,whole_percent,extracted,self_checked,+9% USD / +9% CC.
REV_070,FY2025_Q2,0.09,pct,SRC-010,ORCL_FY2025_Q2_Earnings_Release_2024-12-09.pdf,"Q2 FY2025 earnings release headline bullets, PDF p.1",reported,GAAP,,whole_percent,extracted,self_checked,
REV_110,FY2025_Q2,5937,USD_m,SRC-004,ORCL_FY2025_Q2_10-Q_2024-11-30.pdf,"Revenue recognition note - by offerings, PDF p.21-22",reported,GAAP,,exact_millions,extracted,self_checked,'Cloud services' by-offerings footnote (3mo column); ties release '$5.9B +24%'.
REV_115,FY2025_Q2,0.24,pct,SRC-010,ORCL_FY2025_Q2_Earnings_Release_2024-12-09.pdf,"Q2 FY2025 earnings release headline bullets, PDF p.1",reported,GAAP,,whole_percent,extracted,self_checked,+24% USD / +24% CC.
REV_120,FY2025_Q2,2434,USD_m,SRC-013,ORCL_FY2026_Q1_Earnings_Release_2025-09-09.pdf,"Supplemental analysis of GAAP revenues (incl. FY25 quarterly comparatives), PDF p.9-10",supplemental,GAAP,,exact_millions,extracted,self_checked,Exact millions from SRC-013 comparative table; original release headline '$2.4B +52%'.
REV_125,FY2025_Q2,0.52,pct,SRC-010,ORCL_FY2025_Q2_Earnings_Release_2024-12-09.pdf,"Q2 FY2025 earnings release headline bullets, PDF p.1",reported,GAAP,,whole_percent,extracted,self_checked,headline.
REV_130,FY2025_Q2,3503,USD_m,SRC-013,ORCL_FY2026_Q1_Earnings_Release_2025-09-09.pdf,"Supplemental analysis of GAAP revenues (incl. FY25 quarterly comparatives), PDF p.9-10",supplemental,GAAP,,exact_millions,extracted,self_checked,Exact millions from SRC-013; original headline '$3.5B +10%'.
REV_135,FY2025_Q2,0.1,pct,SRC-010,ORCL_FY2025_Q2_Earnings_Release_2024-12-09.pdf,"Q2 FY2025 earnings release headline bullets, PDF p.1",reported,GAAP,,whole_percent,extracted,self_checked,headline.
REV_140,FY2025_Q2,5937,USD_m,SRC-004,ORCL_FY2025_Q2_10-Q_2024-11-30.pdf,"Revenue recognition note - by offerings, PDF p.21-22",reported,GAAP,,exact_millions,extracted,self_checked,=REV_110 identity.
REV_145,FY2025_Q2,4869,USD_m,SRC-004,ORCL_FY2025_Q2_10-Q_2024-11-30.pdf,"Revenue recognition note - by offerings, PDF p.21-22",reported,GAAP,,exact_millions,extracted,self_checked,
REV_310,FY2025_Q2,2434,USD_m,SRC-013,ORCL_FY2026_Q1_Earnings_Release_2025-09-09.pdf,"Supplemental analysis of GAAP revenues (incl. FY25 quarterly comparatives), PDF p.9-10",calculated,GAAP,=REV_120,exact_millions,extracted,self_checked,
REV_320,FY2025_Q2,3503,USD_m,SRC-013,ORCL_FY2026_Q1_Earnings_Release_2025-09-09.pdf,"Supplemental analysis of GAAP revenues (incl. FY25 quarterly comparatives), PDF p.9-10",calculated,GAAP,=REV_130,exact_millions,extracted,self_checked,
REV_330,FY2025_Q2,4869,USD_m,SRC-004,ORCL_FY2025_Q2_10-Q_2024-11-30.pdf,"Revenue recognition note - by offerings, PDF p.21-22",calculated,GAAP,=REV_010-REV_110=REV_145 exact,exact_millions,extracted,self_checked,"10,806-5,937=4,869."
REV_340,FY2025_Q2,1195,USD_m,SRC-004,ORCL_FY2025_Q2_10-Q_2024-11-30.pdf,"Condensed consolidated statements of operations, PDF p.7 (filing p.4)",calculated,GAAP,=REV_020,exact_millions,extracted,self_checked,
REV_350,FY2025_Q2,728,USD_m,SRC-004,ORCL_FY2025_Q2_10-Q_2024-11-30.pdf,"Condensed consolidated statements of operations, PDF p.7 (filing p.4)",calculated,GAAP,=REV_030,exact_millions,extracted,self_checked,
REV_360,FY2025_Q2,1330,USD_m,SRC-004,ORCL_FY2025_Q2_10-Q_2024-11-30.pdf,"Condensed consolidated statements of operations, PDF p.7 (filing p.4)",calculated,GAAP,=REV_040,exact_millions,extracted,self_checked,
REV_370,FY2025_Q2,14059,USD_m,SRC-004,ORCL_FY2025_Q2_10-Q_2024-11-30.pdf,"Condensed consolidated statements of operations, PDF p.7 (filing p.4)",calculated,GAAP,=sum streams,exact_millions,extracted,self_checked,2434+3503+4869+1195+728+1330=14059 (CHECK_020 pass).
COGS_010,FY2025_Q2,2746,USD_m,SRC-004,ORCL_FY2025_Q2_10-Q_2024-11-30.pdf,"Condensed consolidated statements of operations, PDF p.7 (filing p.4)",reported,GAAP,,exact_millions,extracted,self_checked,
COGS_020,FY2025_Q2,172,USD_m,SRC-004,ORCL_FY2025_Q2_10-Q_2024-11-30.pdf,"Condensed consolidated statements of operations, PDF p.7 (filing p.4)",reported,GAAP,,exact_millions,extracted,self_checked,
COGS_030,FY2025_Q2,1167,USD_m,SRC-004,ORCL_FY2025_Q2_10-Q_2024-11-30.pdf,"Condensed consolidated statements of operations, PDF p.7 (filing p.4)",reported,GAAP,,exact_millions,extracted,self_checked,
COGS_050,FY2025_Q2,9974,USD_m,SRC-004,ORCL_FY2025_Q2_10-Q_2024-11-30.pdf,"Condensed consolidated statements of operations, PDF p.7 (filing p.4)",calculated,GAAP,= REV_050 - COGS_010/011 - COGS_020 - COGS_030,exact_millions,extracted,self_checked,
COGS_060,FY2025_Q2,0.7095,pct,SRC-004,ORCL_FY2025_Q2_10-Q_2024-11-30.pdf,"Condensed consolidated statements of operations, PDF p.7 (filing p.4)",calculated,GAAP,= COGS_050 / REV_050,exact_millions,extracted,self_checked,
OPEX_010,FY2025_Q2,2190,USD_m,SRC-004,ORCL_FY2025_Q2_10-Q_2024-11-30.pdf,"Condensed consolidated statements of operations, PDF p.7 (filing p.4)",reported,GAAP,,exact_millions,extracted,self_checked,
OPEX_020,FY2025_Q2,2471,USD_m,SRC-004,ORCL_FY2025_Q2_10-Q_2024-11-30.pdf,"Condensed consolidated statements of operations, PDF p.7 (filing p.4)",reported,GAAP,,exact_millions,extracted,self_checked,
OPEX_030,FY2025_Q2,387,USD_m,SRC-004,ORCL_FY2025_Q2_10-Q_2024-11-30.pdf,"Condensed consolidated statements of operations, PDF p.7 (filing p.4)",reported,GAAP,,exact_millions,extracted,self_checked,
OPEX_040,FY2025_Q2,591,USD_m,SRC-004,ORCL_FY2025_Q2_10-Q_2024-11-30.pdf,"Condensed consolidated statements of operations, PDF p.7 (filing p.4)",reported,GAAP,,exact_millions,extracted,self_checked,
OPEX_050,FY2025_Q2,31,USD_m,SRC-004,ORCL_FY2025_Q2_10-Q_2024-11-30.pdf,"Condensed consolidated statements of operations, PDF p.7 (filing p.4)",reported,GAAP,,exact_millions,extracted,self_checked,
OPEX_060,FY2025_Q2,84,USD_m,SRC-004,ORCL_FY2025_Q2_10-Q_2024-11-30.pdf,"Condensed consolidated statements of operations, PDF p.7 (filing p.4)",reported,GAAP,,exact_millions,extracted,self_checked,
OPEX_070,FY2025_Q2,1169,USD_m,SRC-004,ORCL_FY2025_Q2_10-Q_2024-11-30.pdf,"Condensed consolidated statements of cash flows, PDF p.10 (filing p.7)",calculated,GAAP,"=YTD(6mo) 2,176 - YTD(Q1) 1,007",exact_millions,extracted,self_checked,"Cross-check release non-GAAP SBC table (3mo) 1,170 (diff 1, rounding)."
OPEX_080,FY2025_Q2,9839,USD_m,SRC-004,ORCL_FY2025_Q2_10-Q_2024-11-30.pdf,"Condensed consolidated statements of operations, PDF p.7 (filing p.4)",calculated,GAAP,= sum COGS_010/011..030 + OPEX_010..060/065,exact_millions,extracted,self_checked,Ties filed total.
PROF_010,FY2025_Q2,4220,USD_m,SRC-004,ORCL_FY2025_Q2_10-Q_2024-11-30.pdf,"Condensed consolidated statements of operations, PDF p.7 (filing p.4)",reported,GAAP,,exact_millions,extracted,self_checked,
PROF_020,FY2025_Q2,0.3002,pct,SRC-004,ORCL_FY2025_Q2_10-Q_2024-11-30.pdf,"Condensed consolidated statements of operations, PDF p.7 (filing p.4)",calculated,GAAP,= PROF_010 / REV_050,exact_millions,extracted,self_checked,Release 30%.
PROF_030,FY2025_Q2,6096,USD_m,SRC-010,ORCL_FY2025_Q2_Earnings_Release_2024-12-09.pdf,"Reconciliation of selected GAAP to non-GAAP measures (3-month), PDF p.4-5",reported,non-GAAP,,exact_millions,extracted,self_checked,"GAAP 4,220+adj 1,876."
PROF_040,FY2025_Q2,0.4336,pct,SRC-010,ORCL_FY2025_Q2_Earnings_Release_2024-12-09.pdf,"Reconciliation of selected GAAP to non-GAAP measures (3-month), PDF p.4-5",calculated,non-GAAP,= PROF_030 / REV_050,exact_millions,extracted,self_checked,Release 43%.
PROF_050,FY2025_Q2,866,USD_m,SRC-004,ORCL_FY2025_Q2_10-Q_2024-11-30.pdf,"Condensed consolidated statements of operations, PDF p.7 (filing p.4)",reported,GAAP,,exact_millions,extracted,self_checked,
PROF_060,FY2025_Q2,36,USD_m,SRC-004,ORCL_FY2025_Q2_10-Q_2024-11-30.pdf,"Condensed consolidated statements of operations, PDF p.7 (filing p.4)",reported,GAAP,,exact_millions,extracted,self_checked,
PROF_065,FY2025_Q2,149,USD_m,SRC-004,ORCL_FY2025_Q2_10-Q_2024-11-30.pdf,"Non-operating income note - interest income, PDF p.14",supplemental,GAAP,,exact_millions,extracted,self_checked,
PROF_070,FY2025_Q2,3390,USD_m,SRC-004,ORCL_FY2025_Q2_10-Q_2024-11-30.pdf,"Condensed consolidated statements of operations, PDF p.7 (filing p.4)",reported,GAAP,identity,exact_millions,extracted,self_checked,
PROF_080,FY2025_Q2,239,USD_m,SRC-004,ORCL_FY2025_Q2_10-Q_2024-11-30.pdf,"Condensed consolidated statements of operations, PDF p.7 (filing p.4)",reported,GAAP,,exact_millions,extracted,self_checked,
PROF_090,FY2025_Q2,0.0705,pct,SRC-004,ORCL_FY2025_Q2_10-Q_2024-11-30.pdf,"Condensed consolidated statements of operations, PDF p.7 (filing p.4)",calculated,GAAP,= PROF_080 / PROF_070,exact_millions,extracted,self_checked,
PROF_100,FY2025_Q2,3151,USD_m,SRC-004,ORCL_FY2025_Q2_10-Q_2024-11-30.pdf,"Condensed consolidated statements of operations, PDF p.7 (filing p.4)",reported,GAAP,,exact_millions,extracted,self_checked,
PROF_110,FY2025_Q2,4207,USD_m,SRC-010,ORCL_FY2025_Q2_Earnings_Release_2024-12-09.pdf,"Reconciliation of selected GAAP to non-GAAP measures (3-month), PDF p.4-5",reported,non-GAAP,,exact_millions,extracted,self_checked,
PROF_120,FY2025_Q2,1.1,USD_per_share,SRC-004,ORCL_FY2025_Q2_10-Q_2024-11-30.pdf,"Condensed consolidated statements of operations, PDF p.7 (filing p.4)",reported,GAAP,,usd_cents,extracted,self_checked,Basic 1.13.
PROF_130,FY2025_Q2,1.47,USD_per_share,SRC-010,ORCL_FY2025_Q2_Earnings_Release_2024-12-09.pdf,"Reconciliation of selected GAAP to non-GAAP measures (3-month), PDF p.4-5",reported,non-GAAP,,usd_cents,extracted,self_checked,
PROF_140,FY2025_Q2,908,USD_m,SRC-004,ORCL_FY2025_Q2_10-Q_2024-11-30.pdf,"Condensed consolidated statements of cash flows, PDF p.10 (filing p.7)",calculated,GAAP,"=YTD(6mo) 1,712 - YTD(Q1) 804",exact_millions,extracted,self_checked,
PROF_150,FY2025_Q2,1499,USD_m,SRC-004,ORCL_FY2025_Q2_10-Q_2024-11-30.pdf,"Condensed consolidated statements of cash flows, PDF p.10 (filing p.7)",calculated,GAAP,"=908+(1,215-624)",exact_millions,extracted,self_checked,
PROF_160,FY2025_Q2,5719,USD_m,SRC-004,ORCL_FY2025_Q2_10-Q_2024-11-30.pdf,"Condensed consolidated statements of operations, PDF p.7 (filing p.4)",calculated,GAAP,"=4220+908+591 (D-014 primary, provisional)",exact_millions,extracted,self_checked,
CF_015,FY2025_Q2,1304,USD_m,SRC-004,ORCL_FY2025_Q2_10-Q_2024-11-30.pdf,"Condensed consolidated statements of cash flows, PDF p.10 (filing p.7)",calculated,GAAP,"=YTD(6mo) 8,731 - YTD(Q1) 7,427",exact_millions,extracted,self_checked,Large working-capital swing (tax-payable timing); see extraction log.
CF_025,FY2025_Q2,3970,USD_m,SRC-004,ORCL_FY2025_Q2_10-Q_2024-11-30.pdf,"Condensed consolidated statements of cash flows, PDF p.10 (filing p.7)",calculated,GAAP,"=YTD(6mo) 6,273 - YTD(Q1) 2,303",exact_millions,extracted,self_checked,
CF_030,FY2025_Q2,-2666,USD_m,SRC-004,ORCL_FY2025_Q2_10-Q_2024-11-30.pdf,"Condensed consolidated statements of cash flows, PDF p.10 (filing p.7)",calculated,GAAP,=CF_015-CF_025,exact_millions,extracted,self_checked,
CF_050,FY2025_Q2,6210,USD_m,SRC-004,ORCL_FY2025_Q2_10-Q_2024-11-30.pdf,"Condensed consolidated statements of cash flows, PDF p.10 (filing p.7)",calculated,GAAP,"=YTD 11,837(senior notes/term loan)-YTD(Q1) 5,627",exact_millions,extracted,self_checked,
CF_060,FY2025_Q2,2070,USD_m,SRC-004,ORCL_FY2025_Q2_10-Q_2024-11-30.pdf,"Condensed consolidated statements of cash flows, PDF p.10 (filing p.7)",calculated,GAAP,"=YTD 9,700-YTD(Q1) 7,630",exact_millions,extracted,self_checked,
CF_070,FY2025_Q2,128,USD_m,SRC-004,ORCL_FY2025_Q2_10-Q_2024-11-30.pdf,"Condensed consolidated statements of cash flows, PDF p.10 (filing p.7)",calculated,GAAP,=YTD 307-YTD(Q1) 179,exact_millions,extracted,self_checked,
CF_080,FY2025_Q2,1118,USD_m,SRC-004,ORCL_FY2025_Q2_10-Q_2024-11-30.pdf,"Condensed consolidated statements of cash flows, PDF p.10 (filing p.7)",calculated,GAAP,"=YTD 2,221-YTD(Q1) 1,103",exact_millions,extracted,self_checked,
CF_090,FY2025_Q2,150,USD_m,SRC-004,ORCL_FY2025_Q2_10-Q_2024-11-30.pdf,"Condensed consolidated statements of cash flows, PDF p.10 (filing p.7)",calculated,GAAP,=YTD 300-YTD(Q1) 150,exact_millions,extracted,self_checked,
CF_110,FY2025_Q2,325,USD_m,SRC-004,ORCL_FY2025_Q2_10-Q_2024-11-30.pdf,"Condensed consolidated balance sheets, PDF p.5 (filing p.3)",calculated,GAAP,"=BS_010(Nov30)-BS_010(Aug31)=10,941-10,616",exact_millions,extracted,self_checked,
BS_010,FY2025_Q2,10941,USD_m,SRC-004,ORCL_FY2025_Q2_10-Q_2024-11-30.pdf,"Condensed consolidated balance sheets, PDF p.5 (filing p.3)",reported,GAAP,,exact_millions,extracted,self_checked,
BS_020,FY2025_Q2,370,USD_m,SRC-004,ORCL_FY2025_Q2_10-Q_2024-11-30.pdf,"Condensed consolidated balance sheets, PDF p.5 (filing p.3)",reported,GAAP,,exact_millions,extracted,self_checked,
BS_030,FY2025_Q2,11311,USD_m,SRC-004,ORCL_FY2025_Q2_10-Q_2024-11-30.pdf,"Condensed consolidated balance sheets, PDF p.5 (filing p.3)",calculated,GAAP,= BS_010 + BS_020,exact_millions,extracted,self_checked,
BS_040,FY2025_Q2,26432,USD_m,SRC-004,ORCL_FY2025_Q2_10-Q_2024-11-30.pdf,"Condensed consolidated balance sheets, PDF p.5 (filing p.3)",reported,GAAP,,exact_millions,extracted,self_checked,
BS_070,FY2025_Q2,9430,USD_m,SRC-004,ORCL_FY2025_Q2_10-Q_2024-11-30.pdf,"Condensed consolidated balance sheets, PDF p.5 (filing p.3)",reported,GAAP,,exact_millions,extracted,self_checked,Current only.
BS_080,FY2025_Q2,8177,USD_m,SRC-004,ORCL_FY2025_Q2_10-Q_2024-11-30.pdf,"Condensed consolidated balance sheets, PDF p.5 (filing p.3)",reported,GAAP,,exact_millions,extracted,self_checked,
BS_090,FY2025_Q2,148483,USD_m,SRC-004,ORCL_FY2025_Q2_10-Q_2024-11-30.pdf,"Condensed consolidated balance sheets, PDF p.5 (filing p.3)",reported,GAAP,,exact_millions,extracted,self_checked,
BS_100,FY2025_Q2,14236,USD_m,SRC-004,ORCL_FY2025_Q2_10-Q_2024-11-30.pdf,"Condensed consolidated balance sheets, PDF p.5 (filing p.3)",reported,GAAP,,exact_millions,extracted,self_checked,Incl. NCI 490.
DEBT_010,FY2025_Q2,8162,USD_m,SRC-004,ORCL_FY2025_Q2_10-Q_2024-11-30.pdf,"Condensed consolidated balance sheets, PDF p.5 (filing p.3)",reported,GAAP,,exact_millions,extracted,self_checked,
DEBT_020,FY2025_Q2,80462,USD_m,SRC-004,ORCL_FY2025_Q2_10-Q_2024-11-30.pdf,"Condensed consolidated balance sheets, PDF p.5 (filing p.3)",reported,GAAP,,exact_millions,extracted,self_checked,
DEBT_030,FY2025_Q2,88624,USD_m,SRC-004,ORCL_FY2025_Q2_10-Q_2024-11-30.pdf,"Condensed consolidated balance sheets, PDF p.5 (filing p.3)",calculated,GAAP,= DEBT_010 + DEBT_020,exact_millions,extracted,self_checked,
DEBT_040,FY2025_Q2,77313,USD_m,SRC-004,ORCL_FY2025_Q2_10-Q_2024-11-30.pdf,"Condensed consolidated balance sheets, PDF p.5 (filing p.3)",calculated,GAAP,= DEBT_030 - BS_030,exact_millions,extracted,self_checked,
DEBT_070,FY2025_Q2,36700,USD_m,SRC-004,ORCL_FY2025_Q2_10-Q_2024-11-30.pdf,"MD&A - operating lease commitments, PDF p.28",supplemental,GAAP,,billions_1dp,extracted,self_checked,'$36.7 billion' as of Nov 30 2024.
DEBT_100,FY2025_Q2,0,USD_m,SRC-004,ORCL_FY2025_Q2_10-Q_2024-11-30.pdf,"Condensed consolidated balance sheets, PDF p.5 (filing p.3)",reported,GAAP,,exact_millions,extracted,self_checked,
DEBT_110,FY2025_Q2,0,USD_m,SRC-004,ORCL_FY2025_Q2_10-Q_2024-11-30.pdf,"Condensed consolidated statements of operations, PDF p.7 (filing p.4)",reported,GAAP,,exact_millions,extracted,self_checked,
SHARE_010,FY2025_Q2,2790,shares_m,SRC-004,ORCL_FY2025_Q2_10-Q_2024-11-30.pdf,"Condensed consolidated statements of operations, PDF p.7 (filing p.4)",reported,GAAP,,exact_millions,extracted,self_checked,
SHARE_020,FY2025_Q2,2869,shares_m,SRC-004,ORCL_FY2025_Q2_10-Q_2024-11-30.pdf,"Condensed consolidated statements of operations, PDF p.7 (filing p.4)",reported,GAAP,,exact_millions,extracted,self_checked,
SHARE_030,FY2025_Q2,79,shares_m,SRC-004,ORCL_FY2025_Q2_10-Q_2024-11-30.pdf,"Condensed consolidated statements of operations, PDF p.7 (filing p.4)",calculated,GAAP,= SHARE_020 - SHARE_010,exact_millions,extracted,self_checked,
SHARE_040,FY2025_Q2,2796,shares_m,SRC-004,ORCL_FY2025_Q2_10-Q_2024-11-30.pdf,"Condensed consolidated balance sheets, PDF p.5 (filing p.3)",reported,GAAP,,exact_millions,extracted,self_checked,
SHARE_070,FY2025_Q2,150,USD_m,SRC-004,ORCL_FY2025_Q2_10-Q_2024-11-30.pdf,"Condensed consolidated statements of cash flows, PDF p.10 (filing p.7)",calculated,GAAP,=YTD 300-YTD(Q1)150,exact_millions,extracted,self_checked,
KPI_010,FY2025_Q2,0.18,pct,SRC-010,ORCL_FY2025_Q2_Earnings_Release_2024-12-09.pdf,"Q2 FY2025 earnings release headline bullets, PDF p.1",supplemental,non-GAAP,,whole_percent,extracted,self_checked,"Fusion Cloud ERP $0.9B, +18% USD/+17% CC."
KPI_020,FY2025_Q2,0.2,pct,SRC-010,ORCL_FY2025_Q2_Earnings_Release_2024-12-09.pdf,"Q2 FY2025 earnings release headline bullets, PDF p.1",supplemental,non-GAAP,,whole_percent,extracted,self_checked,"NetSuite $0.9B, +20% USD/+19% CC."
RPO_010,FY2025_Q2,97.3,USD_b,SRC-004,ORCL_FY2025_Q2_10-Q_2024-11-30.pdf,"Revenue recognition note - remaining performance obligations, PDF p.11",reported,GAAP,,billions_1dp,extracted,self_checked,'$97.3 billion' as of Nov 30 2024; release headline '$97 billion' (+49%).
RPO_020,FY2025_Q2,0.39,pct,SRC-004,ORCL_FY2025_Q2_10-Q_2024-11-30.pdf,"Revenue recognition note - remaining performance obligations, PDF p.11",reported,GAAP,,whole_percent,extracted,self_checked,'approximately 39%'.
RPO_030,FY2025_Q2,37.9,USD_b,SRC-004,ORCL_FY2025_Q2_10-Q_2024-11-30.pdf,"Revenue recognition note - remaining performance obligations, PDF p.11",calculated,GAAP,=97.3*0.39,billions_1dp,extracted,self_checked,
RPO_050,FY2025_Q2,39%/39%/19%/rem,buckets,SRC-004,ORCL_FY2025_Q2_10-Q_2024-11-30.pdf,"Revenue recognition note - remaining performance obligations, PDF p.11",reported,GAAP,,whole_percent,extracted,self_checked,
REV_010,FY2025_Q3,11007,USD_m,SRC-005,ORCL_FY2025_Q3_10-Q_2025-02-28.pdf,"Condensed consolidated statements of operations, PDF p.7 (filing p.4)",reported,GAAP,,exact_millions,extracted,self_checked,
REV_020,FY2025_Q3,1129,USD_m,SRC-005,ORCL_FY2025_Q3_10-Q_2025-02-28.pdf,"Condensed consolidated statements of operations, PDF p.7 (filing p.4)",reported,GAAP,,exact_millions,extracted,self_checked,
REV_030,FY2025_Q3,703,USD_m,SRC-005,ORCL_FY2025_Q3_10-Q_2025-02-28.pdf,"Condensed consolidated statements of operations, PDF p.7 (filing p.4)",reported,GAAP,,exact_millions,extracted,self_checked,
REV_040,FY2025_Q3,1291,USD_m,SRC-005,ORCL_FY2025_Q3_10-Q_2025-02-28.pdf,"Condensed consolidated statements of operations, PDF p.7 (filing p.4)",reported,GAAP,,exact_millions,extracted,self_checked,
REV_050,FY2025_Q3,14130,USD_m,SRC-005,ORCL_FY2025_Q3_10-Q_2025-02-28.pdf,"Condensed consolidated statements of operations, PDF p.7 (filing p.4)",reported,GAAP,,exact_millions,extracted,self_checked,
REV_060,FY2025_Q3,0.06,pct,SRC-011,ORCL_FY2025_Q3_Earnings_Release_2025-03-10.pdf,"Q3 FY2025 earnings release headline bullets, PDF p.1",reported,GAAP,,whole_percent,extracted,self_checked,+6% USD/+8% CC.
REV_070,FY2025_Q3,0.08,pct,SRC-011,ORCL_FY2025_Q3_Earnings_Release_2025-03-10.pdf,"Q3 FY2025 earnings release headline bullets, PDF p.1",reported,GAAP,,whole_percent,extracted,self_checked,
REV_110,FY2025_Q3,6210,USD_m,SRC-005,ORCL_FY2025_Q3_10-Q_2025-02-28.pdf,"Revenue recognition note - by offerings, PDF p.21",reported,GAAP,,exact_millions,extracted,self_checked,'Cloud services' 3mo footnote; ties release '$6.2B +23%'.
REV_115,FY2025_Q3,0.23,pct,SRC-011,ORCL_FY2025_Q3_Earnings_Release_2025-03-10.pdf,"Q3 FY2025 earnings release headline bullets, PDF p.1",reported,GAAP,,whole_percent,extracted,self_checked,
REV_120,FY2025_Q3,2652,USD_m,SRC-013,ORCL_FY2026_Q1_Earnings_Release_2025-09-09.pdf,"Supplemental analysis of GAAP revenues (incl. FY25 quarterly comparatives), PDF p.9-10",supplemental,GAAP,,exact_millions,extracted,self_checked,Exact millions from SRC-013 comparative table; original headline '$2.7B +49%'.
REV_125,FY2025_Q3,0.49,pct,SRC-011,ORCL_FY2025_Q3_Earnings_Release_2025-03-10.pdf,"Q3 FY2025 earnings release headline bullets, PDF p.1",reported,GAAP,,whole_percent,extracted,self_checked,headline.
REV_130,FY2025_Q3,3558,USD_m,SRC-013,ORCL_FY2026_Q1_Earnings_Release_2025-09-09.pdf,"Supplemental analysis of GAAP revenues (incl. FY25 quarterly comparatives), PDF p.9-10",supplemental,GAAP,,exact_millions,extracted,self_checked,Exact millions from SRC-013; original headline '$3.6B +9%'.
REV_135,FY2025_Q3,0.09,pct,SRC-011,ORCL_FY2025_Q3_Earnings_Release_2025-03-10.pdf,"Q3 FY2025 earnings release headline bullets, PDF p.1",reported,GAAP,,whole_percent,extracted,self_checked,headline.
REV_140,FY2025_Q3,6210,USD_m,SRC-005,ORCL_FY2025_Q3_10-Q_2025-02-28.pdf,"Revenue recognition note - by offerings, PDF p.21",reported,GAAP,,exact_millions,extracted,self_checked,
REV_145,FY2025_Q3,4797,USD_m,SRC-005,ORCL_FY2025_Q3_10-Q_2025-02-28.pdf,"Revenue recognition note - by offerings, PDF p.21",reported,GAAP,,exact_millions,extracted,self_checked,
REV_310,FY2025_Q3,2652,USD_m,SRC-013,ORCL_FY2026_Q1_Earnings_Release_2025-09-09.pdf,"Supplemental analysis of GAAP revenues (incl. FY25 quarterly comparatives), PDF p.9-10",calculated,GAAP,=REV_120,exact_millions,extracted,self_checked,
REV_320,FY2025_Q3,3558,USD_m,SRC-013,ORCL_FY2026_Q1_Earnings_Release_2025-09-09.pdf,"Supplemental analysis of GAAP revenues (incl. FY25 quarterly comparatives), PDF p.9-10",calculated,GAAP,=REV_130,exact_millions,extracted,self_checked,
REV_330,FY2025_Q3,4797,USD_m,SRC-005,ORCL_FY2025_Q3_10-Q_2025-02-28.pdf,"Revenue recognition note - by offerings, PDF p.21",calculated,GAAP,=REV_010-REV_110=REV_145 exact,exact_millions,extracted,self_checked,"11,007-6,210=4,797."
REV_340,FY2025_Q3,1129,USD_m,SRC-005,ORCL_FY2025_Q3_10-Q_2025-02-28.pdf,"Condensed consolidated statements of operations, PDF p.7 (filing p.4)",calculated,GAAP,=REV_020,exact_millions,extracted,self_checked,
REV_350,FY2025_Q3,703,USD_m,SRC-005,ORCL_FY2025_Q3_10-Q_2025-02-28.pdf,"Condensed consolidated statements of operations, PDF p.7 (filing p.4)",calculated,GAAP,=REV_030,exact_millions,extracted,self_checked,
REV_360,FY2025_Q3,1291,USD_m,SRC-005,ORCL_FY2025_Q3_10-Q_2025-02-28.pdf,"Condensed consolidated statements of operations, PDF p.7 (filing p.4)",calculated,GAAP,=REV_040,exact_millions,extracted,self_checked,
REV_370,FY2025_Q3,14130,USD_m,SRC-005,ORCL_FY2025_Q3_10-Q_2025-02-28.pdf,"Condensed consolidated statements of operations, PDF p.7 (filing p.4)",calculated,GAAP,=sum streams,exact_millions,extracted,self_checked,2652+3558+4797+1129+703+1291=14130 (CHECK_020 pass).
COGS_010,FY2025_Q3,2882,USD_m,SRC-005,ORCL_FY2025_Q3_10-Q_2025-02-28.pdf,"Condensed consolidated statements of operations, PDF p.7 (filing p.4)",reported,GAAP,,exact_millions,extracted,self_checked,
COGS_020,FY2025_Q3,197,USD_m,SRC-005,ORCL_FY2025_Q3_10-Q_2025-02-28.pdf,"Condensed consolidated statements of operations, PDF p.7 (filing p.4)",reported,GAAP,,exact_millions,extracted,self_checked,
COGS_030,FY2025_Q3,1116,USD_m,SRC-005,ORCL_FY2025_Q3_10-Q_2025-02-28.pdf,"Condensed consolidated statements of operations, PDF p.7 (filing p.4)",reported,GAAP,,exact_millions,extracted,self_checked,
COGS_050,FY2025_Q3,9935,USD_m,SRC-005,ORCL_FY2025_Q3_10-Q_2025-02-28.pdf,"Condensed consolidated statements of operations, PDF p.7 (filing p.4)",calculated,GAAP,= REV_050 - COGS_010/011 - COGS_020 - COGS_030,exact_millions,extracted,self_checked,
COGS_060,FY2025_Q3,0.7031,pct,SRC-005,ORCL_FY2025_Q3_10-Q_2025-02-28.pdf,"Condensed consolidated statements of operations, PDF p.7 (filing p.4)",calculated,GAAP,= COGS_050 / REV_050,exact_millions,extracted,self_checked,
OPEX_010,FY2025_Q3,2119,USD_m,SRC-005,ORCL_FY2025_Q3_10-Q_2025-02-28.pdf,"Condensed consolidated statements of operations, PDF p.7 (filing p.4)",reported,GAAP,,exact_millions,extracted,self_checked,
OPEX_020,FY2025_Q3,2429,USD_m,SRC-005,ORCL_FY2025_Q3_10-Q_2025-02-28.pdf,"Condensed consolidated statements of operations, PDF p.7 (filing p.4)",reported,GAAP,,exact_millions,extracted,self_checked,
OPEX_030,FY2025_Q3,390,USD_m,SRC-005,ORCL_FY2025_Q3_10-Q_2025-02-28.pdf,"Condensed consolidated statements of operations, PDF p.7 (filing p.4)",reported,GAAP,,exact_millions,extracted,self_checked,
OPEX_040,FY2025_Q3,548,USD_m,SRC-005,ORCL_FY2025_Q3_10-Q_2025-02-28.pdf,"Condensed consolidated statements of operations, PDF p.7 (filing p.4)",reported,GAAP,,exact_millions,extracted,self_checked,
OPEX_050,FY2025_Q3,28,USD_m,SRC-005,ORCL_FY2025_Q3_10-Q_2025-02-28.pdf,"Condensed consolidated statements of operations, PDF p.7 (filing p.4)",reported,GAAP,,exact_millions,extracted,self_checked,
OPEX_060,FY2025_Q3,63,USD_m,SRC-005,ORCL_FY2025_Q3_10-Q_2025-02-28.pdf,"Condensed consolidated statements of operations, PDF p.7 (filing p.4)",reported,GAAP,,exact_millions,extracted,self_checked,
OPEX_070,FY2025_Q3,1198,USD_m,SRC-005,ORCL_FY2025_Q3_10-Q_2025-02-28.pdf,"Condensed consolidated statements of cash flows, PDF p.10 (filing p.7)",calculated,GAAP,"=YTD(9mo) 3,374-YTD(6mo) 2,176",exact_millions,extracted,self_checked,"Ties release non-GAAP SBC table (3mo) 1,198 exactly."
OPEX_080,FY2025_Q3,9772,USD_m,SRC-005,ORCL_FY2025_Q3_10-Q_2025-02-28.pdf,"Condensed consolidated statements of operations, PDF p.7 (filing p.4)",calculated,GAAP,= sum COGS_010/011..030 + OPEX_010..060/065,exact_millions,extracted,self_checked,Ties filed total.
PROF_010,FY2025_Q3,4358,USD_m,SRC-005,ORCL_FY2025_Q3_10-Q_2025-02-28.pdf,"Condensed consolidated statements of operations, PDF p.7 (filing p.4)",reported,GAAP,,exact_millions,extracted,self_checked,
PROF_020,FY2025_Q3,0.3085,pct,SRC-005,ORCL_FY2025_Q3_10-Q_2025-02-28.pdf,"Condensed consolidated statements of operations, PDF p.7 (filing p.4)",calculated,GAAP,= PROF_010 / REV_050,exact_millions,extracted,self_checked,Release 31%.
PROF_030,FY2025_Q3,6195,USD_m,SRC-011,ORCL_FY2025_Q3_Earnings_Release_2025-03-10.pdf,"Reconciliation of selected GAAP to non-GAAP measures (3-month), PDF p.4-5",reported,non-GAAP,,exact_millions,extracted,self_checked,"GAAP 4,358+adj 1,837."
PROF_040,FY2025_Q3,0.4384,pct,SRC-011,ORCL_FY2025_Q3_Earnings_Release_2025-03-10.pdf,"Reconciliation of selected GAAP to non-GAAP measures (3-month), PDF p.4-5",calculated,non-GAAP,= PROF_030 / REV_050,exact_millions,extracted,self_checked,Release 44%.
PROF_050,FY2025_Q3,892,USD_m,SRC-005,ORCL_FY2025_Q3_10-Q_2025-02-28.pdf,"Condensed consolidated statements of operations, PDF p.7 (filing p.4)",reported,GAAP,,exact_millions,extracted,self_checked,
PROF_060,FY2025_Q3,-18,USD_m,SRC-005,ORCL_FY2025_Q3_10-Q_2025-02-28.pdf,"Condensed consolidated statements of operations, PDF p.7 (filing p.4)",reported,GAAP,,exact_millions,extracted,self_checked,"Caption 'Non-operating expenses, net'."
PROF_065,FY2025_Q3,135,USD_m,SRC-005,ORCL_FY2025_Q3_10-Q_2025-02-28.pdf,"Non-operating income note - interest income, PDF p.14",supplemental,GAAP,,exact_millions,extracted,self_checked,
PROF_070,FY2025_Q3,3448,USD_m,SRC-005,ORCL_FY2025_Q3_10-Q_2025-02-28.pdf,"Condensed consolidated statements of operations, PDF p.7 (filing p.4)",reported,GAAP,identity,exact_millions,extracted,self_checked,
PROF_080,FY2025_Q3,512,USD_m,SRC-005,ORCL_FY2025_Q3_10-Q_2025-02-28.pdf,"Condensed consolidated statements of operations, PDF p.7 (filing p.4)",reported,GAAP,,exact_millions,extracted,self_checked,
PROF_090,FY2025_Q3,0.1485,pct,SRC-005,ORCL_FY2025_Q3_10-Q_2025-02-28.pdf,"Condensed consolidated statements of operations, PDF p.7 (filing p.4)",calculated,GAAP,= PROF_080 / PROF_070,exact_millions,extracted,self_checked,
PROF_100,FY2025_Q3,2936,USD_m,SRC-005,ORCL_FY2025_Q3_10-Q_2025-02-28.pdf,"Condensed consolidated statements of operations, PDF p.7 (filing p.4)",reported,GAAP,,exact_millions,extracted,self_checked,
PROF_110,FY2025_Q3,4231,USD_m,SRC-011,ORCL_FY2025_Q3_Earnings_Release_2025-03-10.pdf,"Reconciliation of selected GAAP to non-GAAP measures (3-month), PDF p.4-5",reported,non-GAAP,,exact_millions,extracted,self_checked,
PROF_120,FY2025_Q3,1.02,USD_per_share,SRC-005,ORCL_FY2025_Q3_10-Q_2025-02-28.pdf,"Condensed consolidated statements of operations, PDF p.7 (filing p.4)",reported,GAAP,,usd_cents,extracted,self_checked,Basic 1.05.
PROF_130,FY2025_Q3,1.47,USD_per_share,SRC-011,ORCL_FY2025_Q3_Earnings_Release_2025-03-10.pdf,"Reconciliation of selected GAAP to non-GAAP measures (3-month), PDF p.4-5",reported,non-GAAP,,usd_cents,extracted,self_checked,
PROF_140,FY2025_Q3,1003,USD_m,SRC-005,ORCL_FY2025_Q3_10-Q_2025-02-28.pdf,"Condensed consolidated statements of cash flows, PDF p.10 (filing p.7)",calculated,GAAP,"=YTD(9mo)2,715-YTD(6mo)1,712",exact_millions,extracted,self_checked,
PROF_150,FY2025_Q3,1551,USD_m,SRC-005,ORCL_FY2025_Q3_10-Q_2025-02-28.pdf,"Condensed consolidated statements of cash flows, PDF p.10 (filing p.7)",calculated,GAAP,"=1003+(1,763-1,215)",exact_millions,extracted,self_checked,
PROF_160,FY2025_Q3,5909,USD_m,SRC-005,ORCL_FY2025_Q3_10-Q_2025-02-28.pdf,"Condensed consolidated statements of operations, PDF p.7 (filing p.4)",calculated,GAAP,"=4358+1003+548 (D-014 primary, provisional)",exact_millions,extracted,self_checked,
CF_015,FY2025_Q3,5933,USD_m,SRC-005,ORCL_FY2025_Q3_10-Q_2025-02-28.pdf,"Condensed consolidated statements of cash flows, PDF p.10 (filing p.7)",calculated,GAAP,"=YTD(9mo)14,664-YTD(6mo)8,731",exact_millions,extracted,self_checked,
CF_025,FY2025_Q3,5862,USD_m,SRC-005,ORCL_FY2025_Q3_10-Q_2025-02-28.pdf,"Condensed consolidated statements of cash flows, PDF p.10 (filing p.7)",calculated,GAAP,"=YTD(9mo)12,135-YTD(6mo)6,273",exact_millions,extracted,self_checked,
CF_030,FY2025_Q3,71,USD_m,SRC-005,ORCL_FY2025_Q3_10-Q_2025-02-28.pdf,"Condensed consolidated statements of cash flows, PDF p.10 (filing p.7)",calculated,GAAP,=CF_015-CF_025,exact_millions,extracted,self_checked,
CF_050,FY2025_Q3,7711,USD_m,SRC-005,ORCL_FY2025_Q3_10-Q_2025-02-28.pdf,"Condensed consolidated statements of cash flows, PDF p.10 (filing p.7)",calculated,GAAP,"=YTD(9mo)19,548-YTD(6mo)11,837",exact_millions,extracted,self_checked,
CF_060,FY2025_Q3,71,USD_m,SRC-005,ORCL_FY2025_Q3_10-Q_2025-02-28.pdf,"Condensed consolidated statements of cash flows, PDF p.10 (filing p.7)",calculated,GAAP,"=YTD(9mo)9,771-YTD(6mo)9,700",exact_millions,extracted,self_checked,
CF_070,FY2025_Q3,213,USD_m,SRC-005,ORCL_FY2025_Q3_10-Q_2025-02-28.pdf,"Condensed consolidated statements of cash flows, PDF p.10 (filing p.7)",calculated,GAAP,=YTD(9mo)520-YTD(6mo)307,exact_millions,extracted,self_checked,
CF_080,FY2025_Q3,1119,USD_m,SRC-005,ORCL_FY2025_Q3_10-Q_2025-02-28.pdf,"Condensed consolidated statements of cash flows, PDF p.10 (filing p.7)",calculated,GAAP,"=YTD(9mo)3,340-YTD(6mo)2,221",exact_millions,extracted,self_checked,
CF_090,FY2025_Q3,150,USD_m,SRC-005,ORCL_FY2025_Q3_10-Q_2025-02-28.pdf,"Condensed consolidated statements of cash flows, PDF p.10 (filing p.7)",calculated,GAAP,=YTD(9mo)450-YTD(6mo)300,exact_millions,extracted,self_checked,
CF_110,FY2025_Q3,6465,USD_m,SRC-005,ORCL_FY2025_Q3_10-Q_2025-02-28.pdf,"Condensed consolidated balance sheets, PDF p.5 (filing p.3)",calculated,GAAP,"=BS_010(Feb28)-BS_010(Nov30)=17,406-10,941",exact_millions,extracted,self_checked,
BS_010,FY2025_Q3,17406,USD_m,SRC-005,ORCL_FY2025_Q3_10-Q_2025-02-28.pdf,"Condensed consolidated balance sheets, PDF p.5 (filing p.3)",reported,GAAP,,exact_millions,extracted,self_checked,
BS_020,FY2025_Q3,417,USD_m,SRC-005,ORCL_FY2025_Q3_10-Q_2025-02-28.pdf,"Condensed consolidated balance sheets, PDF p.5 (filing p.3)",reported,GAAP,,exact_millions,extracted,self_checked,
BS_030,FY2025_Q3,17823,USD_m,SRC-005,ORCL_FY2025_Q3_10-Q_2025-02-28.pdf,"Condensed consolidated balance sheets, PDF p.5 (filing p.3)",calculated,GAAP,= BS_010 + BS_020,exact_millions,extracted,self_checked,
BS_040,FY2025_Q3,31970,USD_m,SRC-005,ORCL_FY2025_Q3_10-Q_2025-02-28.pdf,"Condensed consolidated balance sheets, PDF p.5 (filing p.3)",reported,GAAP,,exact_millions,extracted,self_checked,
BS_070,FY2025_Q3,9019,USD_m,SRC-005,ORCL_FY2025_Q3_10-Q_2025-02-28.pdf,"Condensed consolidated balance sheets, PDF p.5 (filing p.3)",reported,GAAP,,exact_millions,extracted,self_checked,Current only.
BS_080,FY2025_Q3,8051,USD_m,SRC-005,ORCL_FY2025_Q3_10-Q_2025-02-28.pdf,"Condensed consolidated balance sheets, PDF p.5 (filing p.3)",reported,GAAP,,exact_millions,extracted,self_checked,
BS_090,FY2025_Q3,161378,USD_m,SRC-005,ORCL_FY2025_Q3_10-Q_2025-02-28.pdf,"Condensed consolidated balance sheets, PDF p.5 (filing p.3)",reported,GAAP,,exact_millions,extracted,self_checked,
BS_100,FY2025_Q3,17261,USD_m,SRC-005,ORCL_FY2025_Q3_10-Q_2025-02-28.pdf,"Condensed consolidated balance sheets, PDF p.5 (filing p.3)",reported,GAAP,,exact_millions,extracted,self_checked,Incl. NCI 531.
DEBT_010,FY2025_Q3,8167,USD_m,SRC-005,ORCL_FY2025_Q3_10-Q_2025-02-28.pdf,"Condensed consolidated balance sheets, PDF p.5 (filing p.3)",reported,GAAP,,exact_millions,extracted,self_checked,
DEBT_020,FY2025_Q3,88109,USD_m,SRC-005,ORCL_FY2025_Q3_10-Q_2025-02-28.pdf,"Condensed consolidated balance sheets, PDF p.5 (filing p.3)",reported,GAAP,,exact_millions,extracted,self_checked,
DEBT_030,FY2025_Q3,96276,USD_m,SRC-005,ORCL_FY2025_Q3_10-Q_2025-02-28.pdf,"Condensed consolidated balance sheets, PDF p.5 (filing p.3)",calculated,GAAP,= DEBT_010 + DEBT_020,exact_millions,extracted,self_checked,
DEBT_040,FY2025_Q3,78453,USD_m,SRC-005,ORCL_FY2025_Q3_10-Q_2025-02-28.pdf,"Condensed consolidated balance sheets, PDF p.5 (filing p.3)",calculated,GAAP,= DEBT_030 - BS_030,exact_millions,extracted,self_checked,
DEBT_070,FY2025_Q3,48400,USD_m,SRC-005,ORCL_FY2025_Q3_10-Q_2025-02-28.pdf,"MD&A - operating lease commitments, PDF p.28",supplemental,GAAP,,billions_1dp,extracted,self_checked,'$48.4 billion' as of Feb 28 2025.
DEBT_100,FY2025_Q3,0,USD_m,SRC-005,ORCL_FY2025_Q3_10-Q_2025-02-28.pdf,"Condensed consolidated balance sheets, PDF p.5 (filing p.3)",reported,GAAP,,exact_millions,extracted,self_checked,
DEBT_110,FY2025_Q3,0,USD_m,SRC-005,ORCL_FY2025_Q3_10-Q_2025-02-28.pdf,"Condensed consolidated statements of operations, PDF p.7 (filing p.4)",reported,GAAP,,exact_millions,extracted,self_checked,
SHARE_010,FY2025_Q3,2799,shares_m,SRC-005,ORCL_FY2025_Q3_10-Q_2025-02-28.pdf,"Condensed consolidated statements of operations, PDF p.7 (filing p.4)",reported,GAAP,,exact_millions,extracted,self_checked,
SHARE_020,FY2025_Q3,2874,shares_m,SRC-005,ORCL_FY2025_Q3_10-Q_2025-02-28.pdf,"Condensed consolidated statements of operations, PDF p.7 (filing p.4)",reported,GAAP,,exact_millions,extracted,self_checked,
SHARE_030,FY2025_Q3,75,shares_m,SRC-005,ORCL_FY2025_Q3_10-Q_2025-02-28.pdf,"Condensed consolidated statements of operations, PDF p.7 (filing p.4)",calculated,GAAP,= SHARE_020 - SHARE_010,exact_millions,extracted,self_checked,
SHARE_040,FY2025_Q3,2803,shares_m,SRC-005,ORCL_FY2025_Q3_10-Q_2025-02-28.pdf,"Condensed consolidated balance sheets, PDF p.5 (filing p.3)",reported,GAAP,,exact_millions,extracted,self_checked,
SHARE_070,FY2025_Q3,150,USD_m,SRC-005,ORCL_FY2025_Q3_10-Q_2025-02-28.pdf,"Condensed consolidated statements of cash flows, PDF p.10 (filing p.7)",calculated,GAAP,=YTD(9mo)450-YTD(6mo)300,exact_millions,extracted,self_checked,
KPI_010,FY2025_Q3,0.16,pct,SRC-011,ORCL_FY2025_Q3_Earnings_Release_2025-03-10.pdf,"Q3 FY2025 earnings release headline bullets, PDF p.1",supplemental,non-GAAP,,whole_percent,extracted,self_checked,"Fusion Cloud ERP $0.9B, +16% USD/+18% CC."
KPI_020,FY2025_Q3,0.16,pct,SRC-011,ORCL_FY2025_Q3_Earnings_Release_2025-03-10.pdf,"Q3 FY2025 earnings release headline bullets, PDF p.1",supplemental,non-GAAP,,whole_percent,extracted,self_checked,"NetSuite $0.9B, +16% USD/+17% CC."
RPO_010,FY2025_Q3,130.2,USD_b,SRC-005,ORCL_FY2025_Q3_10-Q_2025-02-28.pdf,"Revenue recognition note - remaining performance obligations, PDF p.11",reported,GAAP,,billions_1dp,extracted,self_checked,'$130.2 billion' as of Feb 28 2025; release headline '$130 billion' (+62%).
RPO_020,FY2025_Q3,0.31,pct,SRC-005,ORCL_FY2025_Q3_10-Q_2025-02-28.pdf,"Revenue recognition note - remaining performance obligations, PDF p.11",reported,GAAP,,whole_percent,extracted,self_checked,'approximately 31%'.
RPO_030,FY2025_Q3,40.4,USD_b,SRC-005,ORCL_FY2025_Q3_10-Q_2025-02-28.pdf,"Revenue recognition note - remaining performance obligations, PDF p.11",calculated,GAAP,=130.2*0.31,billions_1dp,extracted,self_checked,
RPO_050,FY2025_Q3,31%/40%/25%/rem,buckets,SRC-005,ORCL_FY2025_Q3_10-Q_2025-02-28.pdf,"Revenue recognition note - remaining performance obligations, PDF p.11",reported,GAAP,,whole_percent,extracted,self_checked,
REV_010,FY2025_Q4,11698,USD_m,SRC-012,ORCL_FY2025_Q4_Earnings_Release_2025-06-11.pdf,"Q4/FY2025 earnings release, GAAP statements PDF p.3-4",reported,GAAP,,exact_millions,extracted,self_checked,"Directly reported standalone Q4. Validation: FY 44,029-9M 32,331=11,698 (diff 0)."
REV_020,FY2025_Q4,2007,USD_m,SRC-012,ORCL_FY2025_Q4_Earnings_Release_2025-06-11.pdf,"Q4/FY2025 earnings release, GAAP statements PDF p.3-4",reported,GAAP,,exact_millions,extracted,self_checked,"Validation: 5,201-3,194=2,007 (diff 0)."
REV_030,FY2025_Q4,850,USD_m,SRC-012,ORCL_FY2025_Q4_Earnings_Release_2025-06-11.pdf,"Q4/FY2025 earnings release, GAAP statements PDF p.3-4",reported,GAAP,,exact_millions,extracted,self_checked,"Validation: 2,936-2,086=850 (diff 0)."
REV_040,FY2025_Q4,1348,USD_m,SRC-012,ORCL_FY2025_Q4_Earnings_Release_2025-06-11.pdf,"Q4/FY2025 earnings release, GAAP statements PDF p.3-4",reported,GAAP,,exact_millions,extracted,self_checked,"Validation: 5,233-3,885=1,348 (diff 0)."
REV_050,FY2025_Q4,15903,USD_m,SRC-012,ORCL_FY2025_Q4_Earnings_Release_2025-06-11.pdf,"Q4/FY2025 earnings release, GAAP statements PDF p.3-4",reported,GAAP,,exact_millions,extracted,self_checked,"Validation: 57,399-41,496=15,903 (diff 0)."
REV_060,FY2025_Q4,0.11,pct,SRC-012,ORCL_FY2025_Q4_Earnings_Release_2025-06-11.pdf,"Q4/FY2025 earnings release, GAAP statements PDF p.3-4",reported,GAAP,,whole_percent,extracted,self_checked,+11% USD/+11% CC.
REV_070,FY2025_Q4,0.11,pct,SRC-012,ORCL_FY2025_Q4_Earnings_Release_2025-06-11.pdf,"Q4/FY2025 earnings release, GAAP statements PDF p.3-4",reported,GAAP,,whole_percent,extracted,self_checked,
REV_110,FY2025_Q4,6737,USD_m,SRC-012,ORCL_FY2025_Q4_Earnings_Release_2025-06-11.pdf,"Q4/FY2025 earnings release, GAAP statements PDF p.3-4",calculated,GAAP,"=FY 24,506(K25OFF)-9M 17,769(Q3_25OFF)",exact_millions,extracted,self_checked,Validation: release headline '$6.7B +27%' (pass).
REV_115,FY2025_Q4,0.27,pct,SRC-012,ORCL_FY2025_Q4_Earnings_Release_2025-06-11.pdf,"Q4/FY2025 earnings release, GAAP statements PDF p.3-4",reported,GAAP,,whole_percent,extracted,self_checked,headline.
REV_120,FY2025_Q4,2995,USD_m,SRC-013,ORCL_FY2026_Q1_Earnings_Release_2025-09-09.pdf,"Supplemental analysis of GAAP revenues (incl. FY25 quarterly comparatives), PDF p.9-10",supplemental,GAAP,,exact_millions,extracted,self_checked,Exact millions from SRC-013 comparative table; original release headline '$3.0B +52%'.
REV_125,FY2025_Q4,0.52,pct,SRC-012,ORCL_FY2025_Q4_Earnings_Release_2025-06-11.pdf,"Q4/FY2025 earnings release, GAAP statements PDF p.3-4",reported,GAAP,,whole_percent,extracted,self_checked,headline.
REV_130,FY2025_Q4,3742,USD_m,SRC-013,ORCL_FY2026_Q1_Earnings_Release_2025-09-09.pdf,"Supplemental analysis of GAAP revenues (incl. FY25 quarterly comparatives), PDF p.9-10",supplemental,GAAP,,exact_millions,extracted,self_checked,Exact millions from SRC-013; original headline '$3.7B +12%'.
REV_135,FY2025_Q4,0.12,pct,SRC-012,ORCL_FY2025_Q4_Earnings_Release_2025-06-11.pdf,"Q4/FY2025 earnings release, GAAP statements PDF p.3-4",reported,GAAP,,whole_percent,extracted,self_checked,headline.
REV_140,FY2025_Q4,6737,USD_m,SRC-002,ORCL_2025_10-K_FY_Ended_2025-05-31.pdf,"Revenue disaggregation by offerings, PDF p.172",calculated,GAAP,"=FY 24,506-9M 17,769",exact_millions,extracted,self_checked,=REV_110 identity.
REV_145,FY2025_Q4,4961,USD_m,SRC-002,ORCL_2025_10-K_FY_Ended_2025-05-31.pdf,"Revenue disaggregation by offerings, PDF p.172",calculated,GAAP,"=FY 19,523-9M 14,562",exact_millions,extracted,self_checked,"Cross-foot: 6,737+4,961=11,698=REV_010 (pass)."
REV_310,FY2025_Q4,2995,USD_m,SRC-013,ORCL_FY2026_Q1_Earnings_Release_2025-09-09.pdf,"Supplemental analysis of GAAP revenues (incl. FY25 quarterly comparatives), PDF p.9-10",calculated,GAAP,=REV_120,exact_millions,extracted,self_checked,
REV_320,FY2025_Q4,3742,USD_m,SRC-013,ORCL_FY2026_Q1_Earnings_Release_2025-09-09.pdf,"Supplemental analysis of GAAP revenues (incl. FY25 quarterly comparatives), PDF p.9-10",calculated,GAAP,=REV_130,exact_millions,extracted,self_checked,
REV_330,FY2025_Q4,4961,USD_m,SRC-002,ORCL_2025_10-K_FY_Ended_2025-05-31.pdf,"Revenue disaggregation by offerings, PDF p.172",calculated,GAAP,=REV_145,exact_millions,extracted,self_checked,
REV_340,FY2025_Q4,2007,USD_m,SRC-012,ORCL_FY2025_Q4_Earnings_Release_2025-06-11.pdf,"Q4/FY2025 earnings release, GAAP statements PDF p.3-4",calculated,GAAP,=REV_020,exact_millions,extracted,self_checked,
REV_350,FY2025_Q4,850,USD_m,SRC-012,ORCL_FY2025_Q4_Earnings_Release_2025-06-11.pdf,"Q4/FY2025 earnings release, GAAP statements PDF p.3-4",calculated,GAAP,=REV_030,exact_millions,extracted,self_checked,
REV_360,FY2025_Q4,1348,USD_m,SRC-012,ORCL_FY2025_Q4_Earnings_Release_2025-06-11.pdf,"Q4/FY2025 earnings release, GAAP statements PDF p.3-4",calculated,GAAP,=REV_040,exact_millions,extracted,self_checked,
REV_370,FY2025_Q4,15903,USD_m,SRC-012,ORCL_FY2025_Q4_Earnings_Release_2025-06-11.pdf,"Q4/FY2025 earnings release, GAAP statements PDF p.3-4",calculated,GAAP,=sum streams,exact_millions,extracted,self_checked,2995+3742+4961+2007+850+1348=15903 (CHECK_020 pass).
COGS_010,FY2025_Q4,3343,USD_m,SRC-012,ORCL_FY2025_Q4_Earnings_Release_2025-06-11.pdf,"Q4/FY2025 earnings release, GAAP statements PDF p.3-4",reported,GAAP,,exact_millions,extracted,self_checked,"Validation: 11,569-8,226=3,343 (diff 0)."
COGS_020,FY2025_Q4,252,USD_m,SRC-012,ORCL_FY2025_Q4_Earnings_Release_2025-06-11.pdf,"Q4/FY2025 earnings release, GAAP statements PDF p.3-4",reported,GAAP,,exact_millions,extracted,self_checked,Validation: 782-530=252 (diff 0).
COGS_030,FY2025_Q4,1145,USD_m,SRC-012,ORCL_FY2025_Q4_Earnings_Release_2025-06-11.pdf,"Q4/FY2025 earnings release, GAAP statements PDF p.3-4",reported,GAAP,,exact_millions,extracted,self_checked,"Validation: 4,576-3,430=1,146 (diff 1)."
COGS_050,FY2025_Q4,11163,USD_m,SRC-012,ORCL_FY2025_Q4_Earnings_Release_2025-06-11.pdf,"Q4/FY2025 earnings release, GAAP statements PDF p.3-4",calculated,GAAP,= REV_050 - COGS_010/011 - COGS_020 - COGS_030,exact_millions,extracted,self_checked,
COGS_060,FY2025_Q4,0.702,pct,SRC-012,ORCL_FY2025_Q4_Earnings_Release_2025-06-11.pdf,"Q4/FY2025 earnings release, GAAP statements PDF p.3-4",calculated,GAAP,= COGS_050 / REV_050,exact_millions,extracted,self_checked,
OPEX_010,FY2025_Q4,2306,USD_m,SRC-012,ORCL_FY2025_Q4_Earnings_Release_2025-06-11.pdf,"Q4/FY2025 earnings release, GAAP statements PDF p.3-4",reported,GAAP,,exact_millions,extracted,self_checked,Validation diff 0.
OPEX_020,FY2025_Q4,2654,USD_m,SRC-012,ORCL_FY2025_Q4_Earnings_Release_2025-06-11.pdf,"Q4/FY2025 earnings release, GAAP statements PDF p.3-4",reported,GAAP,,exact_millions,extracted,self_checked,Validation diff 0.
OPEX_030,FY2025_Q4,467,USD_m,SRC-012,ORCL_FY2025_Q4_Earnings_Release_2025-06-11.pdf,"Q4/FY2025 earnings release, GAAP statements PDF p.3-4",reported,GAAP,,exact_millions,extracted,self_checked,Validation diff 0.
OPEX_040,FY2025_Q4,544,USD_m,SRC-012,ORCL_FY2025_Q4_Earnings_Release_2025-06-11.pdf,"Q4/FY2025 earnings release, GAAP statements PDF p.3-4",reported,GAAP,,exact_millions,extracted,self_checked,Validation diff 0.
OPEX_050,FY2025_Q4,4,USD_m,SRC-012,ORCL_FY2025_Q4_Earnings_Release_2025-06-11.pdf,"Q4/FY2025 earnings release, GAAP statements PDF p.3-4",reported,GAAP,,exact_millions,extracted,self_checked,Validation: 75-72=3 (diff 1).
OPEX_060,FY2025_Q4,79,USD_m,SRC-012,ORCL_FY2025_Q4_Earnings_Release_2025-06-11.pdf,"Q4/FY2025 earnings release, GAAP statements PDF p.3-4",reported,GAAP,,exact_millions,extracted,self_checked,Validation diff 0.
OPEX_070,FY2025_Q4,1299,USD_m,SRC-012,ORCL_FY2025_Q4_Earnings_Release_2025-06-11.pdf,"Q4 reconciliation of GAAP to non-GAAP measures, PDF p.4-5",reported,GAAP,,exact_millions,extracted,self_checked,"Release non-GAAP SBC table. Validation: CF FY 4,674-9M 3,374=1,300 (diff 1)."
OPEX_080,FY2025_Q4,10794,USD_m,SRC-012,ORCL_FY2025_Q4_Earnings_Release_2025-06-11.pdf,"Q4/FY2025 earnings release, GAAP statements PDF p.3-4",calculated,GAAP,= sum COGS_010/011..030 + OPEX_010..060/065,exact_millions,extracted,self_checked,Ties filed total.
PROF_010,FY2025_Q4,5109,USD_m,SRC-012,ORCL_FY2025_Q4_Earnings_Release_2025-06-11.pdf,"Q4/FY2025 earnings release, GAAP statements PDF p.3-4",reported,GAAP,,exact_millions,extracted,self_checked,Validation diff 0.
PROF_020,FY2025_Q4,0.3212,pct,SRC-012,ORCL_FY2025_Q4_Earnings_Release_2025-06-11.pdf,"Q4/FY2025 earnings release, GAAP statements PDF p.3-4",calculated,GAAP,= PROF_010 / REV_050,exact_millions,extracted,self_checked,Release 32%.
PROF_030,FY2025_Q4,7035,USD_m,SRC-012,ORCL_FY2025_Q4_Earnings_Release_2025-06-11.pdf,"Q4 reconciliation of GAAP to non-GAAP measures, PDF p.4-5",reported,non-GAAP,,exact_millions,extracted,self_checked,"GAAP 5,109+adj 1,926."
PROF_040,FY2025_Q4,0.4424,pct,SRC-012,ORCL_FY2025_Q4_Earnings_Release_2025-06-11.pdf,"Q4 reconciliation of GAAP to non-GAAP measures, PDF p.4-5",calculated,non-GAAP,= PROF_030 / REV_050,exact_millions,extracted,self_checked,Release 44%.
PROF_050,FY2025_Q4,978,USD_m,SRC-012,ORCL_FY2025_Q4_Earnings_Release_2025-06-11.pdf,"Q4/FY2025 earnings release, GAAP statements PDF p.3-4",reported,GAAP,,exact_millions,extracted,self_checked,Validation diff 0.
PROF_060,FY2025_Q4,20,USD_m,SRC-012,ORCL_FY2025_Q4_Earnings_Release_2025-06-11.pdf,"Q4/FY2025 earnings release, GAAP statements PDF p.3-4",reported,GAAP,,exact_millions,extracted,self_checked,Validation: 60-39=21 (diff 1).
PROF_065,FY2025_Q4,160,USD_m,SRC-002,ORCL_2025_10-K_FY_Ended_2025-05-31.pdf,"Non-operating income note, PDF p.140",calculated,GAAP,=FY 578-9M 418,exact_millions,extracted,self_checked,
PROF_070,FY2025_Q4,4151,USD_m,SRC-012,ORCL_FY2025_Q4_Earnings_Release_2025-06-11.pdf,"Q4/FY2025 earnings release, GAAP statements PDF p.3-4",reported,GAAP,,exact_millions,extracted,self_checked,"Validation: 14,160-10,008=4,152 (diff 1)."
PROF_080,FY2025_Q4,724,USD_m,SRC-012,ORCL_FY2025_Q4_Earnings_Release_2025-06-11.pdf,"Q4/FY2025 earnings release, GAAP statements PDF p.3-4",reported,GAAP,,exact_millions,extracted,self_checked,"Validation: 1,717-992=725 (diff 1). GAAP ETR 17.5% per release."
PROF_090,FY2025_Q4,0.1744,pct,SRC-012,ORCL_FY2025_Q4_Earnings_Release_2025-06-11.pdf,"Q4/FY2025 earnings release, GAAP statements PDF p.3-4",calculated,GAAP,= PROF_080 / PROF_070,exact_millions,extracted,self_checked,
PROF_100,FY2025_Q4,3427,USD_m,SRC-012,ORCL_FY2025_Q4_Earnings_Release_2025-06-11.pdf,"Q4/FY2025 earnings release, GAAP statements PDF p.3-4",reported,GAAP,,exact_millions,extracted,self_checked,Validation diff 0.
PROF_110,FY2025_Q4,4881,USD_m,SRC-012,ORCL_FY2025_Q4_Earnings_Release_2025-06-11.pdf,"Q4 reconciliation of GAAP to non-GAAP measures, PDF p.4-5",reported,non-GAAP,,exact_millions,extracted,self_checked,
PROF_120,FY2025_Q4,1.19,USD_per_share,SRC-012,ORCL_FY2025_Q4_Earnings_Release_2025-06-11.pdf,"Q4/FY2025 earnings release, GAAP statements PDF p.3-4",reported,GAAP,,usd_cents,extracted,self_checked,Basic 1.22.
PROF_130,FY2025_Q4,1.7,USD_per_share,SRC-012,ORCL_FY2025_Q4_Earnings_Release_2025-06-11.pdf,"Q4 reconciliation of GAAP to non-GAAP measures, PDF p.4-5",reported,non-GAAP,,usd_cents,extracted,self_checked,
PROF_140,FY2025_Q4,1152,USD_m,SRC-002,ORCL_2025_10-K_FY_Ended_2025-05-31.pdf,"Consolidated statements of cash flows, PDF p.113",calculated,GAAP,"=FY 3,867-9M 2,715",exact_millions,extracted,self_checked,C-02 predecessor series.
PROF_150,FY2025_Q4,1696,USD_m,SRC-002,ORCL_2025_10-K_FY_Ended_2025-05-31.pdf,"Consolidated statements of cash flows, PDF p.113",calculated,GAAP,"=1152+(2,307-1,763)",exact_millions,extracted,self_checked,
PROF_160,FY2025_Q4,6805,USD_m,SRC-012,ORCL_FY2025_Q4_Earnings_Release_2025-06-11.pdf,"Q4/FY2025 earnings release, GAAP statements PDF p.3-4",calculated,GAAP,"=5109+1152+544 (D-014 primary, provisional)",exact_millions,extracted,self_checked,
CF_015,FY2025_Q4,6157,USD_m,SRC-002,ORCL_2025_10-K_FY_Ended_2025-05-31.pdf,"Consolidated statements of cash flows, PDF p.113",calculated,GAAP,"=FY OCF 20,821-9M 14,664",exact_millions,extracted,self_checked,
CF_025,FY2025_Q4,9080,USD_m,SRC-002,ORCL_2025_10-K_FY_Ended_2025-05-31.pdf,"Consolidated statements of cash flows, PDF p.113",calculated,GAAP,"=FY capex 21,215-9M 12,135",exact_millions,extracted,self_checked,
CF_030,FY2025_Q4,-2923,USD_m,SRC-002,ORCL_2025_10-K_FY_Ended_2025-05-31.pdf,"Consolidated statements of cash flows, PDF p.113",calculated,GAAP,=CF_015-CF_025,exact_millions,extracted,self_checked,
CF_035,FY2025_Q4,-394,USD_m,SRC-013,ORCL_FY2026_Q1_Earnings_Release_2025-09-09.pdf,"Free cash flow trailing 4-quarters table, PDF p.8",supplemental,non-GAAP,,exact_millions,extracted,self_checked,"Oracle TTM FCF at FY25 Q4 (=FY total): 20,821-21,215=-394 (exact tie)."
CF_050,FY2025_Q4,0,USD_m,SRC-002,ORCL_2025_10-K_FY_Ended_2025-05-31.pdf,"Consolidated statements of cash flows, PDF p.113",calculated,GAAP,"=FY 19,548(senior notes/term loan)-9M 19,548",exact_millions,extracted,self_checked,No new senior-note/term-loan issuance in Q4 FY25.
CF_060,FY2025_Q4,6070,USD_m,SRC-002,ORCL_2025_10-K_FY_Ended_2025-05-31.pdf,"Consolidated statements of cash flows, PDF p.113",calculated,GAAP,"=FY 15,841-9M 9,771",exact_millions,extracted,self_checked,
CF_070,FY2025_Q4,133,USD_m,SRC-002,ORCL_2025_10-K_FY_Ended_2025-05-31.pdf,"Consolidated statements of cash flows, PDF p.113",calculated,GAAP,=FY 653-9M 520,exact_millions,extracted,self_checked,
CF_080,FY2025_Q4,1403,USD_m,SRC-002,ORCL_2025_10-K_FY_Ended_2025-05-31.pdf,"Consolidated statements of cash flows, PDF p.113",calculated,GAAP,"=FY 4,743-9M 3,340",exact_millions,extracted,self_checked,
CF_090,FY2025_Q4,150,USD_m,SRC-002,ORCL_2025_10-K_FY_Ended_2025-05-31.pdf,"Consolidated statements of cash flows, PDF p.113",calculated,GAAP,=FY 600-9M 450,exact_millions,extracted,self_checked,
CF_110,FY2025_Q4,-6620,USD_m,SRC-002,ORCL_2025_10-K_FY_Ended_2025-05-31.pdf,"Consolidated balance sheets, PDF p.109 (filing ~p.63)",calculated,GAAP,"=BS_010(May31'25)10,786-BS_010(Feb28'25)17,406",exact_millions,extracted,self_checked,"CF check: FY net increase 332 - 9M net increase 6,952 = -6,620 (diff 0, CHECK_100 pass)."
BS_010,FY2025_Q4,10786,USD_m,SRC-002,ORCL_2025_10-K_FY_Ended_2025-05-31.pdf,"Consolidated balance sheets, PDF p.109 (filing ~p.63)",reported,GAAP,,exact_millions,extracted,self_checked,
BS_020,FY2025_Q4,417,USD_m,SRC-002,ORCL_2025_10-K_FY_Ended_2025-05-31.pdf,"Consolidated balance sheets, PDF p.109 (filing ~p.63)",reported,GAAP,,exact_millions,extracted,self_checked,
BS_030,FY2025_Q4,11203,USD_m,SRC-002,ORCL_2025_10-K_FY_Ended_2025-05-31.pdf,"Consolidated balance sheets, PDF p.109 (filing ~p.63)",calculated,GAAP,= BS_010 + BS_020,exact_millions,extracted,self_checked,
BS_040,FY2025_Q4,43522,USD_m,SRC-002,ORCL_2025_10-K_FY_Ended_2025-05-31.pdf,"Consolidated balance sheets, PDF p.109 (filing ~p.63)",reported,GAAP,,exact_millions,extracted,self_checked,
BS_050,FY2025_Q4,16510,USD_m,SRC-002,ORCL_2025_10-K_FY_Ended_2025-05-31.pdf,"Note 4 Property, plant and equipment, PDF p.141",supplemental,GAAP,,exact_millions,extracted,self_checked,Construction in progress.
BS_060,FY2025_Q4,13145,USD_m,SRC-002,ORCL_2025_10-K_FY_Ended_2025-05-31.pdf,"Note 9 Leases - supplemental balance sheet information, PDF p.153",reported,GAAP,,exact_millions,extracted,self_checked,First quarter this breakout is disclosed (10-K annual).
BS_070,FY2025_Q4,9387,USD_m,SRC-002,ORCL_2025_10-K_FY_Ended_2025-05-31.pdf,"Consolidated balance sheets, PDF p.109 (filing ~p.63)",reported,GAAP,,exact_millions,extracted,self_checked,Current only.
BS_080,FY2025_Q4,8558,USD_m,SRC-002,ORCL_2025_10-K_FY_Ended_2025-05-31.pdf,"Consolidated balance sheets, PDF p.109 (filing ~p.63)",reported,GAAP,,exact_millions,extracted,self_checked,
BS_090,FY2025_Q4,168361,USD_m,SRC-002,ORCL_2025_10-K_FY_Ended_2025-05-31.pdf,"Consolidated balance sheets, PDF p.109 (filing ~p.63)",reported,GAAP,,exact_millions,extracted,self_checked,
BS_100,FY2025_Q4,20969,USD_m,SRC-002,ORCL_2025_10-K_FY_Ended_2025-05-31.pdf,"Consolidated balance sheets, PDF p.109 (filing ~p.63)",reported,GAAP,,exact_millions,extracted,self_checked,Incl. NCI 518.
DEBT_010,FY2025_Q4,7271,USD_m,SRC-002,ORCL_2025_10-K_FY_Ended_2025-05-31.pdf,"Consolidated balance sheets, PDF p.109 (filing ~p.63)",reported,GAAP,,exact_millions,extracted,self_checked,
DEBT_020,FY2025_Q4,85297,USD_m,SRC-002,ORCL_2025_10-K_FY_Ended_2025-05-31.pdf,"Consolidated balance sheets, PDF p.109 (filing ~p.63)",reported,GAAP,,exact_millions,extracted,self_checked,
DEBT_030,FY2025_Q4,92568,USD_m,SRC-002,ORCL_2025_10-K_FY_Ended_2025-05-31.pdf,"Consolidated balance sheets, PDF p.109 (filing ~p.63)",calculated,GAAP,=DEBT_010+DEBT_020,exact_millions,extracted,self_checked,"Ties Note 6 total notes payable and other borrowings 92,568."
DEBT_040,FY2025_Q4,81365,USD_m,SRC-002,ORCL_2025_10-K_FY_Ended_2025-05-31.pdf,"Consolidated balance sheets, PDF p.109 (filing ~p.63)",calculated,GAAP,= DEBT_030 - BS_030,exact_millions,extracted,self_checked,
DEBT_050,FY2025_Q4,1914,USD_m,SRC-002,ORCL_2025_10-K_FY_Ended_2025-05-31.pdf,"Note 9 Leases - supplemental balance sheet information, PDF p.153",supplemental,GAAP,,exact_millions,extracted,self_checked,First quarter disclosed (10-K annual).
DEBT_060,FY2025_Q4,11536,USD_m,SRC-002,ORCL_2025_10-K_FY_Ended_2025-05-31.pdf,"Note 9 Leases - supplemental balance sheet information, PDF p.153",reported,GAAP,,exact_millions,extracted,self_checked,Also on balance-sheet face.
DEBT_070,FY2025_Q4,43400,USD_m,SRC-002,ORCL_2025_10-K_FY_Ended_2025-05-31.pdf,"Note 9 Leases - additional (uncommenced) lease commitments, PDF p.154",supplemental,GAAP,,billions_1dp,extracted,self_checked,"'$43.4 billion' as of May 31 2025, commencing FY26-FY28, 10-16yr terms."
DEBT_080,FY2025_Q4,92917,USD_m,SRC-024,ORCL_2026_10-K_FY_Ended_2026-05-31.pdf,"Note 6 Notes payable and other borrowings, PDF p.85-86",supplemental,GAAP,,exact_millions,extracted,self_checked,Total senior notes and other borrowings (gross principal) at May 31 2025 (comparative column of FY26 10-K Note 6).
DEBT_100,FY2025_Q4,0,USD_m,SRC-002,ORCL_2025_10-K_FY_Ended_2025-05-31.pdf,"Consolidated balance sheets, PDF p.109 (filing ~p.63)",reported,GAAP,,exact_millions,extracted,self_checked,
DEBT_110,FY2025_Q4,0,USD_m,SRC-002,ORCL_2025_10-K_FY_Ended_2025-05-31.pdf,"Consolidated statements of operations, PDF p.111 (filing ~p.65)",reported,GAAP,,exact_millions,extracted,self_checked,
SHARE_010,FY2025_Q4,2805,shares_m,SRC-012,ORCL_FY2025_Q4_Earnings_Release_2025-06-11.pdf,"Q4/FY2025 earnings release, GAAP statements PDF p.3-4",reported,GAAP,,exact_millions,extracted,self_checked,
SHARE_020,FY2025_Q4,2871,shares_m,SRC-012,ORCL_FY2025_Q4_Earnings_Release_2025-06-11.pdf,"Q4/FY2025 earnings release, GAAP statements PDF p.3-4",reported,GAAP,,exact_millions,extracted,self_checked,
SHARE_030,FY2025_Q4,66,shares_m,SRC-012,ORCL_FY2025_Q4_Earnings_Release_2025-06-11.pdf,"Q4/FY2025 earnings release, GAAP statements PDF p.3-4",calculated,GAAP,= SHARE_020 - SHARE_010,exact_millions,extracted,self_checked,
SHARE_040,FY2025_Q4,2807,shares_m,SRC-002,ORCL_2025_10-K_FY_Ended_2025-05-31.pdf,"Consolidated balance sheets, PDF p.109 (filing ~p.63)",reported,GAAP,,exact_millions,extracted,self_checked,Period-end common shares per 10-K balance sheet (May 31 2025).
SHARE_070,FY2025_Q4,150,USD_m,SRC-002,ORCL_2025_10-K_FY_Ended_2025-05-31.pdf,"Consolidated statements of cash flows, PDF p.113",calculated,GAAP,=FY 600-9M 450,exact_millions,extracted,self_checked,
KPI_010,FY2025_Q4,0.22,pct,SRC-012,ORCL_FY2025_Q4_Earnings_Release_2025-06-11.pdf,"Q4/FY2025 earnings release, GAAP statements PDF p.3-4",supplemental,non-GAAP,,whole_percent,extracted,self_checked,"Fusion Cloud ERP $1.0B, +22%."
KPI_020,FY2025_Q4,0.18,pct,SRC-012,ORCL_FY2025_Q4_Earnings_Release_2025-06-11.pdf,"Q4/FY2025 earnings release, GAAP statements PDF p.3-4",supplemental,non-GAAP,,whole_percent,extracted,self_checked,"NetSuite $1.0B, +18%."
RPO_010,FY2025_Q4,137.8,USD_b,SRC-002,ORCL_2025_10-K_FY_Ended_2025-05-31.pdf,"MD&A - remaining performance obligations, PDF p.124",reported,GAAP,,billions_1dp,extracted,self_checked,10-K MD&A '$137.8 billion' as of May 31 2025; release headline '$138 billion' (+41%).
RPO_020,FY2025_Q4,0.33,pct,SRC-002,ORCL_2025_10-K_FY_Ended_2025-05-31.pdf,"MD&A - remaining performance obligations, PDF p.124",reported,GAAP,,whole_percent,extracted,self_checked,'approximately 33%'.
RPO_030,FY2025_Q4,45.5,USD_b,SRC-002,ORCL_2025_10-K_FY_Ended_2025-05-31.pdf,"MD&A - remaining performance obligations, PDF p.124",calculated,GAAP,=137.8*0.33,billions_1dp,extracted,self_checked,
RPO_040,FY2025_Q4,0.41,pct,SRC-012,ORCL_FY2025_Q4_Earnings_Release_2025-06-11.pdf,"Q4/FY2025 earnings release, GAAP statements PDF p.3-4",reported,GAAP,,whole_percent,extracted,self_checked,Release-stated +41%.
RPO_050,FY2025_Q4,33%/41%/23%/rem,buckets,SRC-002,ORCL_2025_10-K_FY_Ended_2025-05-31.pdf,"MD&A - remaining performance obligations, PDF p.124",reported,GAAP,,whole_percent,extracted,self_checked,
CAP_030,FY2025_Q4,not disclosed pre-FY26,text,SRC-002,ORCL_2025_10-K_FY_Ended_2025-05-31.pdf,"MD&A - remaining performance obligations, PDF p.124",reported,GAAP,,whole_percent,extracted,self_checked,Net cash capex metric not introduced until FY26 Q4 disclosure; FY25 has no equivalent.
REV_010,FY2025_annual,44029,USD_m,SRC-002,ORCL_2025_10-K_FY_Ended_2025-05-31.pdf,"Consolidated statements of operations, PDF p.111 (filing ~p.65)",reported,GAAP,,exact_millions,extracted,self_checked,
REV_020,FY2025_annual,5201,USD_m,SRC-002,ORCL_2025_10-K_FY_Ended_2025-05-31.pdf,"Consolidated statements of operations, PDF p.111 (filing ~p.65)",reported,GAAP,,exact_millions,extracted,self_checked,
REV_030,FY2025_annual,2936,USD_m,SRC-002,ORCL_2025_10-K_FY_Ended_2025-05-31.pdf,"Consolidated statements of operations, PDF p.111 (filing ~p.65)",reported,GAAP,,exact_millions,extracted,self_checked,
REV_040,FY2025_annual,5233,USD_m,SRC-002,ORCL_2025_10-K_FY_Ended_2025-05-31.pdf,"Consolidated statements of operations, PDF p.111 (filing ~p.65)",reported,GAAP,,exact_millions,extracted,self_checked,
REV_050,FY2025_annual,57399,USD_m,SRC-002,ORCL_2025_10-K_FY_Ended_2025-05-31.pdf,"Consolidated statements of operations, PDF p.111 (filing ~p.65)",reported,GAAP,,exact_millions,extracted,self_checked,
REV_060,FY2025_annual,0.08,pct,SRC-012,ORCL_FY2025_Q4_Earnings_Release_2025-06-11.pdf,"Q4/FY2025 earnings release, GAAP statements PDF p.3-4",reported,GAAP,,whole_percent,extracted,self_checked,+8% USD/+9% CC.
REV_070,FY2025_annual,0.09,pct,SRC-012,ORCL_FY2025_Q4_Earnings_Release_2025-06-11.pdf,"Q4/FY2025 earnings release, GAAP statements PDF p.3-4",reported,GAAP,,whole_percent,extracted,self_checked,
REV_110,FY2025_annual,24506,USD_m,SRC-002,ORCL_2025_10-K_FY_Ended_2025-05-31.pdf,"Revenue disaggregation by offerings, PDF p.172",supplemental,GAAP,,exact_millions,extracted,self_checked,"'Cloud services' annual, = filed REV_110 identity."
REV_115,FY2025_annual,0.24,pct,SRC-012,ORCL_FY2025_Q4_Earnings_Release_2025-06-11.pdf,"Q4/FY2025 earnings release, GAAP statements PDF p.3-4",supplemental,GAAP,,whole_percent,extracted,self_checked,
REV_120,FY2025_annual,10234,USD_m,SRC-013,ORCL_FY2026_Q1_Earnings_Release_2025-09-09.pdf,"Supplemental analysis of GAAP revenues (incl. FY25 quarterly comparatives), PDF p.9-10",supplemental,GAAP,,exact_millions,extracted,self_checked,"Cloud infrastructure FY25 total, exact millions (SRC-013 comparative). Headline growth: 50% USD."
REV_130,FY2025_annual,14272,USD_m,SRC-013,ORCL_FY2026_Q1_Earnings_Release_2025-09-09.pdf,"Supplemental analysis of GAAP revenues (incl. FY25 quarterly comparatives), PDF p.9-10",supplemental,GAAP,,exact_millions,extracted,self_checked,Cloud applications FY25 total. Headline growth 10% USD.
REV_145,FY2025_annual,19523,USD_m,SRC-002,ORCL_2025_10-K_FY_Ended_2025-05-31.pdf,"Revenue disaggregation by offerings, PDF p.172",supplemental,GAAP,,exact_millions,extracted,self_checked,License support FY25 total.
COGS_010,FY2025_annual,11569,USD_m,SRC-002,ORCL_2025_10-K_FY_Ended_2025-05-31.pdf,"Consolidated statements of operations, PDF p.111 (filing ~p.65)",reported,GAAP,,exact_millions,extracted,self_checked,
COGS_020,FY2025_annual,782,USD_m,SRC-002,ORCL_2025_10-K_FY_Ended_2025-05-31.pdf,"Consolidated statements of operations, PDF p.111 (filing ~p.65)",reported,GAAP,,exact_millions,extracted,self_checked,
COGS_030,FY2025_annual,4576,USD_m,SRC-002,ORCL_2025_10-K_FY_Ended_2025-05-31.pdf,"Consolidated statements of operations, PDF p.111 (filing ~p.65)",reported,GAAP,,exact_millions,extracted,self_checked,
OPEX_010,FY2025_annual,8651,USD_m,SRC-002,ORCL_2025_10-K_FY_Ended_2025-05-31.pdf,"Consolidated statements of operations, PDF p.111 (filing ~p.65)",reported,GAAP,,exact_millions,extracted,self_checked,
OPEX_020,FY2025_annual,9860,USD_m,SRC-002,ORCL_2025_10-K_FY_Ended_2025-05-31.pdf,"Consolidated statements of operations, PDF p.111 (filing ~p.65)",reported,GAAP,,exact_millions,extracted,self_checked,
OPEX_030,FY2025_annual,1602,USD_m,SRC-002,ORCL_2025_10-K_FY_Ended_2025-05-31.pdf,"Consolidated statements of operations, PDF p.111 (filing ~p.65)",reported,GAAP,,exact_millions,extracted,self_checked,
OPEX_040,FY2025_annual,2307,USD_m,SRC-002,ORCL_2025_10-K_FY_Ended_2025-05-31.pdf,"Consolidated statements of operations, PDF p.111 (filing ~p.65)",reported,GAAP,,exact_millions,extracted,self_checked,
OPEX_050,FY2025_annual,75,USD_m,SRC-002,ORCL_2025_10-K_FY_Ended_2025-05-31.pdf,"Consolidated statements of operations, PDF p.111 (filing ~p.65)",reported,GAAP,,exact_millions,extracted,self_checked,
OPEX_060,FY2025_annual,299,USD_m,SRC-002,ORCL_2025_10-K_FY_Ended_2025-05-31.pdf,"Consolidated statements of operations, PDF p.111 (filing ~p.65)",reported,GAAP,,exact_millions,extracted,self_checked,
OPEX_070,FY2025_annual,4674,USD_m,SRC-002,ORCL_2025_10-K_FY_Ended_2025-05-31.pdf,"Consolidated statements of cash flows, PDF p.113",supplemental,GAAP,,exact_millions,extracted,self_checked,
PROF_010,FY2025_annual,17678,USD_m,SRC-002,ORCL_2025_10-K_FY_Ended_2025-05-31.pdf,"Consolidated statements of operations, PDF p.111 (filing ~p.65)",reported,GAAP,,exact_millions,extracted,self_checked,
PROF_030,FY2025_annual,25033,USD_m,SRC-012,ORCL_FY2025_Q4_Earnings_Release_2025-06-11.pdf,"FY2025 YTD reconciliation of GAAP to non-GAAP measures, PDF p.7-8",reported,non-GAAP,,exact_millions,extracted,self_checked,FY non-GAAP operating income (margin 44%).
PROF_050,FY2025_annual,3578,USD_m,SRC-002,ORCL_2025_10-K_FY_Ended_2025-05-31.pdf,"Consolidated statements of operations, PDF p.111 (filing ~p.65)",reported,GAAP,,exact_millions,extracted,self_checked,
PROF_060,FY2025_annual,60,USD_m,SRC-002,ORCL_2025_10-K_FY_Ended_2025-05-31.pdf,"Consolidated statements of operations, PDF p.111 (filing ~p.65)",reported,GAAP,,exact_millions,extracted,self_checked,
PROF_065,FY2025_annual,578,USD_m,SRC-002,ORCL_2025_10-K_FY_Ended_2025-05-31.pdf,"Non-operating income note, PDF p.140",supplemental,GAAP,,exact_millions,extracted,self_checked,
PROF_070,FY2025_annual,14160,USD_m,SRC-002,ORCL_2025_10-K_FY_Ended_2025-05-31.pdf,"Consolidated statements of operations, PDF p.111 (filing ~p.65)",reported,GAAP,,exact_millions,extracted,self_checked,
PROF_080,FY2025_annual,1717,USD_m,SRC-002,ORCL_2025_10-K_FY_Ended_2025-05-31.pdf,"Consolidated statements of operations, PDF p.111 (filing ~p.65)",reported,GAAP,,exact_millions,extracted,self_checked,GAAP ETR 12.1%.
PROF_100,FY2025_annual,12443,USD_m,SRC-002,ORCL_2025_10-K_FY_Ended_2025-05-31.pdf,"Consolidated statements of operations, PDF p.111 (filing ~p.65)",reported,GAAP,,exact_millions,extracted,self_checked,
PROF_110,FY2025_annual,17284,USD_m,SRC-012,ORCL_FY2025_Q4_Earnings_Release_2025-06-11.pdf,"FY2025 YTD reconciliation of GAAP to non-GAAP measures, PDF p.7-8",reported,non-GAAP,,exact_millions,extracted,self_checked,
PROF_120,FY2025_annual,4.34,USD_per_share,SRC-002,ORCL_2025_10-K_FY_Ended_2025-05-31.pdf,"Consolidated statements of operations, PDF p.111 (filing ~p.65)",reported,GAAP,,usd_cents,extracted,self_checked,Basic 4.46.
PROF_130,FY2025_annual,6.03,USD_per_share,SRC-012,ORCL_FY2025_Q4_Earnings_Release_2025-06-11.pdf,"FY2025 YTD reconciliation of GAAP to non-GAAP measures, PDF p.7-8",reported,non-GAAP,,usd_cents,extracted,self_checked,
PROF_140,FY2025_annual,3867,USD_m,SRC-002,ORCL_2025_10-K_FY_Ended_2025-05-31.pdf,"Consolidated statements of cash flows, PDF p.113",reported,GAAP,,exact_millions,extracted,self_checked,
PROF_150,FY2025_annual,6174,USD_m,SRC-002,ORCL_2025_10-K_FY_Ended_2025-05-31.pdf,"Consolidated statements of cash flows, PDF p.113",calculated,GAAP,"=3,867+2,307",exact_millions,extracted,self_checked,
PROF_160,FY2025_annual,22292,USD_m,SRC-002,ORCL_2025_10-K_FY_Ended_2025-05-31.pdf,"Consolidated statements of operations, PDF p.111 (filing ~p.65)",calculated,GAAP,"=17,678+3,867+2,307 (D-014 primary, provisional)",exact_millions,extracted,self_checked,
CF_010,FY2025_annual,20821,USD_m,SRC-002,ORCL_2025_10-K_FY_Ended_2025-05-31.pdf,"Consolidated statements of cash flows, PDF p.113",reported,GAAP,,exact_millions,extracted,self_checked,
CF_020,FY2025_annual,21215,USD_m,SRC-002,ORCL_2025_10-K_FY_Ended_2025-05-31.pdf,"Consolidated statements of cash flows, PDF p.113",reported,GAAP,,exact_millions,extracted,self_checked,"Unpaid capex 2,970 non-cash addl."
CF_030,FY2025_annual,-394,USD_m,SRC-002,ORCL_2025_10-K_FY_Ended_2025-05-31.pdf,"Consolidated statements of cash flows, PDF p.113",calculated,GAAP,"=20,821-21,215",exact_millions,extracted,self_checked,Oracle-stated equivalent in TTM table.
CF_050,FY2025_annual,19548,USD_m,SRC-002,ORCL_2025_10-K_FY_Ended_2025-05-31.pdf,"Consolidated statements of cash flows, PDF p.113",reported,GAAP,,exact_millions,extracted,self_checked,"Senior notes/term loan issuance; CP net proceeds 1,889 separate."
CF_060,FY2025_annual,15841,USD_m,SRC-002,ORCL_2025_10-K_FY_Ended_2025-05-31.pdf,"Consolidated statements of cash flows, PDF p.113",reported,GAAP,,exact_millions,extracted,self_checked,
CF_070,FY2025_annual,653,USD_m,SRC-002,ORCL_2025_10-K_FY_Ended_2025-05-31.pdf,"Consolidated statements of cash flows, PDF p.113",reported,GAAP,,exact_millions,extracted,self_checked,No preferred/ATM in FY25.
CF_080,FY2025_annual,4743,USD_m,SRC-002,ORCL_2025_10-K_FY_Ended_2025-05-31.pdf,"Consolidated statements of cash flows, PDF p.113",reported,GAAP,,exact_millions,extracted,self_checked,
CF_090,FY2025_annual,600,USD_m,SRC-002,ORCL_2025_10-K_FY_Ended_2025-05-31.pdf,"Consolidated statements of cash flows, PDF p.113",reported,GAAP,,exact_millions,extracted,self_checked,Excl. 900 tax-withholding settlements.
BS_050,FY2025_annual,16510,USD_m,SRC-002,ORCL_2025_10-K_FY_Ended_2025-05-31.pdf,"Note 4 Property, plant and equipment, PDF p.141",supplemental,GAAP,,exact_millions,extracted,self_checked,
DEBT_080,FY2025_annual,92917,USD_m,SRC-002,ORCL_2025_10-K_FY_Ended_2025-05-31.pdf,"Consolidated balance sheets, PDF p.109 (filing ~p.63)",supplemental,GAAP,,exact_millions,extracted,self_checked,"Total senior notes and other borrowings (gross principal) - Note 6 total, FY25 column."
SHARE_010,FY2025_annual,2789,shares_m,SRC-002,ORCL_2025_10-K_FY_Ended_2025-05-31.pdf,"Consolidated statements of operations, PDF p.111 (filing ~p.65)",reported,GAAP,,exact_millions,extracted,self_checked,
SHARE_020,FY2025_annual,2866,shares_m,SRC-002,ORCL_2025_10-K_FY_Ended_2025-05-31.pdf,"Consolidated statements of operations, PDF p.111 (filing ~p.65)",reported,GAAP,,exact_millions,extracted,self_checked,
SHARE_050,FY2025_annual,0,shares_m,SRC-002,ORCL_2025_10-K_FY_Ended_2025-05-31.pdf,"Consolidated balance sheets, PDF p.109 (filing ~p.63)",reported,GAAP,,exact_millions,extracted,self_checked,No ATM program existed in FY25.
KPI_050,FY2025_annual,No customer >=10% of revenues,text,SRC-002,ORCL_2025_10-K_FY_Ended_2025-05-31.pdf,"Note 1 - concentrations of risk, PDF p.140 area",reported,GAAP,,whole_percent,extracted,self_checked,"'No single customer accounted for 10% or more of our total revenues in fiscal 2025, 2024 or [2023]' (FY25 10-K, same language pattern as FY26)."
RPO_050,FY2025_annual,33%/41%/23%/rem,buckets,SRC-002,ORCL_2025_10-K_FY_Ended_2025-05-31.pdf,"MD&A - remaining performance obligations, PDF p.124",reported,GAAP,,whole_percent,extracted,self_checked,
REV_011,FY2026_Q2,7977,USD_m,SRC-007,ORCL_FY2026_Q2_10-Q_2025-11-30.pdf,"Condensed consolidated statements of operations, PDF p.5 (filing p.2)",reported,GAAP,,exact_millions,extracted,self_checked,
REV_021,FY2026_Q2,5877,USD_m,SRC-007,ORCL_FY2026_Q2_10-Q_2025-11-30.pdf,"Condensed consolidated statements of operations, PDF p.5 (filing p.2)",reported,GAAP,,exact_millions,extracted,self_checked,
REV_030,FY2026_Q2,776,USD_m,SRC-007,ORCL_FY2026_Q2_10-Q_2025-11-30.pdf,"Condensed consolidated statements of operations, PDF p.5 (filing p.2)",reported,GAAP,,exact_millions,extracted,self_checked,
REV_040,FY2026_Q2,1428,USD_m,SRC-007,ORCL_FY2026_Q2_10-Q_2025-11-30.pdf,"Condensed consolidated statements of operations, PDF p.5 (filing p.2)",reported,GAAP,,exact_millions,extracted,self_checked,
REV_050,FY2026_Q2,16058,USD_m,SRC-007,ORCL_FY2026_Q2_10-Q_2025-11-30.pdf,"Condensed consolidated statements of operations, PDF p.5 (filing p.2)",reported,GAAP,,exact_millions,extracted,self_checked,
REV_060,FY2026_Q2,0.14,pct,SRC-014,ORCL_FY2026_Q2_Earnings_Release_2025-12-10.pdf,"Q2 FY2026 earnings release headline bullets, PDF p.1",reported,GAAP,,whole_percent,extracted,self_checked,+14% USD/+13% CC.
REV_070,FY2026_Q2,0.13,pct,SRC-014,ORCL_FY2026_Q2_Earnings_Release_2025-12-10.pdf,"Q2 FY2026 earnings release headline bullets, PDF p.1",reported,GAAP,,whole_percent,extracted,self_checked,
REV_110,FY2026_Q2,7977,USD_m,SRC-007,ORCL_FY2026_Q2_10-Q_2025-11-30.pdf,"Condensed consolidated statements of operations, PDF p.5 (filing p.2)",supplemental,GAAP,,exact_millions,extracted,self_checked,=filed Cloud caption.
REV_115,FY2026_Q2,0.34,pct,SRC-014,ORCL_FY2026_Q2_Earnings_Release_2025-12-10.pdf,"Q2 FY2026 earnings release headline bullets, PDF p.1",supplemental,GAAP,,whole_percent,extracted,self_checked,+34% USD/+33% CC.
REV_120,FY2026_Q2,4079,USD_m,SRC-007,ORCL_FY2026_Q2_10-Q_2025-11-30.pdf,"Revenue Recognition note - cloud revenues by offerings, PDF p.29",supplemental,GAAP,,exact_millions,extracted,self_checked,10-Q footnote (rung2). Headline '$4.1B +68%'.
REV_125,FY2026_Q2,0.68,pct,SRC-014,ORCL_FY2026_Q2_Earnings_Release_2025-12-10.pdf,"Q2 FY2026 earnings release headline bullets, PDF p.1",supplemental,GAAP,,whole_percent,extracted,self_checked,
REV_130,FY2026_Q2,3898,USD_m,SRC-007,ORCL_FY2026_Q2_10-Q_2025-11-30.pdf,"Revenue Recognition note - cloud revenues by offerings, PDF p.29",supplemental,GAAP,,exact_millions,extracted,self_checked,Headline '$3.9B +11%'.
REV_135,FY2026_Q2,0.11,pct,SRC-014,ORCL_FY2026_Q2_Earnings_Release_2025-12-10.pdf,"Q2 FY2026 earnings release headline bullets, PDF p.1",supplemental,GAAP,,whole_percent,extracted,self_checked,
REV_145,FY2026_Q2,4938,USD_m,SRC-007,ORCL_FY2026_Q2_10-Q_2025-11-30.pdf,"Revenue Recognition note - software revenues by offerings, PDF p.28",supplemental,GAAP,,exact_millions,extracted,self_checked,Software support by-offerings.
REV_147,FY2026_Q2,939,USD_m,SRC-007,ORCL_FY2026_Q2_10-Q_2025-11-30.pdf,"Revenue Recognition note - software revenues by offerings, PDF p.28",supplemental,GAAP,,exact_millions,extracted,self_checked,Software license by-offerings.
REV_310,FY2026_Q2,4079,USD_m,SRC-007,ORCL_FY2026_Q2_10-Q_2025-11-30.pdf,"Revenue Recognition note - cloud revenues by offerings, PDF p.29",calculated,GAAP,=REV_120,exact_millions,extracted,self_checked,
REV_320,FY2026_Q2,3898,USD_m,SRC-007,ORCL_FY2026_Q2_10-Q_2025-11-30.pdf,"Revenue Recognition note - cloud revenues by offerings, PDF p.29",calculated,GAAP,=REV_130,exact_millions,extracted,self_checked,
REV_330,FY2026_Q2,4938,USD_m,SRC-007,ORCL_FY2026_Q2_10-Q_2025-11-30.pdf,"Revenue Recognition note - software revenues by offerings, PDF p.28",calculated,GAAP,=REV_145,exact_millions,extracted,self_checked,
REV_340,FY2026_Q2,939,USD_m,SRC-007,ORCL_FY2026_Q2_10-Q_2025-11-30.pdf,"Revenue Recognition note - software revenues by offerings, PDF p.28",calculated,GAAP,=REV_147,exact_millions,extracted,self_checked,
REV_350,FY2026_Q2,776,USD_m,SRC-007,ORCL_FY2026_Q2_10-Q_2025-11-30.pdf,"Condensed consolidated statements of operations, PDF p.5 (filing p.2)",calculated,GAAP,=REV_030,exact_millions,extracted,self_checked,
REV_360,FY2026_Q2,1428,USD_m,SRC-007,ORCL_FY2026_Q2_10-Q_2025-11-30.pdf,"Condensed consolidated statements of operations, PDF p.5 (filing p.2)",calculated,GAAP,=REV_040,exact_millions,extracted,self_checked,
REV_370,FY2026_Q2,16058,USD_m,SRC-007,ORCL_FY2026_Q2_10-Q_2025-11-30.pdf,"Condensed consolidated statements of operations, PDF p.5 (filing p.2)",calculated,GAAP,=sum streams,exact_millions,extracted,self_checked,4079+3898+4938+939+776+1428=16058 (CHECK_020 pass).
COGS_011,FY2026_Q2,3990,USD_m,SRC-007,ORCL_FY2026_Q2_10-Q_2025-11-30.pdf,"Condensed consolidated statements of operations, PDF p.5 (filing p.2)",reported,GAAP,,exact_millions,extracted,self_checked,
COGS_020,FY2026_Q2,215,USD_m,SRC-007,ORCL_FY2026_Q2_10-Q_2025-11-30.pdf,"Condensed consolidated statements of operations, PDF p.5 (filing p.2)",reported,GAAP,,exact_millions,extracted,self_checked,
COGS_030,FY2026_Q2,1169,USD_m,SRC-007,ORCL_FY2026_Q2_10-Q_2025-11-30.pdf,"Condensed consolidated statements of operations, PDF p.5 (filing p.2)",reported,GAAP,,exact_millions,extracted,self_checked,
COGS_050,FY2026_Q2,10704,USD_m,SRC-007,ORCL_FY2026_Q2_10-Q_2025-11-30.pdf,"Condensed consolidated statements of operations, PDF p.5 (filing p.2)",calculated,GAAP,= REV_050 - COGS_010/011 - COGS_020 - COGS_030,exact_millions,extracted,self_checked,
COGS_060,FY2026_Q2,0.6666,pct,SRC-007,ORCL_FY2026_Q2_10-Q_2025-11-30.pdf,"Condensed consolidated statements of operations, PDF p.5 (filing p.2)",calculated,GAAP,= COGS_050 / REV_050,exact_millions,extracted,self_checked,
OPEX_010,FY2026_Q2,2149,USD_m,SRC-007,ORCL_FY2026_Q2_10-Q_2025-11-30.pdf,"Condensed consolidated statements of operations, PDF p.5 (filing p.2)",reported,GAAP,,exact_millions,extracted,self_checked,
OPEX_020,FY2026_Q2,2561,USD_m,SRC-007,ORCL_FY2026_Q2_10-Q_2025-11-30.pdf,"Condensed consolidated statements of operations, PDF p.5 (filing p.2)",reported,GAAP,,exact_millions,extracted,self_checked,
OPEX_030,FY2026_Q2,409,USD_m,SRC-007,ORCL_FY2026_Q2_10-Q_2025-11-30.pdf,"Condensed consolidated statements of operations, PDF p.5 (filing p.2)",reported,GAAP,,exact_millions,extracted,self_checked,
OPEX_040,FY2026_Q2,407,USD_m,SRC-007,ORCL_FY2026_Q2_10-Q_2025-11-30.pdf,"Condensed consolidated statements of operations, PDF p.5 (filing p.2)",reported,GAAP,,exact_millions,extracted,self_checked,
OPEX_050,FY2026_Q2,21,USD_m,SRC-007,ORCL_FY2026_Q2_10-Q_2025-11-30.pdf,"Condensed consolidated statements of operations, PDF p.5 (filing p.2)",reported,GAAP,,exact_millions,extracted,self_checked,Still separate line in FY26 10-Qs.
OPEX_060,FY2026_Q2,406,USD_m,SRC-007,ORCL_FY2026_Q2_10-Q_2025-11-30.pdf,"Condensed consolidated statements of operations, PDF p.5 (filing p.2)",reported,GAAP,,exact_millions,extracted,self_checked,2026 Restructuring Plan.
OPEX_070,FY2026_Q2,1156,USD_m,SRC-007,ORCL_FY2026_Q2_10-Q_2025-11-30.pdf,"Condensed consolidated statements of cash flows, PDF p.8",calculated,GAAP,"=YTD(6mo)2,280-YTD(Q1)1,124",exact_millions,extracted,self_checked,"Ties release non-GAAP SBC table (1,156) exactly."
OPEX_080,FY2026_Q2,11327,USD_m,SRC-007,ORCL_FY2026_Q2_10-Q_2025-11-30.pdf,"Condensed consolidated statements of operations, PDF p.5 (filing p.2)",calculated,GAAP,= sum COGS_010/011..030 + OPEX_010..060/065,exact_millions,extracted,self_checked,Ties filed total.
PROF_010,FY2026_Q2,4731,USD_m,SRC-007,ORCL_FY2026_Q2_10-Q_2025-11-30.pdf,"Condensed consolidated statements of operations, PDF p.5 (filing p.2)",reported,GAAP,,exact_millions,extracted,self_checked,
PROF_020,FY2026_Q2,0.2946,pct,SRC-007,ORCL_FY2026_Q2_10-Q_2025-11-30.pdf,"Condensed consolidated statements of operations, PDF p.5 (filing p.2)",calculated,GAAP,= PROF_010 / REV_050,exact_millions,extracted,self_checked,Release 29%.
PROF_030,FY2026_Q2,6721,USD_m,SRC-014,ORCL_FY2026_Q2_Earnings_Release_2025-12-10.pdf,"Reconciliation of selected GAAP to non-GAAP measures, PDF p.5",reported,non-GAAP,,exact_millions,extracted,self_checked,"GAAP 4,731+adj 1,990."
PROF_040,FY2026_Q2,0.4185,pct,SRC-014,ORCL_FY2026_Q2_Earnings_Release_2025-12-10.pdf,"Reconciliation of selected GAAP to non-GAAP measures, PDF p.5",calculated,non-GAAP,= PROF_030 / REV_050,exact_millions,extracted,self_checked,Release 42%.
PROF_050,FY2026_Q2,1057,USD_m,SRC-007,ORCL_FY2026_Q2_10-Q_2025-11-30.pdf,"Condensed consolidated statements of operations, PDF p.5 (filing p.2)",reported,GAAP,,exact_millions,extracted,self_checked,
PROF_060,FY2026_Q2,2668,USD_m,SRC-007,ORCL_FY2026_Q2_10-Q_2025-11-30.pdf,"Condensed consolidated statements of operations, PDF p.5 (filing p.2)",reported,GAAP,,exact_millions,extracted,self_checked,Includes Ampere-related and other investment gains (per source_manifest SRC-014 note).
PROF_065,FY2026_Q2,192,USD_m,SRC-007,ORCL_FY2026_Q2_10-Q_2025-11-30.pdf,"Non-operating income note - interest income, PDF p.15-16",supplemental,GAAP,,exact_millions,extracted,self_checked,
PROF_070,FY2026_Q2,6342,USD_m,SRC-007,ORCL_FY2026_Q2_10-Q_2025-11-30.pdf,"Condensed consolidated statements of operations, PDF p.5 (filing p.2)",reported,GAAP,identity,exact_millions,extracted,self_checked,
PROF_080,FY2026_Q2,207,USD_m,SRC-007,ORCL_FY2026_Q2_10-Q_2025-11-30.pdf,"Condensed consolidated statements of operations, PDF p.5 (filing p.2)",reported,GAAP,,exact_millions,extracted,self_checked,
PROF_090,FY2026_Q2,0.0326,pct,SRC-007,ORCL_FY2026_Q2_10-Q_2025-11-30.pdf,"Condensed consolidated statements of operations, PDF p.5 (filing p.2)",calculated,GAAP,= PROF_080 / PROF_070,exact_millions,extracted,self_checked,Depressed by non-taxable/lightly-taxed investment gains.
PROF_100,FY2026_Q2,6135,USD_m,SRC-007,ORCL_FY2026_Q2_10-Q_2025-11-30.pdf,"Condensed consolidated statements of operations, PDF p.5 (filing p.2)",reported,GAAP,,exact_millions,extracted,self_checked,No preferred outstanding yet (issued Feb 2026); NI=NIAC.
PROF_110,FY2026_Q2,6598,USD_m,SRC-014,ORCL_FY2026_Q2_Earnings_Release_2025-12-10.pdf,"Reconciliation of selected GAAP to non-GAAP measures, PDF p.5",reported,non-GAAP,,exact_millions,extracted,self_checked,
PROF_120,FY2026_Q2,2.1,USD_per_share,SRC-007,ORCL_FY2026_Q2_10-Q_2025-11-30.pdf,"Condensed consolidated statements of operations, PDF p.5 (filing p.2)",reported,GAAP,,usd_cents,extracted,self_checked,Basic 2.14.
PROF_130,FY2026_Q2,2.26,USD_per_share,SRC-014,ORCL_FY2026_Q2_Earnings_Release_2025-12-10.pdf,"Reconciliation of selected GAAP to non-GAAP measures, PDF p.5",reported,non-GAAP,,usd_cents,extracted,self_checked,
PROF_140,FY2026_Q2,1704,USD_m,SRC-007,ORCL_FY2026_Q2_10-Q_2025-11-30.pdf,"Condensed consolidated statements of cash flows, PDF p.8",calculated,GAAP,"=YTD(6mo)3,055-YTD(Q1)1,351",exact_millions,extracted,self_checked,
PROF_150,FY2026_Q2,2110,USD_m,SRC-007,ORCL_FY2026_Q2_10-Q_2025-11-30.pdf,"Condensed consolidated statements of cash flows, PDF p.8",calculated,GAAP,=1704+(826-420),exact_millions,extracted,self_checked,
PROF_160,FY2026_Q2,6842,USD_m,SRC-007,ORCL_FY2026_Q2_10-Q_2025-11-30.pdf,"Condensed consolidated statements of operations, PDF p.5 (filing p.2)",calculated,GAAP,"=4731+1704+407 (D-014 primary, provisional)",exact_millions,extracted,self_checked,
CF_015,FY2026_Q2,2066,USD_m,SRC-007,ORCL_FY2026_Q2_10-Q_2025-11-30.pdf,"Condensed consolidated statements of cash flows, PDF p.8",calculated,GAAP,"=YTD(6mo)10,206-YTD(Q1)8,140",exact_millions,extracted,self_checked,
CF_025,FY2026_Q2,12033,USD_m,SRC-007,ORCL_FY2026_Q2_10-Q_2025-11-30.pdf,"Condensed consolidated statements of cash flows, PDF p.8",calculated,GAAP,"=YTD(6mo)20,535-YTD(Q1)8,502",exact_millions,extracted,self_checked,
CF_030,FY2026_Q2,-9967,USD_m,SRC-007,ORCL_FY2026_Q2_10-Q_2025-11-30.pdf,"Condensed consolidated statements of cash flows, PDF p.8",calculated,GAAP,=CF_015-CF_025,exact_millions,extracted,self_checked,
CF_050,FY2026_Q2,17880,USD_m,SRC-007,ORCL_FY2026_Q2_10-Q_2025-11-30.pdf,"Condensed consolidated statements of cash flows, PDF p.8",calculated,GAAP,"=YTD(6mo)17,880-YTD(Q1)0 (no senior-note/term-loan issuance in Q1)",exact_millions,extracted,self_checked,
CF_060,FY2026_Q2,1070,USD_m,SRC-007,ORCL_FY2026_Q2_10-Q_2025-11-30.pdf,"Condensed consolidated statements of cash flows, PDF p.8",calculated,GAAP,"=YTD(6mo)2,122-YTD(Q1)1,052",exact_millions,extracted,self_checked,Caption drift: Q1 line 'Repayments of senior notes and other borrowings'; Q2+ line adds 'term loan credit agreements'. Same economic category.
CF_070,FY2026_Q2,138,USD_m,SRC-007,ORCL_FY2026_Q2_10-Q_2025-11-30.pdf,"Condensed consolidated statements of cash flows, PDF p.8",calculated,GAAP,"=YTD(6mo)1,308-YTD(Q1)1,170",exact_millions,extracted,self_checked,Common stock issuance only (no preferred yet).
CF_080,FY2026_Q2,1435,USD_m,SRC-007,ORCL_FY2026_Q2_10-Q_2025-11-30.pdf,"Condensed consolidated statements of cash flows, PDF p.8",calculated,GAAP,"=YTD(6mo)2,848-YTD(Q1)1,413",exact_millions,extracted,self_checked,
CF_090,FY2026_Q2,0,USD_m,SRC-007,ORCL_FY2026_Q2_10-Q_2025-11-30.pdf,"Condensed consolidated statements of cash flows, PDF p.8",calculated,GAAP,=YTD(6mo)95-YTD(Q1)95,exact_millions,extracted,self_checked,
CF_110,FY2026_Q2,8796,USD_m,SRC-007,ORCL_FY2026_Q2_10-Q_2025-11-30.pdf,"Condensed consolidated balance sheets, PDF p.3",calculated,GAAP,"=BS_010(Nov30)19,241-BS_010(Aug31)10,445",exact_millions,extracted,self_checked,
BS_010,FY2026_Q2,19241,USD_m,SRC-007,ORCL_FY2026_Q2_10-Q_2025-11-30.pdf,"Condensed consolidated balance sheets, PDF p.3",reported,GAAP,,exact_millions,extracted,self_checked,
BS_020,FY2026_Q2,525,USD_m,SRC-007,ORCL_FY2026_Q2_10-Q_2025-11-30.pdf,"Condensed consolidated balance sheets, PDF p.3",reported,GAAP,,exact_millions,extracted,self_checked,
BS_030,FY2026_Q2,19766,USD_m,SRC-007,ORCL_FY2026_Q2_10-Q_2025-11-30.pdf,"Condensed consolidated balance sheets, PDF p.3",calculated,GAAP,= BS_010 + BS_020,exact_millions,extracted,self_checked,
BS_040,FY2026_Q2,67875,USD_m,SRC-007,ORCL_FY2026_Q2_10-Q_2025-11-30.pdf,"Condensed consolidated balance sheets, PDF p.3",reported,GAAP,,exact_millions,extracted,self_checked,
BS_060,FY2026_Q2,18393,USD_m,SRC-007,ORCL_FY2026_Q2_10-Q_2025-11-30.pdf,"Leases note - supplemental balance sheet information, PDF p.18",supplemental,GAAP,,exact_millions,extracted,self_checked,
BS_070,FY2026_Q2,9940,USD_m,SRC-007,ORCL_FY2026_Q2_10-Q_2025-11-30.pdf,"Condensed consolidated balance sheets, PDF p.3",reported,GAAP,,exact_millions,extracted,self_checked,Current only.
BS_080,FY2026_Q2,9440,USD_m,SRC-007,ORCL_FY2026_Q2_10-Q_2025-11-30.pdf,"Condensed consolidated balance sheets, PDF p.3",reported,GAAP,,exact_millions,extracted,self_checked,
BS_090,FY2026_Q2,204984,USD_m,SRC-007,ORCL_FY2026_Q2_10-Q_2025-11-30.pdf,"Condensed consolidated balance sheets, PDF p.3",reported,GAAP,,exact_millions,extracted,self_checked,
BS_100,FY2026_Q2,30457,USD_m,SRC-007,ORCL_FY2026_Q2_10-Q_2025-11-30.pdf,"Condensed consolidated balance sheets, PDF p.3",reported,GAAP,,exact_millions,extracted,self_checked,Incl. NCI 506. No preferred yet.
DEBT_010,FY2026_Q2,8091,USD_m,SRC-007,ORCL_FY2026_Q2_10-Q_2025-11-30.pdf,"Condensed consolidated balance sheets, PDF p.3",reported,GAAP,,exact_millions,extracted,self_checked,
DEBT_020,FY2026_Q2,99984,USD_m,SRC-007,ORCL_FY2026_Q2_10-Q_2025-11-30.pdf,"Condensed consolidated balance sheets, PDF p.3",reported,GAAP,,exact_millions,extracted,self_checked,
DEBT_030,FY2026_Q2,108075,USD_m,SRC-007,ORCL_FY2026_Q2_10-Q_2025-11-30.pdf,"Condensed consolidated balance sheets, PDF p.3",calculated,GAAP,= DEBT_010 + DEBT_020,exact_millions,extracted,self_checked,
DEBT_040,FY2026_Q2,88309,USD_m,SRC-007,ORCL_FY2026_Q2_10-Q_2025-11-30.pdf,"Condensed consolidated balance sheets, PDF p.3",calculated,GAAP,= DEBT_030 - BS_030,exact_millions,extracted,self_checked,
DEBT_050,FY2026_Q2,2368,USD_m,SRC-007,ORCL_FY2026_Q2_10-Q_2025-11-30.pdf,"Leases note - supplemental balance sheet information, PDF p.18",supplemental,GAAP,,exact_millions,extracted,self_checked,
DEBT_060,FY2026_Q2,16311,USD_m,SRC-007,ORCL_FY2026_Q2_10-Q_2025-11-30.pdf,"Leases note - supplemental balance sheet information, PDF p.18",reported,GAAP,,exact_millions,extracted,self_checked,Also on balance-sheet face.
DEBT_070,FY2026_Q2,248000,USD_m,SRC-007,ORCL_FY2026_Q2_10-Q_2025-11-30.pdf,"Leases note - supplemental balance sheet information, PDF p.18",supplemental,GAAP,,billions_0dp,extracted,self_checked,"'$248 billion' as of Nov 30 2025, commencing Q3 FY26-FY28, 15-19yr terms."
DEBT_100,FY2026_Q2,0,USD_m,SRC-007,ORCL_FY2026_Q2_10-Q_2025-11-30.pdf,"Condensed consolidated balance sheets, PDF p.3",reported,GAAP,,exact_millions,extracted,self_checked,"Preferred not yet issued (issued Feb 5 2026, i.e. Q3)."
DEBT_110,FY2026_Q2,0,USD_m,SRC-007,ORCL_FY2026_Q2_10-Q_2025-11-30.pdf,"Condensed consolidated statements of operations, PDF p.5 (filing p.2)",reported,GAAP,,exact_millions,extracted,self_checked,
SHARE_010,FY2026_Q2,2864,shares_m,SRC-007,ORCL_FY2026_Q2_10-Q_2025-11-30.pdf,"Condensed consolidated statements of operations, PDF p.5 (filing p.2)",reported,GAAP,,exact_millions,extracted,self_checked,
SHARE_020,FY2026_Q2,2922,shares_m,SRC-007,ORCL_FY2026_Q2_10-Q_2025-11-30.pdf,"Condensed consolidated statements of operations, PDF p.5 (filing p.2)",reported,GAAP,,exact_millions,extracted,self_checked,
SHARE_030,FY2026_Q2,58,shares_m,SRC-007,ORCL_FY2026_Q2_10-Q_2025-11-30.pdf,"Condensed consolidated statements of operations, PDF p.5 (filing p.2)",calculated,GAAP,= SHARE_020 - SHARE_010,exact_millions,extracted,self_checked,
SHARE_040,FY2026_Q2,2873,shares_m,SRC-007,ORCL_FY2026_Q2_10-Q_2025-11-30.pdf,"Condensed consolidated balance sheets, PDF p.3",reported,GAAP,,exact_millions,extracted,self_checked,
SHARE_070,FY2026_Q2,0,USD_m,SRC-007,ORCL_FY2026_Q2_10-Q_2025-11-30.pdf,"Condensed consolidated statements of cash flows, PDF p.8",calculated,GAAP,=YTD(6mo)95-YTD(Q1)95,exact_millions,extracted,self_checked,
KPI_010,FY2026_Q2,0.18,pct,SRC-014,ORCL_FY2026_Q2_Earnings_Release_2025-12-10.pdf,"Q2 FY2026 earnings release headline bullets, PDF p.1",supplemental,non-GAAP,,whole_percent,extracted,self_checked,"Fusion Cloud ERP $1.1B, +18%/+17% CC."
KPI_020,FY2026_Q2,0.13,pct,SRC-014,ORCL_FY2026_Q2_Earnings_Release_2025-12-10.pdf,"Q2 FY2026 earnings release headline bullets, PDF p.1",supplemental,non-GAAP,,whole_percent,extracted,self_checked,"NetSuite $1.0B, +13%/+13% CC."
RPO_010,FY2026_Q2,523.3,USD_b,SRC-007,ORCL_FY2026_Q2_10-Q_2025-11-30.pdf,"Revenue recognition note - remaining performance obligations, PDF p.9",reported,GAAP,,billions_1dp,extracted,self_checked,'$523.3 billion' as of Nov 30 2025; release headline '$523 billion' (+438%).
RPO_020,FY2026_Q2,0.1,pct,SRC-007,ORCL_FY2026_Q2_10-Q_2025-11-30.pdf,"Revenue recognition note - remaining performance obligations, PDF p.9",reported,GAAP,,whole_percent,extracted,self_checked,'approximately 10%'.
RPO_030,FY2026_Q2,52.3,USD_b,SRC-007,ORCL_FY2026_Q2_10-Q_2025-11-30.pdf,"Revenue recognition note - remaining performance obligations, PDF p.9",calculated,GAAP,=523.3*0.10,billions_1dp,extracted,self_checked,
RPO_050,FY2026_Q2,10%/30%/35%/rem,buckets,SRC-007,ORCL_FY2026_Q2_10-Q_2025-11-30.pdf,"Revenue recognition note - remaining performance obligations, PDF p.9",reported,GAAP,,whole_percent,extracted,self_checked,
REV_011,FY2026_Q3,8914,USD_m,SRC-008,ORCL_FY2026_Q3_10-Q_2026-02-28.pdf,"Condensed consolidated statements of operations (3&9mo), PDF p.6 (filing p.2)",reported,GAAP,,exact_millions,extracted,self_checked,
REV_021,FY2026_Q3,6119,USD_m,SRC-008,ORCL_FY2026_Q3_10-Q_2026-02-28.pdf,"Condensed consolidated statements of operations (3&9mo), PDF p.6 (filing p.2)",reported,GAAP,,exact_millions,extracted,self_checked,
REV_030,FY2026_Q3,714,USD_m,SRC-008,ORCL_FY2026_Q3_10-Q_2026-02-28.pdf,"Condensed consolidated statements of operations (3&9mo), PDF p.6 (filing p.2)",reported,GAAP,,exact_millions,extracted,self_checked,
REV_040,FY2026_Q3,1443,USD_m,SRC-008,ORCL_FY2026_Q3_10-Q_2026-02-28.pdf,"Condensed consolidated statements of operations (3&9mo), PDF p.6 (filing p.2)",reported,GAAP,,exact_millions,extracted,self_checked,
REV_050,FY2026_Q3,17190,USD_m,SRC-008,ORCL_FY2026_Q3_10-Q_2026-02-28.pdf,"Condensed consolidated statements of operations (3&9mo), PDF p.6 (filing p.2)",reported,GAAP,,exact_millions,extracted,self_checked,
REV_060,FY2026_Q3,0.22,pct,SRC-015,ORCL_FY2026_Q3_Earnings_Release_2026-03-10.pdf,"Q3 FY2026 earnings release headline bullets, PDF p.1",reported,GAAP,,whole_percent,extracted,self_checked,+22% USD/+18% CC.
REV_070,FY2026_Q3,0.18,pct,SRC-015,ORCL_FY2026_Q3_Earnings_Release_2026-03-10.pdf,"Q3 FY2026 earnings release headline bullets, PDF p.1",reported,GAAP,,whole_percent,extracted,self_checked,
REV_110,FY2026_Q3,8914,USD_m,SRC-008,ORCL_FY2026_Q3_10-Q_2026-02-28.pdf,"Condensed consolidated statements of operations (3&9mo), PDF p.6 (filing p.2)",supplemental,GAAP,,exact_millions,extracted,self_checked,=filed Cloud caption.
REV_115,FY2026_Q3,0.44,pct,SRC-015,ORCL_FY2026_Q3_Earnings_Release_2026-03-10.pdf,"Q3 FY2026 earnings release headline bullets, PDF p.1",supplemental,GAAP,,whole_percent,extracted,self_checked,+44% USD/+41% CC.
REV_120,FY2026_Q3,4888,USD_m,SRC-008,ORCL_FY2026_Q3_10-Q_2026-02-28.pdf,"Revenue Recognition note - revenues by offerings, PDF p.33",supplemental,GAAP,,exact_millions,extracted,self_checked,10-Q footnote. Headline '$4.9B +84%'.
REV_125,FY2026_Q3,0.84,pct,SRC-015,ORCL_FY2026_Q3_Earnings_Release_2026-03-10.pdf,"Q3 FY2026 earnings release headline bullets, PDF p.1",supplemental,GAAP,,whole_percent,extracted,self_checked,
REV_130,FY2026_Q3,4026,USD_m,SRC-008,ORCL_FY2026_Q3_10-Q_2026-02-28.pdf,"Revenue Recognition note - revenues by offerings, PDF p.33",supplemental,GAAP,,exact_millions,extracted,self_checked,Headline '$4.0B +13%'.
REV_135,FY2026_Q3,0.13,pct,SRC-015,ORCL_FY2026_Q3_Earnings_Release_2026-03-10.pdf,"Q3 FY2026 earnings release headline bullets, PDF p.1",supplemental,GAAP,,whole_percent,extracted,self_checked,
REV_145,FY2026_Q3,4969,USD_m,SRC-008,ORCL_FY2026_Q3_10-Q_2026-02-28.pdf,"Revenue Recognition note - revenues by offerings, PDF p.33",supplemental,GAAP,,exact_millions,extracted,self_checked,
REV_147,FY2026_Q3,1150,USD_m,SRC-008,ORCL_FY2026_Q3_10-Q_2026-02-28.pdf,"Revenue Recognition note - revenues by offerings, PDF p.33",supplemental,GAAP,,exact_millions,extracted,self_checked,
REV_310,FY2026_Q3,4888,USD_m,SRC-008,ORCL_FY2026_Q3_10-Q_2026-02-28.pdf,"Revenue Recognition note - revenues by offerings, PDF p.33",calculated,GAAP,=REV_120,exact_millions,extracted,self_checked,
REV_320,FY2026_Q3,4026,USD_m,SRC-008,ORCL_FY2026_Q3_10-Q_2026-02-28.pdf,"Revenue Recognition note - revenues by offerings, PDF p.33",calculated,GAAP,=REV_130,exact_millions,extracted,self_checked,
REV_330,FY2026_Q3,4969,USD_m,SRC-008,ORCL_FY2026_Q3_10-Q_2026-02-28.pdf,"Revenue Recognition note - revenues by offerings, PDF p.33",calculated,GAAP,=REV_145,exact_millions,extracted,self_checked,
REV_340,FY2026_Q3,1150,USD_m,SRC-008,ORCL_FY2026_Q3_10-Q_2026-02-28.pdf,"Revenue Recognition note - revenues by offerings, PDF p.33",calculated,GAAP,=REV_147,exact_millions,extracted,self_checked,
REV_350,FY2026_Q3,714,USD_m,SRC-008,ORCL_FY2026_Q3_10-Q_2026-02-28.pdf,"Condensed consolidated statements of operations (3&9mo), PDF p.6 (filing p.2)",calculated,GAAP,=REV_030,exact_millions,extracted,self_checked,
REV_360,FY2026_Q3,1443,USD_m,SRC-008,ORCL_FY2026_Q3_10-Q_2026-02-28.pdf,"Condensed consolidated statements of operations (3&9mo), PDF p.6 (filing p.2)",calculated,GAAP,=REV_040,exact_millions,extracted,self_checked,
REV_370,FY2026_Q3,17190,USD_m,SRC-008,ORCL_FY2026_Q3_10-Q_2026-02-28.pdf,"Condensed consolidated statements of operations (3&9mo), PDF p.6 (filing p.2)",calculated,GAAP,=sum streams,exact_millions,extracted,self_checked,4888+4026+4969+1150+714+1443=17190 (CHECK_020 pass).
COGS_011,FY2026_Q3,4776,USD_m,SRC-008,ORCL_FY2026_Q3_10-Q_2026-02-28.pdf,"Condensed consolidated statements of operations (3&9mo), PDF p.6 (filing p.2)",reported,GAAP,,exact_millions,extracted,self_checked,
COGS_020,FY2026_Q3,183,USD_m,SRC-008,ORCL_FY2026_Q3_10-Q_2026-02-28.pdf,"Condensed consolidated statements of operations (3&9mo), PDF p.6 (filing p.2)",reported,GAAP,,exact_millions,extracted,self_checked,
COGS_030,FY2026_Q3,1133,USD_m,SRC-008,ORCL_FY2026_Q3_10-Q_2026-02-28.pdf,"Condensed consolidated statements of operations (3&9mo), PDF p.6 (filing p.2)",reported,GAAP,,exact_millions,extracted,self_checked,
COGS_050,FY2026_Q3,11098,USD_m,SRC-008,ORCL_FY2026_Q3_10-Q_2026-02-28.pdf,"Condensed consolidated statements of operations (3&9mo), PDF p.6 (filing p.2)",calculated,GAAP,= REV_050 - COGS_010/011 - COGS_020 - COGS_030,exact_millions,extracted,self_checked,
COGS_060,FY2026_Q3,0.6456,pct,SRC-008,ORCL_FY2026_Q3_10-Q_2026-02-28.pdf,"Condensed consolidated statements of operations (3&9mo), PDF p.6 (filing p.2)",calculated,GAAP,= COGS_050 / REV_050,exact_millions,extracted,self_checked,
OPEX_010,FY2026_Q3,2052,USD_m,SRC-008,ORCL_FY2026_Q3_10-Q_2026-02-28.pdf,"Condensed consolidated statements of operations (3&9mo), PDF p.6 (filing p.2)",reported,GAAP,,exact_millions,extracted,self_checked,
OPEX_020,FY2026_Q3,2607,USD_m,SRC-008,ORCL_FY2026_Q3_10-Q_2026-02-28.pdf,"Condensed consolidated statements of operations (3&9mo), PDF p.6 (filing p.2)",reported,GAAP,,exact_millions,extracted,self_checked,
OPEX_030,FY2026_Q3,389,USD_m,SRC-008,ORCL_FY2026_Q3_10-Q_2026-02-28.pdf,"Condensed consolidated statements of operations (3&9mo), PDF p.6 (filing p.2)",reported,GAAP,,exact_millions,extracted,self_checked,
OPEX_040,FY2026_Q3,413,USD_m,SRC-008,ORCL_FY2026_Q3_10-Q_2026-02-28.pdf,"Condensed consolidated statements of operations (3&9mo), PDF p.6 (filing p.2)",reported,GAAP,,exact_millions,extracted,self_checked,
OPEX_050,FY2026_Q3,20,USD_m,SRC-008,ORCL_FY2026_Q3_10-Q_2026-02-28.pdf,"Condensed consolidated statements of operations (3&9mo), PDF p.6 (filing p.2)",reported,GAAP,,exact_millions,extracted,self_checked,
OPEX_060,FY2026_Q3,153,USD_m,SRC-008,ORCL_FY2026_Q3_10-Q_2026-02-28.pdf,"Condensed consolidated statements of operations (3&9mo), PDF p.6 (filing p.2)",reported,GAAP,,exact_millions,extracted,self_checked,
OPEX_070,FY2026_Q3,1328,USD_m,SRC-008,ORCL_FY2026_Q3_10-Q_2026-02-28.pdf,"Condensed consolidated statements of cash flows (9mo), PDF p.9",calculated,GAAP,"=YTD(9mo)3,608-YTD(6mo)2,280",exact_millions,extracted,self_checked,"Ties release non-GAAP SBC table (1,328) exactly."
OPEX_080,FY2026_Q3,11726,USD_m,SRC-008,ORCL_FY2026_Q3_10-Q_2026-02-28.pdf,"Condensed consolidated statements of operations (3&9mo), PDF p.6 (filing p.2)",calculated,GAAP,= sum COGS_010/011..030 + OPEX_010..060/065,exact_millions,extracted,self_checked,Ties filed total.
PROF_010,FY2026_Q3,5464,USD_m,SRC-008,ORCL_FY2026_Q3_10-Q_2026-02-28.pdf,"Condensed consolidated statements of operations (3&9mo), PDF p.6 (filing p.2)",reported,GAAP,,exact_millions,extracted,self_checked,
PROF_020,FY2026_Q3,0.3179,pct,SRC-008,ORCL_FY2026_Q3_10-Q_2026-02-28.pdf,"Condensed consolidated statements of operations (3&9mo), PDF p.6 (filing p.2)",calculated,GAAP,= PROF_010 / REV_050,exact_millions,extracted,self_checked,Release 32%.
PROF_030,FY2026_Q3,7378,USD_m,SRC-015,ORCL_FY2026_Q3_Earnings_Release_2026-03-10.pdf,"Reconciliation of selected GAAP to non-GAAP measures, PDF p.5",reported,non-GAAP,,exact_millions,extracted,self_checked,"GAAP 5,464+adj 1,914."
PROF_040,FY2026_Q3,0.4292,pct,SRC-015,ORCL_FY2026_Q3_Earnings_Release_2026-03-10.pdf,"Reconciliation of selected GAAP to non-GAAP measures, PDF p.5",calculated,non-GAAP,= PROF_030 / REV_050,exact_millions,extracted,self_checked,Release 43%.
PROF_050,FY2026_Q3,1180,USD_m,SRC-008,ORCL_FY2026_Q3_10-Q_2026-02-28.pdf,"Condensed consolidated statements of operations (3&9mo), PDF p.6 (filing p.2)",reported,GAAP,,exact_millions,extracted,self_checked,
PROF_060,FY2026_Q3,132,USD_m,SRC-008,ORCL_FY2026_Q3_10-Q_2026-02-28.pdf,"Condensed consolidated statements of operations (3&9mo), PDF p.6 (filing p.2)",reported,GAAP,,exact_millions,extracted,self_checked,
PROF_065,FY2026_Q3,196,USD_m,SRC-008,ORCL_FY2026_Q3_10-Q_2026-02-28.pdf,"Non-operating income note - interest income, PDF p.14",supplemental,GAAP,,exact_millions,extracted,self_checked,
PROF_070,FY2026_Q3,4416,USD_m,SRC-008,ORCL_FY2026_Q3_10-Q_2026-02-28.pdf,"Condensed consolidated statements of operations (3&9mo), PDF p.6 (filing p.2)",reported,GAAP,identity,exact_millions,extracted,self_checked,
PROF_080,FY2026_Q3,695,USD_m,SRC-008,ORCL_FY2026_Q3_10-Q_2026-02-28.pdf,"Condensed consolidated statements of operations (3&9mo), PDF p.6 (filing p.2)",reported,GAAP,,exact_millions,extracted,self_checked,GAAP ETR 15.7% per release.
PROF_090,FY2026_Q3,0.1574,pct,SRC-008,ORCL_FY2026_Q3_10-Q_2026-02-28.pdf,"Condensed consolidated statements of operations (3&9mo), PDF p.6 (filing p.2)",calculated,GAAP,= PROF_080 / PROF_070,exact_millions,extracted,self_checked,
PROF_100,FY2026_Q3,3721,USD_m,SRC-008,ORCL_FY2026_Q3_10-Q_2026-02-28.pdf,"Condensed consolidated statements of operations (3&9mo), PDF p.6 (filing p.2)",reported,GAAP,,exact_millions,extracted,self_checked,
PROF_110,FY2026_Q3,5223,USD_m,SRC-015,ORCL_FY2026_Q3_Earnings_Release_2026-03-10.pdf,"Reconciliation of selected GAAP to non-GAAP measures, PDF p.5",reported,non-GAAP,,exact_millions,extracted,self_checked,"NIAC non-GAAP 5,201."
PROF_120,FY2026_Q3,1.27,USD_per_share,SRC-008,ORCL_FY2026_Q3_10-Q_2026-02-28.pdf,"Condensed consolidated statements of operations (3&9mo), PDF p.6 (filing p.2)",reported,GAAP,,usd_cents,extracted,self_checked,"Attributable to common (NIAC 3,699); basic 1.29."
PROF_130,FY2026_Q3,1.79,USD_per_share,SRC-015,ORCL_FY2026_Q3_Earnings_Release_2026-03-10.pdf,"Reconciliation of selected GAAP to non-GAAP measures, PDF p.5",reported,non-GAAP,,usd_cents,extracted,self_checked,
PROF_140,FY2026_Q3,2153,USD_m,SRC-008,ORCL_FY2026_Q3_10-Q_2026-02-28.pdf,"Condensed consolidated statements of cash flows (9mo), PDF p.9",calculated,GAAP,"=YTD(9mo)5,208-YTD(6mo)3,055",exact_millions,extracted,self_checked,
PROF_150,FY2026_Q3,2566,USD_m,SRC-008,ORCL_FY2026_Q3_10-Q_2026-02-28.pdf,"Condensed consolidated statements of cash flows (9mo), PDF p.9",calculated,GAAP,"=2153+(1,239-826)",exact_millions,extracted,self_checked,
PROF_160,FY2026_Q3,8030,USD_m,SRC-008,ORCL_FY2026_Q3_10-Q_2026-02-28.pdf,"Condensed consolidated statements of operations (3&9mo), PDF p.6 (filing p.2)",calculated,GAAP,"=5464+2153+413 (D-014 primary, provisional)",exact_millions,extracted,self_checked,
CF_015,FY2026_Q3,7151,USD_m,SRC-008,ORCL_FY2026_Q3_10-Q_2026-02-28.pdf,"Condensed consolidated statements of cash flows (9mo), PDF p.9",calculated,GAAP,"=YTD(9mo)17,357-YTD(6mo)10,206",exact_millions,extracted,self_checked,
CF_025,FY2026_Q3,18635,USD_m,SRC-008,ORCL_FY2026_Q3_10-Q_2026-02-28.pdf,"Condensed consolidated statements of cash flows (9mo), PDF p.9",calculated,GAAP,"=YTD(9mo)39,170-YTD(6mo)20,535",exact_millions,extracted,self_checked,
CF_030,FY2026_Q3,-11484,USD_m,SRC-008,ORCL_FY2026_Q3_10-Q_2026-02-28.pdf,"Condensed consolidated statements of cash flows (9mo), PDF p.9",calculated,GAAP,=CF_015-CF_025,exact_millions,extracted,self_checked,
CF_050,FY2026_Q3,26664,USD_m,SRC-008,ORCL_FY2026_Q3_10-Q_2026-02-28.pdf,"Condensed consolidated statements of cash flows (9mo), PDF p.9",calculated,GAAP,"=YTD(9mo)44,544-YTD(6mo)17,880",exact_millions,extracted,self_checked,
CF_060,FY2026_Q3,71,USD_m,SRC-008,ORCL_FY2026_Q3_10-Q_2026-02-28.pdf,"Condensed consolidated statements of cash flows (9mo), PDF p.9",calculated,GAAP,"=YTD(9mo)2,193-YTD(6mo)2,122",exact_millions,extracted,self_checked,
CF_070,FY2026_Q3,4963,USD_m,SRC-008,ORCL_FY2026_Q3_10-Q_2026-02-28.pdf,"Condensed consolidated statements of cash flows (9mo), PDF p.9",calculated,GAAP,"=YTD(9mo)(1,317+4,954)-YTD(6mo)1,308",exact_millions,extracted,self_checked,"Preferred stock (4,954) issued in Q3 (Feb 5 2026); common issuance standalone = 9."
CF_080,FY2026_Q3,1437,USD_m,SRC-008,ORCL_FY2026_Q3_10-Q_2026-02-28.pdf,"Condensed consolidated statements of cash flows (9mo), PDF p.9",calculated,GAAP,"=YTD(9mo)4,285-YTD(6mo)2,848",exact_millions,extracted,self_checked,
CF_090,FY2026_Q3,0,USD_m,SRC-008,ORCL_FY2026_Q3_10-Q_2026-02-28.pdf,"Condensed consolidated statements of cash flows (9mo), PDF p.9",calculated,GAAP,=YTD(9mo)95-YTD(6mo)95,exact_millions,extracted,self_checked,
CF_110,FY2026_Q3,19214,USD_m,SRC-008,ORCL_FY2026_Q3_10-Q_2026-02-28.pdf,"Condensed consolidated balance sheets, PDF p.4",calculated,GAAP,"=BS_010(Feb28)38,455-BS_010(Nov30)19,241",exact_millions,extracted,self_checked,
BS_010,FY2026_Q3,38455,USD_m,SRC-008,ORCL_FY2026_Q3_10-Q_2026-02-28.pdf,"Condensed consolidated balance sheets, PDF p.4",reported,GAAP,,exact_millions,extracted,self_checked,
BS_020,FY2026_Q3,677,USD_m,SRC-008,ORCL_FY2026_Q3_10-Q_2026-02-28.pdf,"Condensed consolidated balance sheets, PDF p.4",reported,GAAP,,exact_millions,extracted,self_checked,
BS_030,FY2026_Q3,39132,USD_m,SRC-008,ORCL_FY2026_Q3_10-Q_2026-02-28.pdf,"Condensed consolidated balance sheets, PDF p.4",calculated,GAAP,= BS_010 + BS_020,exact_millions,extracted,self_checked,
BS_040,FY2026_Q3,83617,USD_m,SRC-008,ORCL_FY2026_Q3_10-Q_2026-02-28.pdf,"Condensed consolidated balance sheets, PDF p.4",reported,GAAP,,exact_millions,extracted,self_checked,
BS_060,FY2026_Q3,20817,USD_m,SRC-008,ORCL_FY2026_Q3_10-Q_2026-02-28.pdf,"Leases note - supplemental balance sheet information, PDF p.19-20",supplemental,GAAP,,exact_millions,extracted,self_checked,
BS_070,FY2026_Q3,9881,USD_m,SRC-008,ORCL_FY2026_Q3_10-Q_2026-02-28.pdf,"Condensed consolidated balance sheets, PDF p.4",reported,GAAP,,exact_millions,extracted,self_checked,Current only.
BS_080,FY2026_Q3,10719,USD_m,SRC-008,ORCL_FY2026_Q3_10-Q_2026-02-28.pdf,"Condensed consolidated balance sheets, PDF p.4",reported,GAAP,,exact_millions,extracted,self_checked,
BS_090,FY2026_Q3,245240,USD_m,SRC-008,ORCL_FY2026_Q3_10-Q_2026-02-28.pdf,"Condensed consolidated balance sheets, PDF p.4",reported,GAAP,,exact_millions,extracted,self_checked,
BS_100,FY2026_Q3,39051,USD_m,SRC-008,ORCL_FY2026_Q3_10-Q_2026-02-28.pdf,"Condensed consolidated balance sheets, PDF p.4",reported,GAAP,,exact_millions,extracted,self_checked,"Incl. NCI 556 and preferred 4,954 (issued this quarter)."
DEBT_010,FY2026_Q3,9887,USD_m,SRC-008,ORCL_FY2026_Q3_10-Q_2026-02-28.pdf,"Condensed consolidated balance sheets, PDF p.4",reported,GAAP,,exact_millions,extracted,self_checked,
DEBT_020,FY2026_Q3,124718,USD_m,SRC-008,ORCL_FY2026_Q3_10-Q_2026-02-28.pdf,"Condensed consolidated balance sheets, PDF p.4",reported,GAAP,,exact_millions,extracted,self_checked,
DEBT_030,FY2026_Q3,134605,USD_m,SRC-008,ORCL_FY2026_Q3_10-Q_2026-02-28.pdf,"Condensed consolidated balance sheets, PDF p.4",calculated,GAAP,= DEBT_010 + DEBT_020,exact_millions,extracted,self_checked,
DEBT_040,FY2026_Q3,95473,USD_m,SRC-008,ORCL_FY2026_Q3_10-Q_2026-02-28.pdf,"Condensed consolidated balance sheets, PDF p.4",calculated,GAAP,= DEBT_030 - BS_030,exact_millions,extracted,self_checked,
DEBT_050,FY2026_Q3,2798,USD_m,SRC-008,ORCL_FY2026_Q3_10-Q_2026-02-28.pdf,"Leases note - supplemental balance sheet information, PDF p.19-20",supplemental,GAAP,,exact_millions,extracted,self_checked,
DEBT_060,FY2026_Q3,18512,USD_m,SRC-008,ORCL_FY2026_Q3_10-Q_2026-02-28.pdf,"Leases note - supplemental balance sheet information, PDF p.19-20",reported,GAAP,,exact_millions,extracted,self_checked,Also on balance-sheet face.
DEBT_070,FY2026_Q3,261000,USD_m,SRC-008,ORCL_FY2026_Q3_10-Q_2026-02-28.pdf,"Leases note - supplemental balance sheet information, PDF p.19-20",supplemental,GAAP,,billions_0dp,extracted,self_checked,'$261 billion' as of Feb 28 2026; includes a lease with a guaranteed $2.2B lessor borrowing.
DEBT_100,FY2026_Q3,4954,USD_m,SRC-008,ORCL_FY2026_Q3_10-Q_2026-02-28.pdf,"Condensed consolidated balance sheets, PDF p.4",reported,GAAP,,exact_millions,extracted,self_checked,"6.50% Series D Mandatory Convertible Preferred issued Feb 5 2026 (0.05 shares / 100M depositary shares), $5.0B net proceeds."
DEBT_110,FY2026_Q3,22,USD_m,SRC-008,ORCL_FY2026_Q3_10-Q_2026-02-28.pdf,"Condensed consolidated statements of operations (3&9mo), PDF p.6 (filing p.2)",reported,GAAP,,exact_millions,extracted,self_checked,First quarter preferred dividends appear.
SHARE_010,FY2026_Q3,2874,shares_m,SRC-008,ORCL_FY2026_Q3_10-Q_2026-02-28.pdf,"Condensed consolidated statements of operations (3&9mo), PDF p.6 (filing p.2)",reported,GAAP,,exact_millions,extracted,self_checked,
SHARE_020,FY2026_Q3,2912,shares_m,SRC-008,ORCL_FY2026_Q3_10-Q_2026-02-28.pdf,"Condensed consolidated statements of operations (3&9mo), PDF p.6 (filing p.2)",reported,GAAP,,exact_millions,extracted,self_checked,
SHARE_030,FY2026_Q3,38,shares_m,SRC-008,ORCL_FY2026_Q3_10-Q_2026-02-28.pdf,"Condensed consolidated statements of operations (3&9mo), PDF p.6 (filing p.2)",calculated,GAAP,= SHARE_020 - SHARE_010,exact_millions,extracted,self_checked,
SHARE_040,FY2026_Q3,2875,shares_m,SRC-008,ORCL_FY2026_Q3_10-Q_2026-02-28.pdf,"Condensed consolidated balance sheets, PDF p.4",reported,GAAP,,exact_millions,extracted,self_checked,
SHARE_050,FY2026_Q3,0,shares_m,SRC-024,ORCL_2026_10-K_FY_Ended_2026-05-31.pdf,"MD&A/equity - mandatory convertible preferred and ATM Program, PDF p.55",reported,GAAP,,exact_millions,extracted,self_checked,No ATM sales yet (established but unused through the FY26 10-K date).
SHARE_070,FY2026_Q3,0,USD_m,SRC-008,ORCL_FY2026_Q3_10-Q_2026-02-28.pdf,"Condensed consolidated statements of cash flows (9mo), PDF p.9",calculated,GAAP,=YTD(9mo)95-YTD(6mo)95,exact_millions,extracted,self_checked,
KPI_010,FY2026_Q3,0.17,pct,SRC-015,ORCL_FY2026_Q3_Earnings_Release_2026-03-10.pdf,"Q3 FY2026 earnings release headline bullets, PDF p.1",supplemental,non-GAAP,,whole_percent,extracted,self_checked,"Fusion Cloud ERP $1.1B, +17%/+14% CC."
KPI_020,FY2026_Q3,0.14,pct,SRC-015,ORCL_FY2026_Q3_Earnings_Release_2026-03-10.pdf,"Q3 FY2026 earnings release headline bullets, PDF p.1",supplemental,non-GAAP,,whole_percent,extracted,self_checked,"NetSuite $1.1B, +14%/+11% CC."
RPO_010,FY2026_Q3,552.6,USD_b,SRC-008,ORCL_FY2026_Q3_10-Q_2026-02-28.pdf,"Revenue recognition note - remaining performance obligations, PDF p.13-14 & p.36",reported,GAAP,,billions_1dp,extracted,self_checked,'$552.6 billion' as of Feb 28 2026; release headline '$553 billion' (+325%).
RPO_020,FY2026_Q3,0.12,pct,SRC-008,ORCL_FY2026_Q3_10-Q_2026-02-28.pdf,"Revenue recognition note - remaining performance obligations, PDF p.13-14 & p.36",reported,GAAP,,whole_percent,extracted,self_checked,'approximately 12%'.
RPO_030,FY2026_Q3,66.3,USD_b,SRC-008,ORCL_FY2026_Q3_10-Q_2026-02-28.pdf,"Revenue recognition note - remaining performance obligations, PDF p.13-14 & p.36",calculated,GAAP,=552.6*0.12,billions_1dp,extracted,self_checked,
RPO_050,FY2026_Q3,12%/31%/35%/rem,buckets,SRC-008,ORCL_FY2026_Q3_10-Q_2026-02-28.pdf,"Revenue recognition note - remaining performance obligations, PDF p.13-14 & p.36",reported,GAAP,,whole_percent,extracted,self_checked,
REV_011,FY2026_Q1,7186,USD_m,SRC-006,ORCL_FY2026_Q1_10-Q_2025-08-31.pdf,"Condensed consolidated statements of operations, PDF p.7 (filing p.4)",reported,GAAP,,exact_millions,extracted,self_checked,"New FY26 filed caption 'Cloud'; prior-year comparative recast to 5,623. Validated vs SRC-013 statement (identical)."
REV_021,FY2026_Q1,5721,USD_m,SRC-006,ORCL_FY2026_Q1_10-Q_2025-08-31.pdf,"Condensed consolidated statements of operations, PDF p.7 (filing p.4)",reported,GAAP,,exact_millions,extracted,self_checked,"New FY26 filed caption 'Software'; prior-year recast 5,766 = old CS&LS support component + license."
REV_030,FY2026_Q1,670,USD_m,SRC-006,ORCL_FY2026_Q1_10-Q_2025-08-31.pdf,"Condensed consolidated statements of operations, PDF p.7 (filing p.4)",reported,GAAP,,exact_millions,extracted,self_checked,
REV_040,FY2026_Q1,1349,USD_m,SRC-006,ORCL_FY2026_Q1_10-Q_2025-08-31.pdf,"Condensed consolidated statements of operations, PDF p.7 (filing p.4)",reported,GAAP,,exact_millions,extracted,self_checked,
REV_050,FY2026_Q1,14926,USD_m,SRC-006,ORCL_FY2026_Q1_10-Q_2025-08-31.pdf,"Condensed consolidated statements of operations, PDF p.7 (filing p.4)",reported,GAAP,,exact_millions,extracted,self_checked,
REV_060,FY2026_Q1,0.12,pct,SRC-013,ORCL_FY2026_Q1_Earnings_Release_2025-09-09.pdf,"Q1 FY2026 earnings release headline bullets, PDF p.1",reported,GAAP,,whole_percent,extracted,self_checked,Total revenue +12% USD per release; CC +11% (REV_070).
REV_070,FY2026_Q1,0.11,pct,SRC-013,ORCL_FY2026_Q1_Earnings_Release_2025-09-09.pdf,"Q1 FY2026 earnings release headline bullets, PDF p.1",reported,GAAP,,whole_percent,extracted,self_checked,"Constant currency, Oracle-computed (May 31 2025 rates)."
REV_110,FY2026_Q1,7186,USD_m,SRC-013,ORCL_FY2026_Q1_Earnings_Release_2025-09-09.pdf,"Supplemental analysis of GAAP revenues, PDF p.9-10",supplemental,GAAP,,exact_millions,extracted,self_checked,Under FY26 presentation total cloud (IaaS+SaaS) = filed 'Cloud' caption (REV_011); identity documented.
REV_115,FY2026_Q1,0.28,pct,SRC-013,ORCL_FY2026_Q1_Earnings_Release_2025-09-09.pdf,"Q1 FY2026 earnings release headline bullets, PDF p.1",supplemental,GAAP,,whole_percent,extracted,self_checked,+28% USD / +27% CC.
REV_120,FY2026_Q1,3347,USD_m,SRC-006,ORCL_FY2026_Q1_10-Q_2025-08-31.pdf,"Revenue Recognition note - cloud revenues by offerings, PDF p.32",supplemental,GAAP,,exact_millions,extracted,self_checked,"10-Q footnote (rung 2) controls; release supplemental table shows identical 3,347. Headline '$3.3B +55%'."
REV_125,FY2026_Q1,0.55,pct,SRC-013,ORCL_FY2026_Q1_Earnings_Release_2025-09-09.pdf,"Q1 FY2026 earnings release headline bullets, PDF p.1",supplemental,GAAP,,whole_percent,extracted,self_checked,+55% USD / +54% CC.
REV_130,FY2026_Q1,3839,USD_m,SRC-006,ORCL_FY2026_Q1_10-Q_2025-08-31.pdf,"Revenue Recognition note - cloud revenues by offerings, PDF p.32",supplemental,GAAP,,exact_millions,extracted,self_checked,"Release supplemental identical 3,839. Headline '$3.8B +11%'."
REV_135,FY2026_Q1,0.11,pct,SRC-013,ORCL_FY2026_Q1_Earnings_Release_2025-09-09.pdf,"Q1 FY2026 earnings release headline bullets, PDF p.1",supplemental,GAAP,,whole_percent,extracted,self_checked,+11% USD / +10% CC.
REV_145,FY2026_Q1,4955,USD_m,SRC-006,ORCL_FY2026_Q1_10-Q_2025-08-31.pdf,"Revenue Recognition note - software revenues by offerings, PDF p.30",supplemental,GAAP,,exact_millions,extracted,self_checked,FY26 caption 'Software support' (by-offerings footnote); series continuous with pre-FY26 license-support MD&A split per D-013 bridge.
REV_147,FY2026_Q1,766,USD_m,SRC-006,ORCL_FY2026_Q1_10-Q_2025-08-31.pdf,"Revenue Recognition note - software revenues by offerings, PDF p.30",supplemental,GAAP,,exact_millions,extracted,self_checked,NEW FIELD (D-013): 'Software license' per by-offerings footnote; series continuous with pre-FY26 REV_020 caption (FY25Q1 comparative 870 ties).
REV_310,FY2026_Q1,3347,USD_m,SRC-006,ORCL_FY2026_Q1_10-Q_2025-08-31.pdf,"Revenue Recognition note - cloud revenues by offerings, PDF p.32",calculated,GAAP,"= REV_120 (bridge, disclosed IaaS dollars)",exact_millions,extracted,self_checked,
REV_320,FY2026_Q1,3839,USD_m,SRC-006,ORCL_FY2026_Q1_10-Q_2025-08-31.pdf,"Revenue Recognition note - cloud revenues by offerings, PDF p.32",calculated,GAAP,"= REV_130 (bridge, disclosed SaaS dollars)",exact_millions,extracted,self_checked,
REV_330,FY2026_Q1,4955,USD_m,SRC-006,ORCL_FY2026_Q1_10-Q_2025-08-31.pdf,"Revenue Recognition note - software revenues by offerings, PDF p.30",calculated,GAAP,= REV_145 (FY26 bridge: directly disclosed software support; replaces residual formula per D-013),exact_millions,extracted,self_checked,Better than residual: no rounding inheritance.
REV_340,FY2026_Q1,766,USD_m,SRC-006,ORCL_FY2026_Q1_10-Q_2025-08-31.pdf,"Revenue Recognition note - software revenues by offerings, PDF p.30",calculated,GAAP,= REV_147 (FY26 bridge; pre-FY26: = REV_020),exact_millions,extracted,self_checked,
REV_350,FY2026_Q1,670,USD_m,SRC-006,ORCL_FY2026_Q1_10-Q_2025-08-31.pdf,"Condensed consolidated statements of operations, PDF p.7 (filing p.4)",calculated,GAAP,= REV_030 (identity),exact_millions,extracted,self_checked,
REV_360,FY2026_Q1,1349,USD_m,SRC-006,ORCL_FY2026_Q1_10-Q_2025-08-31.pdf,"Condensed consolidated statements of operations, PDF p.7 (filing p.4)",calculated,GAAP,= REV_040 (identity),exact_millions,extracted,self_checked,
REV_370,FY2026_Q1,14926,USD_m,SRC-006,ORCL_FY2026_Q1_10-Q_2025-08-31.pdf,"Condensed consolidated statements of operations, PDF p.7 (filing p.4)",calculated,GAAP,= sum(REV_310..REV_360),exact_millions,extracted,self_checked,"3347+3839+4955+766+670+1349 = 14,926 = REV_050 (CHECK_020 pass)."
COGS_011,FY2026_Q1,3607,USD_m,SRC-006,ORCL_FY2026_Q1_10-Q_2025-08-31.pdf,"Condensed consolidated statements of operations, PDF p.7 (filing p.4)",reported,GAAP,,exact_millions,extracted,self_checked,"NEW FY26 caption 'Cloud and software' expenses; prior-year 2,597 = old CS&LS expense line unchanged (relabel only)."
COGS_020,FY2026_Q1,178,USD_m,SRC-006,ORCL_FY2026_Q1_10-Q_2025-08-31.pdf,"Condensed consolidated statements of operations, PDF p.7 (filing p.4)",reported,GAAP,,exact_millions,extracted,self_checked,
COGS_030,FY2026_Q1,1099,USD_m,SRC-006,ORCL_FY2026_Q1_10-Q_2025-08-31.pdf,"Condensed consolidated statements of operations, PDF p.7 (filing p.4)",reported,GAAP,,exact_millions,extracted,self_checked,
COGS_050,FY2026_Q1,10042,USD_m,SRC-006,ORCL_FY2026_Q1_10-Q_2025-08-31.pdf,"Condensed consolidated statements of operations, PDF p.7 (filing p.4)",calculated,GAAP,= REV_050 - COGS_011 - COGS_020 - COGS_030 (FY26 presentation),exact_millions,extracted,self_checked,Analyst-defined gross profit; COGS_011 substitutes for COGS_010 under FY26 captions (D-013).
COGS_060,FY2026_Q1,0.6728,pct,SRC-006,ORCL_FY2026_Q1_10-Q_2025-08-31.pdf,"Condensed consolidated statements of operations, PDF p.7 (filing p.4)",calculated,GAAP,= COGS_050 / REV_050,exact_millions,extracted,self_checked,
OPEX_010,FY2026_Q1,2063,USD_m,SRC-006,ORCL_FY2026_Q1_10-Q_2025-08-31.pdf,"Condensed consolidated statements of operations, PDF p.7 (filing p.4)",reported,GAAP,,exact_millions,extracted,self_checked,
OPEX_020,FY2026_Q1,2491,USD_m,SRC-006,ORCL_FY2026_Q1_10-Q_2025-08-31.pdf,"Condensed consolidated statements of operations, PDF p.7 (filing p.4)",reported,GAAP,,exact_millions,extracted,self_checked,
OPEX_030,FY2026_Q1,376,USD_m,SRC-006,ORCL_FY2026_Q1_10-Q_2025-08-31.pdf,"Condensed consolidated statements of operations, PDF p.7 (filing p.4)",reported,GAAP,,exact_millions,extracted,self_checked,
OPEX_040,FY2026_Q1,420,USD_m,SRC-006,ORCL_FY2026_Q1_10-Q_2025-08-31.pdf,"Condensed consolidated statements of operations, PDF p.7 (filing p.4)",reported,GAAP,,exact_millions,extracted,self_checked,
OPEX_050,FY2026_Q1,13,USD_m,SRC-006,ORCL_FY2026_Q1_10-Q_2025-08-31.pdf,"Condensed consolidated statements of operations, PDF p.7 (filing p.4)",reported,GAAP,,exact_millions,extracted,self_checked,Still a separate filed line in FY26 10-Qs (merged only in 10-K/Q4-release presentation).
OPEX_060,FY2026_Q1,402,USD_m,SRC-006,ORCL_FY2026_Q1_10-Q_2025-08-31.pdf,"Condensed consolidated statements of operations, PDF p.7 (filing p.4)",reported,GAAP,,exact_millions,extracted,self_checked,2026 Oracle Restructuring Plan; total estimated costs up to $2.1B (per Q3 10-Q note).
OPEX_070,FY2026_Q1,1124,USD_m,SRC-006,ORCL_FY2026_Q1_10-Q_2025-08-31.pdf,"Condensed consolidated statements of cash flows, PDF p.10 (filing p.7)",supplemental,GAAP,,exact_millions,extracted,self_checked,"Q1 YTD = standalone. Cross-checked to release non-GAAP SBC table (1,124)."
OPEX_080,FY2026_Q1,10649,USD_m,SRC-006,ORCL_FY2026_Q1_10-Q_2025-08-31.pdf,"Condensed consolidated statements of operations, PDF p.7 (filing p.4)",calculated,GAAP,= COGS_011+COGS_020+COGS_030+OPEX_010..060,exact_millions,extracted,self_checked,"Equals filed 'Total operating expenses' 10,649 exactly."
PROF_010,FY2026_Q1,4277,USD_m,SRC-006,ORCL_FY2026_Q1_10-Q_2025-08-31.pdf,"Condensed consolidated statements of operations, PDF p.7 (filing p.4)",reported,GAAP,,exact_millions,extracted,self_checked,
PROF_020,FY2026_Q1,0.2866,pct,SRC-006,ORCL_FY2026_Q1_10-Q_2025-08-31.pdf,"Condensed consolidated statements of operations, PDF p.7 (filing p.4)",calculated,GAAP,= PROF_010 / REV_050,exact_millions,extracted,self_checked,Release states 29%.
PROF_030,FY2026_Q1,6236,USD_m,SRC-013,ORCL_FY2026_Q1_Earnings_Release_2025-09-09.pdf,"Reconciliation of selected GAAP to non-GAAP measures, PDF p.4-5",reported,non-GAAP,,exact_millions,extracted,self_checked,"GAAP 4,277 + adj 1,959 (SBC 1,124 + amort 420 + acq 13 + restr 402)."
PROF_040,FY2026_Q1,0.4178,pct,SRC-013,ORCL_FY2026_Q1_Earnings_Release_2025-09-09.pdf,"Reconciliation of selected GAAP to non-GAAP measures, PDF p.4-5",calculated,non-GAAP,= PROF_030 / REV_050,exact_millions,extracted,self_checked,Release states 42%.
PROF_050,FY2026_Q1,923,USD_m,SRC-006,ORCL_FY2026_Q1_10-Q_2025-08-31.pdf,"Condensed consolidated statements of operations, PDF p.7 (filing p.4)",reported,GAAP,,exact_millions,extracted,self_checked,
PROF_060,FY2026_Q1,73,USD_m,SRC-006,ORCL_FY2026_Q1_10-Q_2025-08-31.pdf,"Condensed consolidated statements of operations, PDF p.7 (filing p.4)",reported,GAAP,,exact_millions,extracted,self_checked,"Caption 'Non-operating income, net'."
PROF_065,FY2026_Q1,103,USD_m,SRC-006,ORCL_FY2026_Q1_10-Q_2025-08-31.pdf,"Non-operating income note - interest income, PDF p.15",supplemental,GAAP,,exact_millions,extracted,self_checked,Quarterly interest income IS disclosed in 10-Q non-operating footnote (disclosure-matrix upgrade).
PROF_070,FY2026_Q1,3427,USD_m,SRC-006,ORCL_FY2026_Q1_10-Q_2025-08-31.pdf,"Condensed consolidated statements of operations, PDF p.7 (filing p.4)",reported,GAAP,"identity check: 4,277-923+73 = 3,427",exact_millions,extracted,self_checked,
PROF_080,FY2026_Q1,500,USD_m,SRC-006,ORCL_FY2026_Q1_10-Q_2025-08-31.pdf,"Condensed consolidated statements of operations, PDF p.7 (filing p.4)",reported,GAAP,,exact_millions,extracted,self_checked,Includes $958M net tax expense from OBBBA (release Appendix A).
PROF_090,FY2026_Q1,0.1459,pct,SRC-006,ORCL_FY2026_Q1_10-Q_2025-08-31.pdf,"Condensed consolidated statements of operations, PDF p.7 (filing p.4)",calculated,GAAP,= PROF_080 / PROF_070,exact_millions,extracted,self_checked,Release states GAAP ETR 14.6%. Distorted by OBBBA discrete item.
PROF_100,FY2026_Q1,2927,USD_m,SRC-006,ORCL_FY2026_Q1_10-Q_2025-08-31.pdf,"Condensed consolidated statements of operations, PDF p.7 (filing p.4)",reported,GAAP,,exact_millions,extracted,self_checked,No preferred outstanding in Q1; NI = NI available to common.
PROF_110,FY2026_Q1,4283,USD_m,SRC-013,ORCL_FY2026_Q1_Earnings_Release_2025-09-09.pdf,"Reconciliation of selected GAAP to non-GAAP measures, PDF p.4-5",reported,non-GAAP,,exact_millions,extracted,self_checked,
PROF_120,FY2026_Q1,1.01,USD_per_share,SRC-006,ORCL_FY2026_Q1_10-Q_2025-08-31.pdf,"Condensed consolidated statements of operations, PDF p.7 (filing p.4)",reported,GAAP,,usd_cents,extracted,self_checked,Basic EPS 1.04 (no dedicated field; recorded here).
PROF_130,FY2026_Q1,1.47,USD_per_share,SRC-013,ORCL_FY2026_Q1_Earnings_Release_2025-09-09.pdf,"Reconciliation of selected GAAP to non-GAAP measures, PDF p.4-5",reported,non-GAAP,,usd_cents,extracted,self_checked,
PROF_140,FY2026_Q1,1351,USD_m,SRC-006,ORCL_FY2026_Q1_10-Q_2025-08-31.pdf,"Condensed consolidated statements of cash flows, PDF p.10 (filing p.7)",supplemental,GAAP,,exact_millions,extracted,self_checked,Q1 YTD = standalone. CF-statement PP&E depreciation line (includes finance-lease ROU amortization within PP&E per 10-K Note 4).
PROF_150,FY2026_Q1,1771,USD_m,SRC-006,ORCL_FY2026_Q1_10-Q_2025-08-31.pdf,"Condensed consolidated statements of cash flows, PDF p.10 (filing p.7)",calculated,GAAP,"= PROF_140 + CF amortization of intangibles (1,351+420)",exact_millions,extracted,self_checked,
PROF_160,FY2026_Q1,6048,USD_m,SRC-006,ORCL_FY2026_Q1_10-Q_2025-08-31.pdf,"Condensed consolidated statements of operations, PDF p.7 (filing p.4)",calculated,GAAP,"= PROF_010 + PROF_140 + OPEX_040 (D-014 primary definition, provisional pending user sign-off)",exact_millions,extracted,self_checked,"4,277+1,351+420. See EBITDA_DEFINITION_MEMO.md."
CF_010,FY2026_Q1,8140,USD_m,SRC-006,ORCL_FY2026_Q1_10-Q_2025-08-31.pdf,"Condensed consolidated statements of cash flows, PDF p.10 (filing p.7)",reported,GAAP,,exact_millions,extracted,self_checked,YTD as filed (Q1 YTD = quarter).
CF_015,FY2026_Q1,8140,USD_m,SRC-006,ORCL_FY2026_Q1_10-Q_2025-08-31.pdf,"Condensed consolidated statements of cash flows, PDF p.10 (filing p.7)",calculated,GAAP,Q1 standalone = YTD Q1,exact_millions,extracted,self_checked,
CF_020,FY2026_Q1,8502,USD_m,SRC-006,ORCL_FY2026_Q1_10-Q_2025-08-31.pdf,"Condensed consolidated statements of cash flows, PDF p.10 (filing p.7)",reported,GAAP,,exact_millions,extracted,self_checked,"Unpaid (accrued) capex additionally disclosed: $4,010M non-cash."
CF_025,FY2026_Q1,8502,USD_m,SRC-006,ORCL_FY2026_Q1_10-Q_2025-08-31.pdf,"Condensed consolidated statements of cash flows, PDF p.10 (filing p.7)",calculated,GAAP,Q1 standalone = YTD Q1,exact_millions,extracted,self_checked,
CF_030,FY2026_Q1,-362,USD_m,SRC-006,ORCL_FY2026_Q1_10-Q_2025-08-31.pdf,"Condensed consolidated statements of cash flows, PDF p.10 (filing p.7)",calculated,GAAP,= CF_015 - CF_025 (project FCF definition),exact_millions,extracted,self_checked,
CF_035,FY2026_Q1,-5880,USD_m,SRC-013,ORCL_FY2026_Q1_Earnings_Release_2025-09-09.pdf,"Free cash flow trailing 4-quarters table, PDF p.8",supplemental,non-GAAP,,exact_millions,extracted,self_checked,Oracle trailing-4-quarter FCF as presented; validation-only series.
CF_050,FY2026_Q1,0,USD_m,SRC-006,ORCL_FY2026_Q1_10-Q_2025-08-31.pdf,"Condensed consolidated statements of cash flows, PDF p.10 (filing p.7)",reported,GAAP,,exact_millions,extracted,self_checked,No borrowing-issuance proceeds lines in Q1 (term loan line '-'); commercial paper net REPAYMENT of 238 tracked in CF_060 notes.
CF_060,FY2026_Q1,1052,USD_m,SRC-006,ORCL_FY2026_Q1_10-Q_2025-08-31.pdf,"Condensed consolidated statements of cash flows, PDF p.10 (filing p.7)",reported,GAAP,,exact_millions,extracted,self_checked,"'Repayments of senior notes and other borrowings' line. Additionally 'Repayments of commercial paper, net' 238 (net line, kept separate; combined repayment activity 1,290)."
CF_070,FY2026_Q1,1170,USD_m,SRC-006,ORCL_FY2026_Q1_10-Q_2025-08-31.pdf,"Condensed consolidated statements of cash flows, PDF p.10 (filing p.7)",reported,GAAP,,exact_millions,extracted,self_checked,'Proceeds from issuances of common stock' (ESPP/options). No preferred or ATM issuance in Q1.
CF_080,FY2026_Q1,1413,USD_m,SRC-006,ORCL_FY2026_Q1_10-Q_2025-08-31.pdf,"Condensed consolidated statements of cash flows, PDF p.10 (filing p.7)",reported,GAAP,,exact_millions,extracted,self_checked,Common dividends $0.50/sh declared for next quarter.
CF_090,FY2026_Q1,95,USD_m,SRC-006,ORCL_FY2026_Q1_10-Q_2025-08-31.pdf,"Condensed consolidated statements of cash flows, PDF p.10 (filing p.7)",reported,GAAP,,exact_millions,extracted,self_checked,'Payments for repurchases of common stock'; excludes 17 of shares repurchased for tax withholdings (separate line).
CF_110,FY2026_Q1,-341,USD_m,SRC-006,ORCL_FY2026_Q1_10-Q_2025-08-31.pdf,"Condensed consolidated balance sheets, PDF p.5 (filing p.3)",calculated,GAAP,"= BS_010(Aug 31) - BS_010(May 31) = 10,445 - 10,786",exact_millions,extracted,self_checked,CF statement net decrease in cash also -341 (CHECK_100 pass).
BS_010,FY2026_Q1,10445,USD_m,SRC-006,ORCL_FY2026_Q1_10-Q_2025-08-31.pdf,"Condensed consolidated balance sheets, PDF p.5 (filing p.3)",reported,GAAP,,exact_millions,extracted,self_checked,
BS_020,FY2026_Q1,560,USD_m,SRC-006,ORCL_FY2026_Q1_10-Q_2025-08-31.pdf,"Condensed consolidated balance sheets, PDF p.5 (filing p.3)",reported,GAAP,,exact_millions,extracted,self_checked,
BS_030,FY2026_Q1,11005,USD_m,SRC-006,ORCL_FY2026_Q1_10-Q_2025-08-31.pdf,"Condensed consolidated balance sheets, PDF p.5 (filing p.3)",calculated,GAAP,= BS_010 + BS_020,exact_millions,extracted,self_checked,
BS_040,FY2026_Q1,53194,USD_m,SRC-006,ORCL_FY2026_Q1_10-Q_2025-08-31.pdf,"Condensed consolidated balance sheets, PDF p.5 (filing p.3)",reported,GAAP,,exact_millions,extracted,self_checked,
BS_060,FY2026_Q1,15979,USD_m,SRC-006,ORCL_FY2026_Q1_10-Q_2025-08-31.pdf,"Leases note - supplemental balance sheet information, PDF p.21",supplemental,GAAP,,exact_millions,extracted,self_checked,Not on Q1 balance-sheet face (within other non-current assets); from lease-note supplemental table.
BS_070,FY2026_Q1,12098,USD_m,SRC-006,ORCL_FY2026_Q1_10-Q_2025-08-31.pdf,"Condensed consolidated balance sheets, PDF p.5 (filing p.3)",reported,GAAP,,exact_millions,extracted,self_checked,CURRENT deferred revenues only; non-current portion not separately disclosed in Q1 10-Q (within other non-current liabilities). Definition sliver flagged in log.
BS_080,FY2026_Q1,8843,USD_m,SRC-006,ORCL_FY2026_Q1_10-Q_2025-08-31.pdf,"Condensed consolidated balance sheets, PDF p.5 (filing p.3)",reported,GAAP,,exact_millions,extracted,self_checked,Net of $526M credit-loss allowance.
BS_090,FY2026_Q1,180449,USD_m,SRC-006,ORCL_FY2026_Q1_10-Q_2025-08-31.pdf,"Condensed consolidated balance sheets, PDF p.5 (filing p.3)",reported,GAAP,,exact_millions,extracted,self_checked,
BS_100,FY2026_Q1,24666,USD_m,SRC-006,ORCL_FY2026_Q1_10-Q_2025-08-31.pdf,"Condensed consolidated balance sheets, PDF p.5 (filing p.3)",reported,GAAP,,exact_millions,extracted,self_checked,"Total incl. noncontrolling interests 512; Oracle-only stockholders' equity 24,154."
DEBT_010,FY2026_Q1,9079,USD_m,SRC-006,ORCL_FY2026_Q1_10-Q_2025-08-31.pdf,"Condensed consolidated balance sheets, PDF p.5 (filing p.3)",reported,GAAP,,exact_millions,extracted,self_checked,
DEBT_020,FY2026_Q1,82236,USD_m,SRC-006,ORCL_FY2026_Q1_10-Q_2025-08-31.pdf,"Condensed consolidated balance sheets, PDF p.5 (filing p.3)",reported,GAAP,,exact_millions,extracted,self_checked,
DEBT_030,FY2026_Q1,91315,USD_m,SRC-006,ORCL_FY2026_Q1_10-Q_2025-08-31.pdf,"Condensed consolidated balance sheets, PDF p.5 (filing p.3)",calculated,GAAP,= DEBT_010 + DEBT_020,exact_millions,extracted,self_checked,Borrowings only; excludes leases and (not-yet-issued) preferred per C-01 resolution definition.
DEBT_040,FY2026_Q1,80310,USD_m,SRC-006,ORCL_FY2026_Q1_10-Q_2025-08-31.pdf,"Condensed consolidated balance sheets, PDF p.5 (filing p.3)",calculated,GAAP,= DEBT_030 - BS_030,exact_millions,extracted,self_checked,
DEBT_050,FY2026_Q1,2196,USD_m,SRC-006,ORCL_FY2026_Q1_10-Q_2025-08-31.pdf,"Leases note - supplemental balance sheet information, PDF p.21",supplemental,GAAP,,exact_millions,extracted,self_checked,
DEBT_060,FY2026_Q1,14094,USD_m,SRC-006,ORCL_FY2026_Q1_10-Q_2025-08-31.pdf,"Leases note - supplemental balance sheet information, PDF p.21",reported,GAAP,,exact_millions,extracted,self_checked,Also on balance-sheet face.
DEBT_070,FY2026_Q1,99800,USD_m,SRC-006,ORCL_FY2026_Q1_10-Q_2025-08-31.pdf,"Leases note - supplemental balance sheet information, PDF p.21",supplemental,GAAP,,billions_1dp,extracted,self_checked,"Stated '$99.8 billion' as of Aug 31 2025; expected commencement Q2 FY26-FY28, 10-16 yr terms; NOT on balance sheet. Subsequent additional $6.6B (fiscal 2027-2028 commencement). Field was tagged annual-only in the disclosure matrix - 10-Qs DO disclose it (matrix correction recommended)."
DEBT_100,FY2026_Q1,0,USD_m,SRC-006,ORCL_FY2026_Q1_10-Q_2025-08-31.pdf,"Condensed consolidated balance sheets, PDF p.5 (filing p.3)",reported,GAAP,,exact_millions,extracted,self_checked,"Balance sheet: preferred authorized 1.0 shares, outstanding none at Aug 31 2025 (Series D issued Feb 5 2026)."
DEBT_110,FY2026_Q1,0,USD_m,SRC-006,ORCL_FY2026_Q1_10-Q_2025-08-31.pdf,"Condensed consolidated statements of operations, PDF p.7 (filing p.4)",reported,GAAP,,exact_millions,extracted,self_checked,No preferred outstanding; no preferred-dividend line in Q1 statement.
SHARE_010,FY2026_Q1,2826,shares_m,SRC-006,ORCL_FY2026_Q1_10-Q_2025-08-31.pdf,"Condensed consolidated statements of operations, PDF p.7 (filing p.4)",reported,GAAP,,exact_millions,extracted,self_checked,
SHARE_020,FY2026_Q1,2909,shares_m,SRC-006,ORCL_FY2026_Q1_10-Q_2025-08-31.pdf,"Condensed consolidated statements of operations, PDF p.7 (filing p.4)",reported,GAAP,,exact_millions,extracted,self_checked,
SHARE_030,FY2026_Q1,83,shares_m,SRC-006,ORCL_FY2026_Q1_10-Q_2025-08-31.pdf,"Condensed consolidated statements of operations, PDF p.7 (filing p.4)",calculated,GAAP,= SHARE_020 - SHARE_010,exact_millions,extracted,self_checked,
SHARE_040,FY2026_Q1,2841,shares_m,SRC-006,ORCL_FY2026_Q1_10-Q_2025-08-31.pdf,"Condensed consolidated balance sheets, PDF p.5 (filing p.3)",reported,GAAP,,exact_millions,extracted,self_checked,Common shares outstanding per balance-sheet caption as of Aug 31 2025.
SHARE_070,FY2026_Q1,95,USD_m,SRC-006,ORCL_FY2026_Q1_10-Q_2025-08-31.pdf,"Condensed consolidated statements of cash flows, PDF p.10 (filing p.7)",reported,GAAP,,exact_millions,extracted,self_checked,$ repurchases only; share count not disclosed in Q1 CF (equity footnote not extracted in pilot).
KPI_010,FY2026_Q1,0.17,pct,SRC-013,ORCL_FY2026_Q1_Earnings_Release_2025-09-09.pdf,"Q1 FY2026 earnings release headline bullets, PDF p.1",supplemental,non-GAAP,,whole_percent,extracted,self_checked,"Fusion Cloud ERP (SaaS) revenue $1.0B, +17% USD / +16% CC. Dollar level disclosed at headline (billions) precision."
KPI_020,FY2026_Q1,0.16,pct,SRC-013,ORCL_FY2026_Q1_Earnings_Release_2025-09-09.pdf,"Q1 FY2026 earnings release headline bullets, PDF p.1",supplemental,non-GAAP,,whole_percent,extracted,self_checked,"NetSuite Cloud ERP (SaaS) $1.0B, +16% USD / +15% CC."
RPO_010,FY2026_Q1,455.3,USD_b,SRC-006,ORCL_FY2026_Q1_10-Q_2025-08-31.pdf,"Note 8 Revenue Recognition - remaining performance obligations, PDF p.11",reported,GAAP,,billions_1dp,extracted,self_checked,"Footnote 455.3; release headline 455 (+359% USD and CC). MultiCloud database revenue +1,529% (release commentary)."
RPO_020,FY2026_Q1,0.1,pct,SRC-006,ORCL_FY2026_Q1_10-Q_2025-08-31.pdf,"Note 8 Revenue Recognition - remaining performance obligations, PDF p.11",reported,GAAP,,whole_percent,extracted,self_checked,'approximately 10%'.
RPO_030,FY2026_Q1,45.5,USD_b,SRC-006,ORCL_FY2026_Q1_10-Q_2025-08-31.pdf,"Note 8 Revenue Recognition - remaining performance obligations, PDF p.11",calculated,GAAP,= RPO_010 x RPO_020 = 455.3 x 0.10,billions_1dp,extracted,self_checked,Calculated from rounded %.
RPO_040,FY2026_Q1,3.59,pct,SRC-013,ORCL_FY2026_Q1_Earnings_Release_2025-09-09.pdf,"Q1 FY2026 earnings release headline bullets, PDF p.1",reported,GAAP,,whole_percent,extracted,self_checked,Release-stated +359%; independent recomputation deferred to 5B (FY25 Q1 RPO outside pilot scope).
RPO_050,FY2026_Q1,10%/25%/34%/rem,buckets,SRC-006,ORCL_FY2026_Q1_10-Q_2025-08-31.pdf,"Note 8 Revenue Recognition - remaining performance obligations, PDF p.11",reported,GAAP,,whole_percent,extracted,self_checked,0-12m ~10%; 13-36m 25%; 37-60m 34%; remainder thereafter. Field was tagged annual-only - Q1 10-Q discloses buckets (matrix correction recommended).
RPO_060,FY2026_Q1,332.2,USD_b,SRC-006,ORCL_FY2026_Q1_10-Q_2025-08-31.pdf,"Note 8 Revenue Recognition - remaining performance obligations, PDF p.11",calculated,GAAP,= RPO_010(Q1) - RPO_010(FY25Q4) + REV_050(Q1)/1000 = 455.3 - 138 + 14.9,billions_1dp,extracted,self_checked,FY25 Q4 RPO 138 taken from SRC-024 comparative disclosure (in pilot scope as FY26 anchor). Approximation only.
REV_011,FY2026_Q4,9913,USD_m,SRC-016,ORCL_FY2026_Q4_Earnings_Release_2026-06-10.pdf,"Q4 condensed consolidated statements of operations, PDF p.5",reported,GAAP,,exact_millions,extracted,self_checked,"Directly disclosed standalone Q4. Validation: FY 33,989 - 9M 24,076 = 9,913 (diff 0)."
REV_021,FY2026_Q4,6824,USD_m,SRC-016,ORCL_FY2026_Q4_Earnings_Release_2026-06-10.pdf,"Q4 condensed consolidated statements of operations, PDF p.5",reported,GAAP,,exact_millions,extracted,self_checked,"Validation: 24,541 - 17,717 = 6,824 (diff 0)."
REV_030,FY2026_Q4,924,USD_m,SRC-016,ORCL_FY2026_Q4_Earnings_Release_2026-06-10.pdf,"Q4 condensed consolidated statements of operations, PDF p.5",reported,GAAP,,exact_millions,extracted,self_checked,"Validation: 3,084 - 2,160 = 924 (diff 0)."
REV_040,FY2026_Q4,1523,USD_m,SRC-016,ORCL_FY2026_Q4_Earnings_Release_2026-06-10.pdf,"Q4 condensed consolidated statements of operations, PDF p.5",reported,GAAP,,exact_millions,extracted,self_checked,"Validation: 5,743 - 4,220 = 1,523 (diff 0)."
REV_050,FY2026_Q4,19184,USD_m,SRC-016,ORCL_FY2026_Q4_Earnings_Release_2026-06-10.pdf,"Q4 condensed consolidated statements of operations, PDF p.5",reported,GAAP,,exact_millions,extracted,self_checked,"Validation: 67,357 - 48,173 = 19,184 (diff 0)."
REV_060,FY2026_Q4,0.21,pct,SRC-016,ORCL_FY2026_Q4_Earnings_Release_2026-06-10.pdf,"Q4 condensed consolidated statements of operations, PDF p.5",reported,GAAP,,whole_percent,extracted,self_checked,+21% USD / +20% CC.
REV_070,FY2026_Q4,0.2,pct,SRC-016,ORCL_FY2026_Q4_Earnings_Release_2026-06-10.pdf,"Q4 condensed consolidated statements of operations, PDF p.5",reported,GAAP,,whole_percent,extracted,self_checked,
REV_110,FY2026_Q4,9913,USD_m,SRC-016,ORCL_FY2026_Q4_Earnings_Release_2026-06-10.pdf,"Q4 condensed consolidated statements of operations, PDF p.5",supplemental,GAAP,,exact_millions,extracted,self_checked,= filed 'Cloud' caption under FY26 presentation; headline '$9.9B +47%'.
REV_115,FY2026_Q4,0.47,pct,SRC-016,ORCL_FY2026_Q4_Earnings_Release_2026-06-10.pdf,"Q4 FY2026 earnings release headline bullets/body, PDF p.1-2",supplemental,GAAP,,whole_percent,extracted,self_checked,+47% USD / +46% CC.
REV_120,FY2026_Q4,5787,USD_m,SRC-024,ORCL_2026_10-K_FY_Ended_2026-05-31.pdf,"Revenue disaggregation by offerings, PDF p.104 (also MD&A p.55-56 area)",calculated,GAAP,"= FY 18,101 (SRC-024) - 9M 12,314 (SRC-008)",exact_millions,extracted,self_checked,"Validation: release/slides headline '$5.8B +93%' (5.787 rounds to 5.8, pass). Exact Q4 IaaS millions not in captured release PDF (right-edge clipped, SRC-016 capture defect)."
REV_125,FY2026_Q4,0.93,pct,SRC-016,ORCL_FY2026_Q4_Earnings_Release_2026-06-10.pdf,"Q4 FY2026 earnings release headline bullets/body, PDF p.1-2",supplemental,GAAP,,whole_percent,extracted,self_checked,+93% USD / +92% CC.
REV_130,FY2026_Q4,4126,USD_m,SRC-024,ORCL_2026_10-K_FY_Ended_2026-05-31.pdf,"Revenue disaggregation by offerings, PDF p.104 (also MD&A p.55-56 area)",calculated,GAAP,"= FY 15,888 - 9M 11,762",exact_millions,extracted,self_checked,Validation: headline '$4.1B +10%' (pass).
REV_135,FY2026_Q4,0.1,pct,SRC-016,ORCL_FY2026_Q4_Earnings_Release_2026-06-10.pdf,"Q4 FY2026 earnings release headline bullets/body, PDF p.1-2",supplemental,GAAP,,whole_percent,extracted,self_checked,+10% USD / +9% CC.
REV_145,FY2026_Q4,4943,USD_m,SRC-024,ORCL_2026_10-K_FY_Ended_2026-05-31.pdf,"Revenue disaggregation by offerings, PDF p.104 (also MD&A p.55-56 area)",calculated,GAAP,"= FY 19,804 - 9M 14,861",exact_millions,extracted,self_checked,"Software support. Cross-foot: 4,943+1,881 = 6,824 = Q4 Software (pass)."
REV_147,FY2026_Q4,1881,USD_m,SRC-024,ORCL_2026_10-K_FY_Ended_2026-05-31.pdf,"Revenue disaggregation by offerings, PDF p.104 (also MD&A p.55-56 area)",calculated,GAAP,"= FY 4,737 - 9M 2,856",exact_millions,extracted,self_checked,Software license.
REV_310,FY2026_Q4,5787,USD_m,SRC-024,ORCL_2026_10-K_FY_Ended_2026-05-31.pdf,"Revenue disaggregation by offerings, PDF p.104 (also MD&A p.55-56 area)",calculated,GAAP,= REV_120 (bridge),exact_millions,extracted,self_checked,
REV_320,FY2026_Q4,4126,USD_m,SRC-024,ORCL_2026_10-K_FY_Ended_2026-05-31.pdf,"Revenue disaggregation by offerings, PDF p.104 (also MD&A p.55-56 area)",calculated,GAAP,= REV_130 (bridge),exact_millions,extracted,self_checked,
REV_330,FY2026_Q4,4943,USD_m,SRC-024,ORCL_2026_10-K_FY_Ended_2026-05-31.pdf,"Revenue disaggregation by offerings, PDF p.104 (also MD&A p.55-56 area)",calculated,GAAP,= REV_145 (FY26 bridge),exact_millions,extracted,self_checked,
REV_340,FY2026_Q4,1881,USD_m,SRC-024,ORCL_2026_10-K_FY_Ended_2026-05-31.pdf,"Revenue disaggregation by offerings, PDF p.104 (also MD&A p.55-56 area)",calculated,GAAP,= REV_147 (FY26 bridge),exact_millions,extracted,self_checked,
REV_350,FY2026_Q4,924,USD_m,SRC-016,ORCL_FY2026_Q4_Earnings_Release_2026-06-10.pdf,"Q4 condensed consolidated statements of operations, PDF p.5",calculated,GAAP,= REV_030 (identity),exact_millions,extracted,self_checked,
REV_360,FY2026_Q4,1523,USD_m,SRC-016,ORCL_FY2026_Q4_Earnings_Release_2026-06-10.pdf,"Q4 condensed consolidated statements of operations, PDF p.5",calculated,GAAP,= REV_040 (identity),exact_millions,extracted,self_checked,
REV_370,FY2026_Q4,19184,USD_m,SRC-016,ORCL_FY2026_Q4_Earnings_Release_2026-06-10.pdf,"Q4 condensed consolidated statements of operations, PDF p.5",calculated,GAAP,= sum(REV_310..REV_360),exact_millions,extracted,self_checked,"5787+4126+4943+1881+924+1523 = 19,184 = REV_050 (CHECK_020 pass)."
COGS_011,FY2026_Q4,5224,USD_m,SRC-016,ORCL_FY2026_Q4_Earnings_Release_2026-06-10.pdf,"Q4 condensed consolidated statements of operations, PDF p.5",reported,GAAP,,exact_millions,extracted,self_checked,"Validation: 17,597 - 12,373 = 5,224 (diff 0)."
COGS_020,FY2026_Q4,293,USD_m,SRC-016,ORCL_FY2026_Q4_Earnings_Release_2026-06-10.pdf,"Q4 condensed consolidated statements of operations, PDF p.5",reported,GAAP,,exact_millions,extracted,self_checked,"Validation: 868 - 576 = 292 (diff 1, recast rounding; release direct value controls)."
COGS_030,FY2026_Q4,1155,USD_m,SRC-016,ORCL_FY2026_Q4_Earnings_Release_2026-06-10.pdf,"Q4 condensed consolidated statements of operations, PDF p.5",reported,GAAP,,exact_millions,extracted,self_checked,"Validation: 4,556 - 3,401 = 1,155 (diff 0)."
COGS_050,FY2026_Q4,12512,USD_m,SRC-016,ORCL_FY2026_Q4_Earnings_Release_2026-06-10.pdf,"Q4 condensed consolidated statements of operations, PDF p.5",calculated,GAAP,"= 19,184 - 5,224 - 293 - 1,155",exact_millions,extracted,self_checked,
COGS_060,FY2026_Q4,0.6522,pct,SRC-016,ORCL_FY2026_Q4_Earnings_Release_2026-06-10.pdf,"Q4 condensed consolidated statements of operations, PDF p.5",calculated,GAAP,= COGS_050 / REV_050,exact_millions,extracted,self_checked,
OPEX_010,FY2026_Q4,2068,USD_m,SRC-016,ORCL_FY2026_Q4_Earnings_Release_2026-06-10.pdf,"Q4 condensed consolidated statements of operations, PDF p.5",reported,GAAP,,exact_millions,extracted,self_checked,"Validation: 8,331 - 6,263 = 2,068 (diff 0)."
OPEX_020,FY2026_Q4,2613,USD_m,SRC-016,ORCL_FY2026_Q4_Earnings_Release_2026-06-10.pdf,"Q4 condensed consolidated statements of operations, PDF p.5",reported,GAAP,,exact_millions,extracted,self_checked,"Validation: 10,272 - 7,658 = 2,614 (diff 1)."
OPEX_030,FY2026_Q4,444,USD_m,SRC-016,ORCL_FY2026_Q4_Earnings_Release_2026-06-10.pdf,"Q4 condensed consolidated statements of operations, PDF p.5",reported,GAAP,,exact_millions,extracted,self_checked,"Validation: 1,618 - 1,174 = 444 (diff 0)."
OPEX_040,FY2026_Q4,431,USD_m,SRC-016,ORCL_FY2026_Q4_Earnings_Release_2026-06-10.pdf,"Q4 condensed consolidated statements of operations, PDF p.5",reported,GAAP,,exact_millions,extracted,self_checked,"Validation: 1,671 - 1,239 = 432 (diff 1)."
OPEX_065,FY2026_Q4,823,USD_m,SRC-016,ORCL_FY2026_Q4_Earnings_Release_2026-06-10.pdf,"Q4 condensed consolidated statements of operations, PDF p.5",reported,GAAP,,exact_millions,extracted,self_checked,"NEW FIELD (D-013): Q4-release/10-K caption 'Restructuring and other' merges the 10-Q lines 'Acquisition related and other' + 'Restructuring'. Validation: 1,838 - (961+55) = 822 (diff 1)."
OPEX_070,FY2026_Q4,1203,USD_m,SRC-016,ORCL_FY2026_Q4_Earnings_Release_2026-06-10.pdf,"Q4 reconciliation of GAAP to non-GAAP measures, PDF p.6",reported,GAAP,,exact_millions,extracted,self_checked,"Release SBC table. Validation: CF-basis FY 4,811 - 9M 3,608 = 1,203 (diff 0)."
OPEX_080,FY2026_Q4,13051,USD_m,SRC-016,ORCL_FY2026_Q4_Earnings_Release_2026-06-10.pdf,"Q4 condensed consolidated statements of operations, PDF p.5",calculated,GAAP,= COGS_011+020+030 + OPEX_010..040 + OPEX_065,exact_millions,extracted,self_checked,"Equals filed total operating expenses 13,051; FY-9M validation 46,751-33,700 = 13,051 (diff 0)."
PROF_010,FY2026_Q4,6133,USD_m,SRC-016,ORCL_FY2026_Q4_Earnings_Release_2026-06-10.pdf,"Q4 condensed consolidated statements of operations, PDF p.5",reported,GAAP,,exact_millions,extracted,self_checked,"Validation: 20,606 - 14,473 = 6,133 (diff 0)."
PROF_020,FY2026_Q4,0.3197,pct,SRC-016,ORCL_FY2026_Q4_Earnings_Release_2026-06-10.pdf,"Q4 condensed consolidated statements of operations, PDF p.5",calculated,GAAP,= PROF_010 / REV_050,exact_millions,extracted,self_checked,Release states 32%.
PROF_030,FY2026_Q4,8590,USD_m,SRC-016,ORCL_FY2026_Q4_Earnings_Release_2026-06-10.pdf,"Q4 reconciliation of GAAP to non-GAAP measures, PDF p.6",reported,non-GAAP,,exact_millions,extracted,self_checked,"GAAP 6,133 + adj 2,457 (SBC 1,203 + amort 431 + restructuring and other 823)."
PROF_040,FY2026_Q4,0.4478,pct,SRC-016,ORCL_FY2026_Q4_Earnings_Release_2026-06-10.pdf,"Q4 reconciliation of GAAP to non-GAAP measures, PDF p.6",calculated,non-GAAP,= PROF_030 / REV_050,exact_millions,extracted,self_checked,Release states 45%.
PROF_050,FY2026_Q4,1438,USD_m,SRC-016,ORCL_FY2026_Q4_Earnings_Release_2026-06-10.pdf,"Q4 condensed consolidated statements of operations, PDF p.5",reported,GAAP,,exact_millions,extracted,self_checked,"Validation: 4,599 - 3,160 = 1,439 (diff 1)."
PROF_060,FY2026_Q4,675,USD_m,SRC-016,ORCL_FY2026_Q4_Earnings_Release_2026-06-10.pdf,"Q4 condensed consolidated statements of operations, PDF p.5",reported,GAAP,,exact_millions,extracted,self_checked,"Validation: 3,547 - 2,872 = 675 (diff 0). FY total includes large investment gains (Ampere etc.)."
PROF_065,FY2026_Q4,289,USD_m,SRC-024,ORCL_2026_10-K_FY_Ended_2026-05-31.pdf,"Non-operating income note, PDF p.81",calculated,GAAP,= FY 780 (SRC-024) - 9M 491 (SRC-008),exact_millions,extracted,self_checked,Quarterly interest income disclosed in 10-Q footnotes; annual in 10-K.
PROF_070,FY2026_Q4,5370,USD_m,SRC-016,ORCL_FY2026_Q4_Earnings_Release_2026-06-10.pdf,"Q4 condensed consolidated statements of operations, PDF p.5",reported,GAAP,,exact_millions,extracted,self_checked,"Validation: 19,554 - 14,185 = 5,369 (diff 1)."
PROF_080,FY2026_Q4,1066,USD_m,SRC-016,ORCL_FY2026_Q4_Earnings_Release_2026-06-10.pdf,"Q4 condensed consolidated statements of operations, PDF p.5",reported,GAAP,,exact_millions,extracted,self_checked,"Validation: 2,467 - 1,402 = 1,065 (diff 1). GAAP ETR 19.8% per release."
PROF_090,FY2026_Q4,0.1985,pct,SRC-016,ORCL_FY2026_Q4_Earnings_Release_2026-06-10.pdf,"Q4 condensed consolidated statements of operations, PDF p.5",calculated,GAAP,= PROF_080 / PROF_070,exact_millions,extracted,self_checked,
PROF_100,FY2026_Q4,4304,USD_m,SRC-016,ORCL_FY2026_Q4_Earnings_Release_2026-06-10.pdf,"Q4 condensed consolidated statements of operations, PDF p.5",reported,GAAP,,exact_millions,extracted,self_checked,"Validation: 17,087 - 12,783 = 4,304 (diff 0)."
PROF_110,FY2026_Q4,6234,USD_m,SRC-016,ORCL_FY2026_Q4_Earnings_Release_2026-06-10.pdf,"Q4 reconciliation of GAAP to non-GAAP measures, PDF p.6",reported,non-GAAP,,exact_millions,extracted,self_checked,"Non-GAAP net income; non-GAAP NI available to common 6,153 (preferred dividends 81) - EPS uses the latter."
PROF_120,FY2026_Q4,1.45,USD_per_share,SRC-016,ORCL_FY2026_Q4_Earnings_Release_2026-06-10.pdf,"Q4 condensed consolidated statements of operations, PDF p.5",reported,GAAP,,usd_cents,extracted,self_checked,"EPS attributable to COMMON shareholders (NIAC 4,223). Basic 1.47."
PROF_130,FY2026_Q4,2.11,USD_per_share,SRC-016,ORCL_FY2026_Q4_Earnings_Release_2026-06-10.pdf,"Q4 reconciliation of GAAP to non-GAAP measures, PDF p.6",reported,non-GAAP,,usd_cents,extracted,self_checked,Includes one-time investment gains; ex-gains 2.03 per release footnote 1.
PROF_140,FY2026_Q4,2415,USD_m,SRC-024,ORCL_2026_10-K_FY_Ended_2026-05-31.pdf,"Consolidated statements of cash flows, PDF p.70 (filing p.68)",calculated,GAAP,"= FY 7,623 (SRC-024) - 9M 5,208 (SRC-008)",exact_millions,extracted,self_checked,C-02 resolution series.
PROF_150,FY2026_Q4,2847,USD_m,SRC-024,ORCL_2026_10-K_FY_Ended_2026-05-31.pdf,"Consolidated statements of cash flows, PDF p.70 (filing p.68)",calculated,GAAP,"= PROF_140 + (FY amort 1,671 - 9M amort 1,239)",exact_millions,extracted,self_checked,"2,415 + 432."
PROF_160,FY2026_Q4,8980,USD_m,SRC-016,ORCL_FY2026_Q4_Earnings_Release_2026-06-10.pdf,"Q4 condensed consolidated statements of operations, PDF p.5",calculated,GAAP,"= PROF_010 + PROF_140 + CF-basis amortization (D-014 primary, provisional)",exact_millions,extracted,self_checked,"6,133+2,415+432."
CF_015,FY2026_Q4,14620,USD_m,SRC-024,ORCL_2026_10-K_FY_Ended_2026-05-31.pdf,"Consolidated statements of cash flows, PDF p.70 (filing p.68)",calculated,GAAP,"= FY OCF 31,977 (SRC-024) - 9M 17,357 (SRC-008)",exact_millions,extracted,self_checked,Tagged provisional-free: FY anchor is the filed 10-K (not release).
CF_025,FY2026_Q4,16493,USD_m,SRC-024,ORCL_2026_10-K_FY_Ended_2026-05-31.pdf,"Consolidated statements of cash flows, PDF p.70 (filing p.68)",calculated,GAAP,"= FY capex 55,663 - 9M 39,170",exact_millions,extracted,self_checked,
CF_030,FY2026_Q4,-1873,USD_m,SRC-024,ORCL_2026_10-K_FY_Ended_2026-05-31.pdf,"Consolidated statements of cash flows, PDF p.70 (filing p.68)",calculated,GAAP,= CF_015 - CF_025,exact_millions,extracted,self_checked,
CF_035,FY2026_Q4,-23700,USD_m,SRC-016,ORCL_FY2026_Q4_Earnings_Release_2026-06-10.pdf,"Q4 FY2026 earnings release headline bullets/body, PDF p.1-2",supplemental,non-GAAP,,billions_1dp,extracted,self_checked,"Oracle-stated FY26 FCF 'negative $23.7 billion' (TTM at Q4 = FY). Internal recomputation 31,977-55,663 = -23,686. FY26 quarterly columns of the release TTM table are clipped in the PDF capture."
CF_050,FY2026_Q4,1549,USD_m,SRC-024,ORCL_2026_10-K_FY_Ended_2026-05-31.pdf,"Consolidated statements of cash flows, PDF p.70 (filing p.68)",calculated,GAAP,"= FY 46,093 - 9M 44,544 (senior notes/term loans/other borrowings issuance, net of costs)",exact_millions,extracted,self_checked,Commercial paper tracked separately (see notes/derivation file).
CF_060,FY2026_Q4,4749,USD_m,SRC-024,ORCL_2026_10-K_FY_Ended_2026-05-31.pdf,"Consolidated statements of cash flows, PDF p.70 (filing p.68)",calculated,GAAP,"= FY 6,942 - 9M 2,193",exact_millions,extracted,self_checked,
CF_070,FY2026_Q4,132,USD_m,SRC-024,ORCL_2026_10-K_FY_Ended_2026-05-31.pdf,"Consolidated statements of cash flows, PDF p.70 (filing p.68)",calculated,GAAP,"= FY (1,449 common + 4,954 preferred) - 9M (1,317 + 4,954)",exact_millions,extracted,self_checked,All preferred proceeds landed by Q3 (issued Feb 5 2026); Q4 equity issuance = common only.
CF_080,FY2026_Q4,1502,USD_m,SRC-024,ORCL_2026_10-K_FY_Ended_2026-05-31.pdf,"Consolidated statements of cash flows, PDF p.70 (filing p.68)",calculated,GAAP,"= FY 5,787 - 9M 4,285",exact_millions,extracted,self_checked,Includes common and preferred dividends paid.
CF_090,FY2026_Q4,0,USD_m,SRC-024,ORCL_2026_10-K_FY_Ended_2026-05-31.pdf,"Consolidated statements of cash flows, PDF p.70 (filing p.68)",calculated,GAAP,= FY 95 - 9M 95,exact_millions,extracted,self_checked,No Q4 repurchases.
CF_110,FY2026_Q4,-7166,USD_m,SRC-024,ORCL_2026_10-K_FY_Ended_2026-05-31.pdf,"Consolidated balance sheets, PDF p.66 (filing p.64)",calculated,GAAP,"= BS_010(5/31/26) 31,289 - BS_010(2/28/26) 38,455",exact_millions,extracted,self_checked,"CF-side check: FY net increase 20,503 - 9M 27,669 = -7,166 (diff 0)."
BS_010,FY2026_Q4,31289,USD_m,SRC-024,ORCL_2026_10-K_FY_Ended_2026-05-31.pdf,"Consolidated balance sheets, PDF p.66 (filing p.64)",reported,GAAP,,exact_millions,extracted,self_checked,May 31 2026 ending balance (no derivation for stocks).
BS_020,FY2026_Q4,605,USD_m,SRC-024,ORCL_2026_10-K_FY_Ended_2026-05-31.pdf,"Consolidated balance sheets, PDF p.66 (filing p.64)",reported,GAAP,,exact_millions,extracted,self_checked,
BS_030,FY2026_Q4,31894,USD_m,SRC-024,ORCL_2026_10-K_FY_Ended_2026-05-31.pdf,"Consolidated balance sheets, PDF p.66 (filing p.64)",calculated,GAAP,= BS_010 + BS_020,exact_millions,extracted,self_checked,
BS_040,FY2026_Q4,99957,USD_m,SRC-024,ORCL_2026_10-K_FY_Ended_2026-05-31.pdf,"Consolidated balance sheets, PDF p.66 (filing p.64)",reported,GAAP,,exact_millions,extracted,self_checked,"Gross PP&E 122,651 incl. CIP 39,973; accumulated depreciation 22,694 (Note 4)."
BS_060,FY2026_Q4,29690,USD_m,SRC-024,ORCL_2026_10-K_FY_Ended_2026-05-31.pdf,"Consolidated balance sheets, PDF p.66 (filing p.64)",reported,GAAP,,exact_millions,extracted,self_checked,Now presented on the balance-sheet face (FY26 10-K).
BS_070,FY2026_Q4,9916,USD_m,SRC-024,ORCL_2026_10-K_FY_Ended_2026-05-31.pdf,"Consolidated balance sheets, PDF p.66 (filing p.64)",reported,GAAP,,exact_millions,extracted,self_checked,CURRENT deferred revenues only (see Q1 note).
BS_080,FY2026_Q4,10385,USD_m,SRC-024,ORCL_2026_10-K_FY_Ended_2026-05-31.pdf,"Consolidated balance sheets, PDF p.66 (filing p.64)",reported,GAAP,,exact_millions,extracted,self_checked,
BS_090,FY2026_Q4,261759,USD_m,SRC-024,ORCL_2026_10-K_FY_Ended_2026-05-31.pdf,"Consolidated balance sheets, PDF p.66 (filing p.64)",reported,GAAP,,exact_millions,extracted,self_checked,
BS_100,FY2026_Q4,43056,USD_m,SRC-024,ORCL_2026_10-K_FY_Ended_2026-05-31.pdf,"Consolidated balance sheets, PDF p.66 (filing p.64)",reported,GAAP,,exact_millions,extracted,self_checked,"Incl. preferred 4,954 and NCI 548; Oracle-only common equity 42,508-4,954 = 37,554 + preferred."
DEBT_010,FY2026_Q4,7199,USD_m,SRC-024,ORCL_2026_10-K_FY_Ended_2026-05-31.pdf,"Consolidated balance sheets, PDF p.66 (filing p.64)",reported,GAAP,,exact_millions,extracted,self_checked,
DEBT_020,FY2026_Q4,122342,USD_m,SRC-024,ORCL_2026_10-K_FY_Ended_2026-05-31.pdf,"Consolidated balance sheets, PDF p.66 (filing p.64)",reported,GAAP,,exact_millions,extracted,self_checked,
DEBT_030,FY2026_Q4,129541,USD_m,SRC-024,ORCL_2026_10-K_FY_Ended_2026-05-31.pdf,"Consolidated balance sheets, PDF p.66 (filing p.64)",calculated,GAAP,= DEBT_010 + DEBT_020,exact_millions,extracted,self_checked,"C-01 designated resolution value. Equals Note 6 'Total notes payable and other borrowings' carrying amount 129,541 (gross principal 130,105 less discounts/issuance costs 564)."
DEBT_040,FY2026_Q4,97647,USD_m,SRC-024,ORCL_2026_10-K_FY_Ended_2026-05-31.pdf,"Consolidated balance sheets, PDF p.66 (filing p.64)",calculated,GAAP,= DEBT_030 - BS_030,exact_millions,extracted,self_checked,
DEBT_050,FY2026_Q4,3542,USD_m,SRC-024,ORCL_2026_10-K_FY_Ended_2026-05-31.pdf,"Note 9 Leases - supplemental balance sheet information, PDF p.91",supplemental,GAAP,,exact_millions,extracted,self_checked,
DEBT_060,FY2026_Q4,26648,USD_m,SRC-024,ORCL_2026_10-K_FY_Ended_2026-05-31.pdf,"Note 9 Leases - supplemental balance sheet information, PDF p.91",reported,GAAP,,exact_millions,extracted,self_checked,"Also on balance-sheet face. Finance leases additionally: current 620 + non-current 7,081 = 7,701."
DEBT_070,FY2026_Q4,260000,USD_m,SRC-024,ORCL_2026_10-K_FY_Ended_2026-05-31.pdf,"Note 9 Leases - additional (uncommenced) lease commitments, PDF p.92",supplemental,GAAP,,billions_0dp,extracted,self_checked,Stated '$260 billion' as of May 31 2026 (C-06 resolution). See conflict register for full characterization.
DEBT_100,FY2026_Q4,4954,USD_m,SRC-024,ORCL_2026_10-K_FY_Ended_2026-05-31.pdf,"Consolidated balance sheets, PDF p.66 (filing p.64)",reported,GAAP,,exact_millions,extracted,self_checked,"6.50% Series D Mandatory Convertible Preferred (50,000 shares / 100M depositary shares), issued Feb 5 2026, $5.0B net proceeds. Terms in Certificate of Designations (not in repo; Q-11 open)."
DEBT_110,FY2026_Q4,81,USD_m,SRC-016,ORCL_FY2026_Q4_Earnings_Release_2026-06-10.pdf,"Q4 condensed consolidated statements of operations, PDF p.5",reported,GAAP,,exact_millions,extracted,self_checked,"Validation: FY 103 - 9M 22 = 81 (diff 0). Declared quarterly preferred dividend $1,625/share (payable Jul 15 2026)."
SHARE_010,FY2026_Q4,2878,shares_m,SRC-016,ORCL_FY2026_Q4_Earnings_Release_2026-06-10.pdf,"Q4 condensed consolidated statements of operations, PDF p.5",reported,GAAP,,exact_millions,extracted,self_checked,Weighted average for the quarter (distinct from period-end).
SHARE_020,FY2026_Q4,2915,shares_m,SRC-016,ORCL_FY2026_Q4_Earnings_Release_2026-06-10.pdf,"Q4 condensed consolidated statements of operations, PDF p.5",reported,GAAP,,exact_millions,extracted,self_checked,
SHARE_030,FY2026_Q4,37,shares_m,SRC-016,ORCL_FY2026_Q4_Earnings_Release_2026-06-10.pdf,"Q4 condensed consolidated statements of operations, PDF p.5",calculated,GAAP,= SHARE_020 - SHARE_010,exact_millions,extracted,self_checked,
SHARE_040,FY2026_Q4,2880,shares_m,SRC-024,ORCL_2026_10-K_FY_Ended_2026-05-31.pdf,"Consolidated balance sheets, PDF p.66 (filing p.64)",reported,GAAP,,exact_millions,extracted,self_checked,"Common outstanding at May 31 2026 per balance sheet; 10-K cover-page count is as of Jun 12 2026 (different date, not used)."
SHARE_050,FY2026_Q4,0,shares_m,SRC-024,ORCL_2026_10-K_FY_Ended_2026-05-31.pdf,"MD&A/equity - mandatory convertible preferred and ATM Program, PDF p.55",reported,GAAP,,exact_millions,extracted,self_checked,"$20B ATM Program established; 'As of May 31, 2026, we have not sold any shares... under the ATM Program' (SRC-024). Proceeds 0."
SHARE_070,FY2026_Q4,0,USD_m,SRC-024,ORCL_2026_10-K_FY_Ended_2026-05-31.pdf,"Consolidated statements of cash flows, PDF p.70 (filing p.68)",calculated,GAAP,= FY 95 - 9M 95,exact_millions,extracted,self_checked,
KPI_010,FY2026_Q4,0.12,pct,SRC-017,ORCL_FY2026_Q4_Earnings_Slides.pdf,Q4 & FY2026 earnings slides,supplemental,non-GAAP,,whole_percent,extracted,self_checked,Slides p.6: 'Fusion Back-Office $1.5B +12%' - label differs from prior 'Fusion Cloud ERP'; treated as same series with label-drift note.
KPI_020,FY2026_Q4,0.09,pct,SRC-017,ORCL_FY2026_Q4_Earnings_Slides.pdf,Q4 & FY2026 earnings slides,supplemental,non-GAAP,,whole_percent,extracted,self_checked,Slides p.6: NetSuite $1.1B +9%.
KPI_030,FY2026_Q4,97.5% AI infra utilization,text,SRC-017,ORCL_FY2026_Q4_Earnings_Slides.pdf,Q4 & FY2026 earnings slides,supplemental,non-GAAP,,whole_percent,extracted,self_checked,Slides p.8: '97.5% AI Infrastructure Utilization'; '98% of AI datacenter capacity already contracted'; '+1.2GW incremental DC capacity in FY26'; 'close to 1GW next quarter'.
KPI_060,FY2026_Q4,75,USD_b,SRC-016,ORCL_FY2026_Q4_Earnings_Release_2026-06-10.pdf,"Q4 FY2026 earnings release headline bullets/body, PDF p.1-2",supplemental,non-GAAP,,billions_0dp,extracted,self_checked,'Prepaid and customer supplied hardware portions of our large AI contracts now total $75 billion' (release p.2). Upgrades the previously press-sourced claim to primary. Majority of Q4 RPO via BYOH or pre-pay (slides p.8).
RPO_010,FY2026_Q4,638,USD_b,SRC-024,ORCL_2026_10-K_FY_Ended_2026-05-31.pdf,"Note 1 / MD&A - remaining performance obligations, PDF p.74",reported,GAAP,,billions_0dp,extracted,self_checked,10-K: $638B (both MD&A and Note 1); release identical; +$85B sequential from Q3 553.
RPO_020,FY2026_Q4,0.12,pct,SRC-024,ORCL_2026_10-K_FY_Ended_2026-05-31.pdf,"Note 1 / MD&A - remaining performance obligations, PDF p.74",reported,GAAP,,whole_percent,extracted,self_checked,'approximately 12%'.
RPO_030,FY2026_Q4,76.6,USD_b,SRC-024,ORCL_2026_10-K_FY_Ended_2026-05-31.pdf,"Note 1 / MD&A - remaining performance obligations, PDF p.74",calculated,GAAP,= 638 x 0.12,billions_1dp,extracted,self_checked,
RPO_040,FY2026_Q4,3.63,pct,SRC-016,ORCL_FY2026_Q4_Earnings_Release_2026-06-10.pdf,"Q4 FY2026 earnings release headline bullets/body, PDF p.1-2",reported,GAAP,,whole_percent,extracted,self_checked,Release +363% USD (+362% CC); recomputation from 10-K comparative 638/138 - 1 = 362.3% (consistent).
RPO_050,FY2026_Q4,12%/34%/34%/rem,buckets,SRC-024,ORCL_2026_10-K_FY_Ended_2026-05-31.pdf,"Note 1 / MD&A - remaining performance obligations, PDF p.74",reported,GAAP,,whole_percent,extracted,self_checked,0-12m ~12%; 13-36m 34%; 37-60m 34%; remainder thereafter.
RPO_060,FY2026_Q4,104.2,USD_b,SRC-016,ORCL_FY2026_Q4_Earnings_Release_2026-06-10.pdf,"Q4 FY2026 earnings release headline bullets/body, PDF p.1-2",calculated,GAAP,= 638 - 553 + 19.184,billions_1dp,extracted,self_checked,Q3 RPO 553 per Q4 release headline (in-scope source). Approximation only.
REV_011,FY2026_annual,33989,USD_m,SRC-024,ORCL_2026_10-K_FY_Ended_2026-05-31.pdf,"Consolidated statements of operations, PDF p.67 (filing p.65)",reported,GAAP,,exact_millions,extracted,self_checked,
REV_021,FY2026_annual,24541,USD_m,SRC-024,ORCL_2026_10-K_FY_Ended_2026-05-31.pdf,"Consolidated statements of operations, PDF p.67 (filing p.65)",reported,GAAP,,exact_millions,extracted,self_checked,
REV_030,FY2026_annual,3084,USD_m,SRC-024,ORCL_2026_10-K_FY_Ended_2026-05-31.pdf,"Consolidated statements of operations, PDF p.67 (filing p.65)",reported,GAAP,,exact_millions,extracted,self_checked,
REV_040,FY2026_annual,5743,USD_m,SRC-024,ORCL_2026_10-K_FY_Ended_2026-05-31.pdf,"Consolidated statements of operations, PDF p.67 (filing p.65)",reported,GAAP,,exact_millions,extracted,self_checked,
REV_050,FY2026_annual,67357,USD_m,SRC-024,ORCL_2026_10-K_FY_Ended_2026-05-31.pdf,"Consolidated statements of operations, PDF p.67 (filing p.65)",reported,GAAP,,exact_millions,extracted,self_checked,
REV_060,FY2026_annual,0.17,pct,SRC-016,ORCL_FY2026_Q4_Earnings_Release_2026-06-10.pdf,"Q4 FY2026 earnings release headline bullets/body, PDF p.1-2",reported,GAAP,,whole_percent,extracted,self_checked,+17% USD / +16% CC.
REV_070,FY2026_annual,0.16,pct,SRC-016,ORCL_FY2026_Q4_Earnings_Release_2026-06-10.pdf,"Q4 FY2026 earnings release headline bullets/body, PDF p.1-2",reported,GAAP,,whole_percent,extracted,self_checked,
REV_110,FY2026_annual,33989,USD_m,SRC-024,ORCL_2026_10-K_FY_Ended_2026-05-31.pdf,"Consolidated statements of operations, PDF p.67 (filing p.65)",supplemental,GAAP,,exact_millions,extracted,self_checked,= filed Cloud caption.
REV_115,FY2026_annual,0.39,pct,SRC-016,ORCL_FY2026_Q4_Earnings_Release_2026-06-10.pdf,"Q4 FY2026 earnings release headline bullets/body, PDF p.1-2",supplemental,GAAP,,whole_percent,extracted,self_checked,+39% USD / +37% CC.
REV_120,FY2026_annual,18101,USD_m,SRC-024,ORCL_2026_10-K_FY_Ended_2026-05-31.pdf,"Revenue disaggregation by offerings, PDF p.104 (also MD&A p.55-56 area)",supplemental,GAAP,,exact_millions,extracted,self_checked,Cloud infrastructure FY26; +77% USD / +75% CC.
REV_125,FY2026_annual,0.77,pct,SRC-016,ORCL_FY2026_Q4_Earnings_Release_2026-06-10.pdf,"Q4 FY2026 earnings release headline bullets/body, PDF p.1-2",supplemental,GAAP,,whole_percent,extracted,self_checked,
REV_130,FY2026_annual,15888,USD_m,SRC-024,ORCL_2026_10-K_FY_Ended_2026-05-31.pdf,"Revenue disaggregation by offerings, PDF p.104 (also MD&A p.55-56 area)",supplemental,GAAP,,exact_millions,extracted,self_checked,Cloud applications FY26; +11% USD / +10% CC.
REV_135,FY2026_annual,0.11,pct,SRC-016,ORCL_FY2026_Q4_Earnings_Release_2026-06-10.pdf,"Q4 FY2026 earnings release headline bullets/body, PDF p.1-2",supplemental,GAAP,,whole_percent,extracted,self_checked,
REV_145,FY2026_annual,19804,USD_m,SRC-024,ORCL_2026_10-K_FY_Ended_2026-05-31.pdf,"Revenue disaggregation by offerings, PDF p.104 (also MD&A p.55-56 area)",supplemental,GAAP,,exact_millions,extracted,self_checked,Software support FY26.
REV_147,FY2026_annual,4737,USD_m,SRC-024,ORCL_2026_10-K_FY_Ended_2026-05-31.pdf,"Revenue disaggregation by offerings, PDF p.104 (also MD&A p.55-56 area)",supplemental,GAAP,,exact_millions,extracted,self_checked,Software license FY26.
COGS_011,FY2026_annual,17597,USD_m,SRC-024,ORCL_2026_10-K_FY_Ended_2026-05-31.pdf,"Consolidated statements of operations, PDF p.67 (filing p.65)",reported,GAAP,,exact_millions,extracted,self_checked,
COGS_020,FY2026_annual,868,USD_m,SRC-024,ORCL_2026_10-K_FY_Ended_2026-05-31.pdf,"Consolidated statements of operations, PDF p.67 (filing p.65)",reported,GAAP,,exact_millions,extracted,self_checked,
COGS_030,FY2026_annual,4556,USD_m,SRC-024,ORCL_2026_10-K_FY_Ended_2026-05-31.pdf,"Consolidated statements of operations, PDF p.67 (filing p.65)",reported,GAAP,,exact_millions,extracted,self_checked,
OPEX_010,FY2026_annual,8331,USD_m,SRC-024,ORCL_2026_10-K_FY_Ended_2026-05-31.pdf,"Consolidated statements of operations, PDF p.67 (filing p.65)",reported,GAAP,,exact_millions,extracted,self_checked,
OPEX_020,FY2026_annual,10272,USD_m,SRC-024,ORCL_2026_10-K_FY_Ended_2026-05-31.pdf,"Consolidated statements of operations, PDF p.67 (filing p.65)",reported,GAAP,,exact_millions,extracted,self_checked,
OPEX_030,FY2026_annual,1618,USD_m,SRC-024,ORCL_2026_10-K_FY_Ended_2026-05-31.pdf,"Consolidated statements of operations, PDF p.67 (filing p.65)",reported,GAAP,,exact_millions,extracted,self_checked,
OPEX_040,FY2026_annual,1671,USD_m,SRC-024,ORCL_2026_10-K_FY_Ended_2026-05-31.pdf,"Consolidated statements of operations, PDF p.67 (filing p.65)",reported,GAAP,,exact_millions,extracted,self_checked,
OPEX_065,FY2026_annual,1838,USD_m,SRC-024,ORCL_2026_10-K_FY_Ended_2026-05-31.pdf,"Consolidated statements of operations, PDF p.67 (filing p.65)",reported,GAAP,,exact_millions,extracted,self_checked,10-K merges 'Acquisition related and other' + 'Restructuring' into 'Restructuring and other' (prior years recast: FY25 75+299 = 374).
OPEX_070,FY2026_annual,4811,USD_m,SRC-024,ORCL_2026_10-K_FY_Ended_2026-05-31.pdf,"Consolidated statements of cash flows, PDF p.70 (filing p.68)",supplemental,GAAP,,exact_millions,extracted,self_checked,CF-statement SBC; ties to release non-GAAP table.
PROF_010,FY2026_annual,20606,USD_m,SRC-024,ORCL_2026_10-K_FY_Ended_2026-05-31.pdf,"Consolidated statements of operations, PDF p.67 (filing p.65)",reported,GAAP,,exact_millions,extracted,self_checked,
PROF_030,FY2026_annual,28926,USD_m,SRC-016,ORCL_FY2026_Q4_Earnings_Release_2026-06-10.pdf,"Q4 reconciliation of GAAP to non-GAAP measures, PDF p.6",reported,non-GAAP,,exact_millions,extracted,self_checked,FY non-GAAP operating income (margin 43%).
PROF_050,FY2026_annual,4599,USD_m,SRC-024,ORCL_2026_10-K_FY_Ended_2026-05-31.pdf,"Consolidated statements of operations, PDF p.67 (filing p.65)",reported,GAAP,,exact_millions,extracted,self_checked,
PROF_060,FY2026_annual,3547,USD_m,SRC-024,ORCL_2026_10-K_FY_Ended_2026-05-31.pdf,"Consolidated statements of operations, PDF p.67 (filing p.65)",reported,GAAP,,exact_millions,extracted,self_checked,"Incl. gains from marketable and non-marketable investments net 2,811 (Ampere sale etc.), interest income 780, FX -131, NCI -222, other 309."
PROF_065,FY2026_annual,780,USD_m,SRC-024,ORCL_2026_10-K_FY_Ended_2026-05-31.pdf,"Non-operating income note, PDF p.81",supplemental,GAAP,,exact_millions,extracted,self_checked,
PROF_070,FY2026_annual,19554,USD_m,SRC-024,ORCL_2026_10-K_FY_Ended_2026-05-31.pdf,"Consolidated statements of operations, PDF p.67 (filing p.65)",reported,GAAP,,exact_millions,extracted,self_checked,
PROF_080,FY2026_annual,2467,USD_m,SRC-024,ORCL_2026_10-K_FY_Ended_2026-05-31.pdf,"Consolidated statements of operations, PDF p.67 (filing p.65)",reported,GAAP,,exact_millions,extracted,self_checked,GAAP ETR 12.6%.
PROF_100,FY2026_annual,17087,USD_m,SRC-024,ORCL_2026_10-K_FY_Ended_2026-05-31.pdf,"Consolidated statements of operations, PDF p.67 (filing p.65)",reported,GAAP,,exact_millions,extracted,self_checked,"Preferred dividends 103; NI available to common 16,984."
PROF_110,FY2026_annual,22337,USD_m,SRC-016,ORCL_FY2026_Q4_Earnings_Release_2026-06-10.pdf,"Q4 reconciliation of GAAP to non-GAAP measures, PDF p.6",reported,non-GAAP,,exact_millions,extracted,self_checked,"Non-GAAP NIAC 22,234."
PROF_120,FY2026_annual,5.83,USD_per_share,SRC-024,ORCL_2026_10-K_FY_Ended_2026-05-31.pdf,"Consolidated statements of operations, PDF p.67 (filing p.65)",reported,GAAP,,usd_cents,extracted,self_checked,Basic 5.94; attributable to common shareholders.
PROF_130,FY2026_annual,7.63,USD_per_share,SRC-016,ORCL_FY2026_Q4_Earnings_Release_2026-06-10.pdf,"Q4 reconciliation of GAAP to non-GAAP measures, PDF p.6",reported,non-GAAP,,usd_cents,extracted,self_checked,Ex one-time investment gains: 6.83 (release footnote 1).
PROF_140,FY2026_annual,7623,USD_m,SRC-024,ORCL_2026_10-K_FY_Ended_2026-05-31.pdf,"Consolidated statements of cash flows, PDF p.70 (filing p.68)",reported,GAAP,,exact_millions,extracted,self_checked,"C-02 RESOLUTION: FY26 depreciation $7,623M (CF statement); Note 4 states '$7.6 billion'. The ~$4.8B Research Pack figure is an unsupported estimate."
PROF_150,FY2026_annual,9294,USD_m,SRC-024,ORCL_2026_10-K_FY_Ended_2026-05-31.pdf,"Consolidated statements of cash flows, PDF p.70 (filing p.68)",calculated,GAAP,"= 7,623 + 1,671",exact_millions,extracted,self_checked,
PROF_160,FY2026_annual,29900,USD_m,SRC-024,ORCL_2026_10-K_FY_Ended_2026-05-31.pdf,"Consolidated statements of operations, PDF p.67 (filing p.65)",calculated,GAAP,"= 20,606 + 7,623 + 1,671 (D-014 primary, provisional)",exact_millions,extracted,self_checked,
CF_010,FY2026_annual,31977,USD_m,SRC-024,ORCL_2026_10-K_FY_Ended_2026-05-31.pdf,"Consolidated statements of cash flows, PDF p.70 (filing p.68)",reported,GAAP,,exact_millions,extracted,self_checked,
CF_020,FY2026_annual,55663,USD_m,SRC-024,ORCL_2026_10-K_FY_Ended_2026-05-31.pdf,"Consolidated statements of cash flows, PDF p.70 (filing p.68)",reported,GAAP,,exact_millions,extracted,self_checked,"Unpaid capex 5,279 non-cash addl."
CF_030,FY2026_annual,-23686,USD_m,SRC-024,ORCL_2026_10-K_FY_Ended_2026-05-31.pdf,"Consolidated statements of cash flows, PDF p.70 (filing p.68)",calculated,GAAP,"= 31,977 - 55,663",exact_millions,extracted,self_checked,Oracle-stated -$23.7B (release).
CF_050,FY2026_annual,46093,USD_m,SRC-024,ORCL_2026_10-K_FY_Ended_2026-05-31.pdf,"Consolidated statements of cash flows, PDF p.70 (filing p.68)",reported,GAAP,,exact_millions,extracted,self_checked,"Senior notes/term loans/other, net of issuance costs; $43.0B senior notes issued FY26 per Note 6(3). CP net repayments 2,285 separate; short-term capex financing proceeds 3,345 separate."
CF_060,FY2026_annual,6942,USD_m,SRC-024,ORCL_2026_10-K_FY_Ended_2026-05-31.pdf,"Consolidated statements of cash flows, PDF p.70 (filing p.68)",reported,GAAP,,exact_millions,extracted,self_checked,
CF_070,FY2026_annual,6403,USD_m,SRC-024,ORCL_2026_10-K_FY_Ended_2026-05-31.pdf,"Consolidated statements of cash flows, PDF p.70 (filing p.68)",calculated,GAAP,"= common 1,449 + preferred 4,954 (both filed lines)",exact_millions,extracted,self_checked,Component detail retained; recommend split fields at 5B.
CF_080,FY2026_annual,5787,USD_m,SRC-024,ORCL_2026_10-K_FY_Ended_2026-05-31.pdf,"Consolidated statements of cash flows, PDF p.70 (filing p.68)",reported,GAAP,,exact_millions,extracted,self_checked,Common + preferred dividends paid.
CF_090,FY2026_annual,95,USD_m,SRC-024,ORCL_2026_10-K_FY_Ended_2026-05-31.pdf,"Consolidated statements of cash flows, PDF p.70 (filing p.68)",reported,GAAP,,exact_millions,extracted,self_checked,Excl. 111 tax-withholding share settlements.
BS_050,FY2026_annual,39973,USD_m,SRC-024,ORCL_2026_10-K_FY_Ended_2026-05-31.pdf,"Note 4 Property, plant and equipment, PDF p.83",supplemental,GAAP,,exact_millions,extracted,self_checked,Construction in progress (primarily servers/networking/leasehold improvements for data centers).
DEBT_080,FY2026_annual,130105,USD_m,SRC-024,ORCL_2026_10-K_FY_Ended_2026-05-31.pdf,"Note 6 Notes payable and other borrowings, PDF p.85-86",supplemental,GAAP,,exact_millions,extracted,self_checked,"Total future principal. Schedule: FY27 7,210 / FY28 10,145 / FY29 5,500 / FY30 7,250 / FY31 9,750 / thereafter 90,250."
DEBT_110,FY2026_annual,103,USD_m,SRC-024,ORCL_2026_10-K_FY_Ended_2026-05-31.pdf,"Consolidated statements of operations, PDF p.67 (filing p.65)",reported,GAAP,,exact_millions,extracted,self_checked,"Aggregate cash dividends declared and paid $1,263.89 per preferred share in FY26."
SHARE_010,FY2026_annual,2860,shares_m,SRC-024,ORCL_2026_10-K_FY_Ended_2026-05-31.pdf,"Consolidated statements of operations, PDF p.67 (filing p.65)",reported,GAAP,,exact_millions,extracted,self_checked,
SHARE_020,FY2026_annual,2914,shares_m,SRC-024,ORCL_2026_10-K_FY_Ended_2026-05-31.pdf,"Consolidated statements of operations, PDF p.67 (filing p.65)",reported,GAAP,,exact_millions,extracted,self_checked,
SHARE_050,FY2026_annual,0,shares_m,SRC-024,ORCL_2026_10-K_FY_Ended_2026-05-31.pdf,"MD&A/equity - mandatory convertible preferred and ATM Program, PDF p.55",reported,GAAP,,exact_millions,extracted,self_checked,No ATM sales through May 31 2026.
KPI_050,FY2026_annual,No customer >=10% of revenues,text,SRC-024,ORCL_2026_10-K_FY_Ended_2026-05-31.pdf,"Note 1 - concentrations of risk, PDF p.77",reported,GAAP,,whole_percent,extracted,self_checked,"'No single customer accounted for 10% or more of our total revenues in fiscal 2026, 2025 or 2024.' Notes dependence on large long-term cloud arrangements and key customers' ability to meet contractual obligations."
KPI_070,FY2026_annual,4592,USD_m,SRC-024,ORCL_2026_10-K_FY_Ended_2026-05-31.pdf,"Consolidated statements of cash flows, PDF p.70 (filing p.68)",reported,GAAP,,exact_millions,extracted,self_checked,CF line 'Increase in deferred revenues from customer prepayments with significant financing component'; Note 1: '$4.6 billion of prepayments... with a significant financing component' (none FY25/FY24). Verifies CAP_010 claim (C-05 family).
CAP_010,FY2026_annual,4592,USD_m,SRC-024,ORCL_2026_10-K_FY_Ended_2026-05-31.pdf,"Note 1 - customer prepayments with significant financing component, PDF p.75",reported,GAAP,,exact_millions,extracted,self_checked,Same disclosure as KPI_070; quarterly split not disclosed (9M CF shows only combined deferred-revenue line).
CAP_020,FY2026_annual,3345,USD_m,SRC-024,ORCL_2026_10-K_FY_Ended_2026-05-31.pdf,"Consolidated statements of cash flows, PDF p.70 (filing p.68)",reported,GAAP,,exact_millions,extracted,self_checked,"'Proceeds from short-term financing related to capital expenditures, net'. Q4 standalone not derivable: 9M presents CP + short-term financing combined (2,279)."
CAP_030,FY2026_annual,48,USD_b,SRC-017,ORCL_FY2026_Q4_Earnings_Slides.pdf,Q4 & FY2026 earnings slides,supplemental,non-GAAP,,billions_0dp,extracted,self_checked,"Slides p.5/15: FY26 net cash outlay for capex $48B. Definition verbatim: 'capital expenditures, less (1) other short-term financing cash flow related to capital expenditures and (2) customer prepayments with significant financing component for capital expenditures' (trailing four-quarter basis). FY27 guided ~$70B."
CAP_060,FY2026_annual,13309,USD_m,SRC-024,ORCL_2026_10-K_FY_Ended_2026-05-31.pdf,"Note 9 - unconditional purchase obligations, PDF p.92",supplemental,GAAP,,exact_millions,extracted,self_checked,Unconditional purchase obligations (primarily data center power). Subsequent to 5/31/26: additional $19B commitments for cloud infrastructure assets.
RPO_050,FY2026_annual,12%/34%/34%/rem,buckets,SRC-024,ORCL_2026_10-K_FY_Ended_2026-05-31.pdf,"Note 1 / MD&A - remaining performance obligations, PDF p.74",reported,GAAP,,whole_percent,extracted,self_checked,
REV_011,FY2025_Q1,,,,,,not_disclosed,,,,not_disclosed,self_checked,Field introduced FY26 Q1 presentation (D-013); does not exist for FY25 periods.
REV_011,FY2025_Q2,,,,,,not_disclosed,,,,not_disclosed,self_checked,Field introduced FY26 Q1 presentation (D-013); does not exist for FY25 periods.
REV_011,FY2025_Q3,,,,,,not_disclosed,,,,not_disclosed,self_checked,Field introduced FY26 Q1 presentation (D-013); does not exist for FY25 periods.
REV_011,FY2025_Q4,,,,,,not_disclosed,,,,not_disclosed,self_checked,Field introduced FY26 Q1 presentation (D-013); does not exist for FY25 periods.
REV_011,FY2025_annual,,,,,,not_disclosed,,,,not_disclosed,self_checked,Field introduced FY26 Q1 presentation (D-013); does not exist for FY25 periods.
REV_021,FY2025_Q1,,,,,,not_disclosed,,,,not_disclosed,self_checked,Field introduced FY26 Q1 presentation (D-013); does not exist for FY25 periods.
REV_021,FY2025_Q2,,,,,,not_disclosed,,,,not_disclosed,self_checked,Field introduced FY26 Q1 presentation (D-013); does not exist for FY25 periods.
REV_021,FY2025_Q3,,,,,,not_disclosed,,,,not_disclosed,self_checked,Field introduced FY26 Q1 presentation (D-013); does not exist for FY25 periods.
REV_021,FY2025_Q4,,,,,,not_disclosed,,,,not_disclosed,self_checked,Field introduced FY26 Q1 presentation (D-013); does not exist for FY25 periods.
REV_021,FY2025_annual,,,,,,not_disclosed,,,,not_disclosed,self_checked,Field introduced FY26 Q1 presentation (D-013); does not exist for FY25 periods.
REV_147,FY2025_Q1,,,,,,not_disclosed,,,,not_disclosed,self_checked,Field introduced FY26 Q1 presentation (D-013); does not exist for FY25 periods.
REV_147,FY2025_Q2,,,,,,not_disclosed,,,,not_disclosed,self_checked,Field introduced FY26 Q1 presentation (D-013); does not exist for FY25 periods.
REV_147,FY2025_Q3,,,,,,not_disclosed,,,,not_disclosed,self_checked,Field introduced FY26 Q1 presentation (D-013); does not exist for FY25 periods.
REV_147,FY2025_Q4,,,,,,not_disclosed,,,,not_disclosed,self_checked,Field introduced FY26 Q1 presentation (D-013); does not exist for FY25 periods.
REV_147,FY2025_annual,,,,,,not_disclosed,,,,not_disclosed,self_checked,Field introduced FY26 Q1 presentation (D-013); does not exist for FY25 periods.
COGS_011,FY2025_Q1,,,,,,not_disclosed,,,,not_disclosed,self_checked,Field introduced FY26 Q1 presentation (D-013); does not exist for FY25 periods.
COGS_011,FY2025_Q2,,,,,,not_disclosed,,,,not_disclosed,self_checked,Field introduced FY26 Q1 presentation (D-013); does not exist for FY25 periods.
COGS_011,FY2025_Q3,,,,,,not_disclosed,,,,not_disclosed,self_checked,Field introduced FY26 Q1 presentation (D-013); does not exist for FY25 periods.
COGS_011,FY2025_Q4,,,,,,not_disclosed,,,,not_disclosed,self_checked,Field introduced FY26 Q1 presentation (D-013); does not exist for FY25 periods.
COGS_011,FY2025_annual,,,,,,not_disclosed,,,,not_disclosed,self_checked,Field introduced FY26 Q1 presentation (D-013); does not exist for FY25 periods.
OPEX_065,FY2025_Q1,,,,,,not_disclosed,,,,not_disclosed,self_checked,Field introduced FY26 Q1 presentation (D-013); does not exist for FY25 periods.
OPEX_065,FY2025_Q2,,,,,,not_disclosed,,,,not_disclosed,self_checked,Field introduced FY26 Q1 presentation (D-013); does not exist for FY25 periods.
OPEX_065,FY2025_Q3,,,,,,not_disclosed,,,,not_disclosed,self_checked,Field introduced FY26 Q1 presentation (D-013); does not exist for FY25 periods.
OPEX_065,FY2025_Q4,,,,,,not_disclosed,,,,not_disclosed,self_checked,Field introduced FY26 Q1 presentation (D-013); does not exist for FY25 periods.
OPEX_065,FY2025_annual,,,,,,not_disclosed,,,,not_disclosed,self_checked,Field introduced FY26 Q1 presentation (D-013); does not exist for FY25 periods.
REV_010,FY2026_Q1,,,,,,not_disclosed,,,,not_disclosed,self_checked,Filed caption discontinued from FY26 Q1 (Q-18/D-013); see REV_011/REV_021/REV_147/COGS_011.
REV_010,FY2026_Q2,,,,,,not_disclosed,,,,not_disclosed,self_checked,Filed caption discontinued from FY26 Q1 (Q-18/D-013); see REV_011/REV_021/REV_147/COGS_011.
REV_010,FY2026_Q3,,,,,,not_disclosed,,,,not_disclosed,self_checked,Filed caption discontinued from FY26 Q1 (Q-18/D-013); see REV_011/REV_021/REV_147/COGS_011.
REV_010,FY2026_Q4,,,,,,not_disclosed,,,,not_disclosed,self_checked,Filed caption discontinued from FY26 Q1 (Q-18/D-013); see REV_011/REV_021/REV_147/COGS_011.
REV_010,FY2026_annual,,,,,,not_disclosed,,,,not_disclosed,self_checked,Filed caption discontinued from FY26 Q1 (Q-18/D-013); see REV_011/REV_021/REV_147/COGS_011.
REV_020,FY2026_Q1,,,,,,not_disclosed,,,,not_disclosed,self_checked,Filed caption discontinued from FY26 Q1 (Q-18/D-013); see REV_011/REV_021/REV_147/COGS_011.
REV_020,FY2026_Q2,,,,,,not_disclosed,,,,not_disclosed,self_checked,Filed caption discontinued from FY26 Q1 (Q-18/D-013); see REV_011/REV_021/REV_147/COGS_011.
REV_020,FY2026_Q3,,,,,,not_disclosed,,,,not_disclosed,self_checked,Filed caption discontinued from FY26 Q1 (Q-18/D-013); see REV_011/REV_021/REV_147/COGS_011.
REV_020,FY2026_Q4,,,,,,not_disclosed,,,,not_disclosed,self_checked,Filed caption discontinued from FY26 Q1 (Q-18/D-013); see REV_011/REV_021/REV_147/COGS_011.
REV_020,FY2026_annual,,,,,,not_disclosed,,,,not_disclosed,self_checked,Filed caption discontinued from FY26 Q1 (Q-18/D-013); see REV_011/REV_021/REV_147/COGS_011.
COGS_010,FY2026_Q1,,,,,,not_disclosed,,,,not_disclosed,self_checked,Filed caption discontinued from FY26 Q1 (Q-18/D-013); see REV_011/REV_021/REV_147/COGS_011.
COGS_010,FY2026_Q2,,,,,,not_disclosed,,,,not_disclosed,self_checked,Filed caption discontinued from FY26 Q1 (Q-18/D-013); see REV_011/REV_021/REV_147/COGS_011.
COGS_010,FY2026_Q3,,,,,,not_disclosed,,,,not_disclosed,self_checked,Filed caption discontinued from FY26 Q1 (Q-18/D-013); see REV_011/REV_021/REV_147/COGS_011.
COGS_010,FY2026_Q4,,,,,,not_disclosed,,,,not_disclosed,self_checked,Filed caption discontinued from FY26 Q1 (Q-18/D-013); see REV_011/REV_021/REV_147/COGS_011.
COGS_010,FY2026_annual,,,,,,not_disclosed,,,,not_disclosed,self_checked,Filed caption discontinued from FY26 Q1 (Q-18/D-013); see REV_011/REV_021/REV_147/COGS_011.
REV_140,FY2026_Q1,,,,,,not_disclosed,,,,not_disclosed,self_checked,MD&A cloud-services split superseded by filed 'Cloud' caption (REV_011) from FY26 Q1.
REV_140,FY2026_Q2,,,,,,not_disclosed,,,,not_disclosed,self_checked,MD&A cloud-services split superseded by filed 'Cloud' caption (REV_011) from FY26 Q1.
REV_140,FY2026_Q3,,,,,,not_disclosed,,,,not_disclosed,self_checked,MD&A cloud-services split superseded by filed 'Cloud' caption (REV_011) from FY26 Q1.
REV_140,FY2026_Q4,,,,,,not_disclosed,,,,not_disclosed,self_checked,MD&A cloud-services split superseded by filed 'Cloud' caption (REV_011) from FY26 Q1.
REV_140,FY2026_annual,,,,,,not_disclosed,,,,not_disclosed,self_checked,MD&A cloud-services split superseded by filed 'Cloud' caption (REV_011) from FY26 Q1.
OPEX_065,FY2025_Q1,,,,,,not_disclosed,,,,not_disclosed,self_checked,"Field does not exist for FY25 (separate OPEX_050/060 lines used throughout FY25, including the FY25 10-K)."
OPEX_065,FY2025_Q2,,,,,,not_disclosed,,,,not_disclosed,self_checked,Field does not exist for FY25.
OPEX_065,FY2025_Q3,,,,,,not_disclosed,,,,not_disclosed,self_checked,Field does not exist for FY25.
OPEX_065,FY2025_Q4,,,,,,not_disclosed,,,,not_disclosed,self_checked,Field does not exist for FY25.
OPEX_065,FY2025_annual,,,,,,not_disclosed,,,,not_disclosed,self_checked,Field does not exist for FY25.
OPEX_050,FY2026_Q4,,,,,,not_disclosed,,,,not_disclosed,self_checked,Not separately disclosed: Q4 release/10-K present combined 'Restructuring and other' (OPEX_065). 9M split (55) known; Q4-only split undisclosed.
OPEX_060,FY2026_Q4,,,,,,not_disclosed,,,,not_disclosed,self_checked,Not separately disclosed (see OPEX_050); 9M split 961.
OPEX_050,FY2026_annual,,,,,,not_disclosed,,,,not_disclosed,self_checked,Not separately disclosed: FY26 10-K/Q4-release use combined 'Restructuring and other' caption only.
OPEX_060,FY2026_annual,,,,,,not_disclosed,,,,not_disclosed,self_checked,Not separately disclosed (see OPEX_050).
BS_060,FY2025_Q1,,,,,,not_disclosed,,,,not_disclosed,self_checked,No dedicated lease supplemental-balance-sheet footnote in FY25 10-Qs (D-016); ROU assets embedded in 'Other non-current assets'.
BS_060,FY2025_Q2,,,,,,not_disclosed,,,,not_disclosed,self_checked,Same as Q1 FY25.
BS_060,FY2025_Q3,,,,,,not_disclosed,,,,not_disclosed,self_checked,Same as Q1 FY25.
DEBT_050,FY2025_Q1,,,,,,not_disclosed,,,,not_disclosed,self_checked,No separate lease-liability breakout in FY25 Q1-Q3 10-Qs (D-016).
DEBT_050,FY2025_Q2,,,,,,not_disclosed,,,,not_disclosed,self_checked,Same as Q1 FY25.
DEBT_050,FY2025_Q3,,,,,,not_disclosed,,,,not_disclosed,self_checked,Same as Q1 FY25.
DEBT_060,FY2025_Q1,,,,,,not_disclosed,,,,not_disclosed,self_checked,Same as DEBT_050 Q1 FY25.
DEBT_060,FY2025_Q2,,,,,,not_disclosed,,,,not_disclosed,self_checked,Same as Q1 FY25.
DEBT_060,FY2025_Q3,,,,,,not_disclosed,,,,not_disclosed,self_checked,Same as Q1 FY25.
CF_010,FY2025_Q4,,,,,,not_disclosed,,,,not_disclosed,self_checked,No Q4 10-Q exists; YTD-as-filed field structurally empty for Q4 (annual in FY2025_annual column; standalone in CF_015).
CF_020,FY2025_Q4,,,,,,not_disclosed,,,,not_disclosed,self_checked,Same as CF_010 Q4 FY25.
CF_040,FY2025_Q1,,,,,,not_disclosed,,,,not_disclosed,self_checked,"No separate 'Acquisitions, net of cash acquired' line in FY25 Q1 10-Q cash-flow statement."
CF_040,FY2025_Q2,,,,,,not_disclosed,,,,not_disclosed,self_checked,Disclosed at 0 in the 10-Q (line present); not populated as a required pilot field beyond FY26 scope test - left blank per blank-beats-guess where not cross-checked this session.
CF_040,FY2025_Q3,,,,,,not_disclosed,,,,not_disclosed,self_checked,Disclosed at 0 in the 10-Q; not populated (see Q2 FY25 note).
CF_040,FY2025_Q4,,,,,,not_disclosed,,,,not_disclosed,self_checked,FY and 9M captions inconsistent (FY25 10-K purchases line differs in composition from 9M line); derivation refused.
CF_040,FY2025_annual,,,,,,not_disclosed,,,,not_disclosed,self_checked,Not separately broken out as a required field this session; captured within investing-activities purchases line.
KPI_030,FY2025_Q1,,,,,,not_disclosed,,,,not_disclosed,self_checked,No utilization disclosure in FY25 materials; transcripts missing (Q-04).
KPI_030,FY2025_Q2,,,,,,not_disclosed,,,,not_disclosed,self_checked,Same as Q1 FY25.
KPI_030,FY2025_Q3,,,,,,not_disclosed,,,,not_disclosed,self_checked,Same as Q1 FY25.
KPI_030,FY2025_Q4,,,,,,not_disclosed,,,,not_disclosed,self_checked,Same as Q1 FY25.
KPI_040,FY2025_Q1,,,,,,not_disclosed,,,,not_disclosed,self_checked,Region counts not disclosed in FY25 materials in repo.
KPI_060,FY2025_Q1,,,,,,not_disclosed,,,,not_disclosed,self_checked,BYOH phenomenon not disclosed pre-FY26.
KPI_060,FY2025_Q2,,,,,,not_disclosed,,,,not_disclosed,self_checked,BYOH phenomenon not disclosed pre-FY26.
KPI_060,FY2025_Q3,,,,,,not_disclosed,,,,not_disclosed,self_checked,BYOH phenomenon not disclosed pre-FY26.
KPI_060,FY2025_Q4,,,,,,not_disclosed,,,,not_disclosed,self_checked,BYOH phenomenon not disclosed pre-FY26.
KPI_070,FY2025_Q1,,,,,,not_disclosed,,,,not_disclosed,self_checked,Customer-prepayment-with-financing-component phenomenon not disclosed pre-FY26 (FY25 10-K: 'No prepayments were received from customers that included a significant financing component during fiscal 2025 and 2024.').
CAP_010,FY2025_Q1,,,,,,not_disclosed,,,,not_disclosed,self_checked,Phenomenon did not exist in FY25 (10-K: no such prepayments in FY25/FY24).
CAP_010,FY2025_Q2,,,,,,not_disclosed,,,,not_disclosed,self_checked,Same as Q1 FY25.
CAP_010,FY2025_Q3,,,,,,not_disclosed,,,,not_disclosed,self_checked,Same as Q1 FY25.
CAP_010,FY2025_Q4,,,,,,not_disclosed,,,,not_disclosed,self_checked,Same as Q1 FY25.
CAP_010,FY2025_annual,,,,,,not_disclosed,,,,not_disclosed,self_checked,10-K explicitly states no such prepayments received in FY25.
CAP_020,FY2025_Q1,,,,,,not_disclosed,,,,not_disclosed,self_checked,Short-term capex-financing phenomenon not disclosed pre-FY26.
CAP_020,FY2025_Q2,,,,,,not_disclosed,,,,not_disclosed,self_checked,Same as Q1 FY25.
CAP_020,FY2025_Q3,,,,,,not_disclosed,,,,not_disclosed,self_checked,Same as Q1 FY25.
CAP_020,FY2025_Q4,,,,,,not_disclosed,,,,not_disclosed,self_checked,Same as Q1 FY25.
CAP_020,FY2025_annual,,,,,,not_disclosed,,,,not_disclosed,self_checked,Not disclosed as a distinct FY25 cash-flow line.
CAP_030,FY2026_Q1,,,,,,not_disclosed,,,,not_disclosed,self_checked,Net-cash-capex metric not presented until FY26 Q4 disclosure.
CAP_030,FY2026_Q2,,,,,,not_disclosed,,,,not_disclosed,self_checked,Same as Q1 FY26.
CAP_030,FY2026_Q3,,,,,,not_disclosed,,,,not_disclosed,self_checked,Disclosed only on trailing-4Q basis (which spans back into FY25 quarters); no clean standalone-quarter figure exists for Q3 FY26 alone.
KPI_050,FY2026_Q1,,,,,,not_disclosed,,,,not_disclosed,self_checked,Concentration disclosure is annual-only (10-K risk factors); not repeated in 10-Qs.
KPI_050,FY2026_Q2,,,,,,not_disclosed,,,,not_disclosed,self_checked,Same as Q1 FY26.
KPI_050,FY2026_Q3,,,,,,not_disclosed,,,,not_disclosed,self_checked,Same as Q1 FY26.
