field_id,display_label,units,expected_classification,FY2025_Q1,FY2025_Q2,FY2025_Q3,FY2025_Q4,FY2026_Q1,FY2026_Q2,FY2026_Q3,FY2026_Q4,FY2025_annual,FY2026_annual,primary_source_ids,page_or_section_refs,extraction_status,reviewer_status,notes
REV_010,Cloud services and license support revenue,USD_m,assumed,10519,10806,11007,11698,,,,,44029,,Q1_25:SRC-003; Q2_25:SRC-004; Q3_25:SRC-005; Q4_25:SRC-012; FY25:SRC-002,"Q1_25: Condensed consolidated statements of operations, PDF p.8 (filing p.4) || Q2_25: Condensed consolidated statements of operations, PDF p.7 (filing p.4) || Q3_25: Condensed consolidated statements of operations, PDF p.7 (filing p.4) || Q4_25: Q4/FY2025 earnings release, GAAP statements PDF p.3-4 || FY25: Consolidated statements of operations, PDF p.111 (filing ~p.65)",partial,self_checked,"Q1_25[reported/GAAP] || Q2_25[reported/GAAP] || Q3_25[reported/GAAP] || Q4_25[reported/GAAP] - Directly reported standalone Q4. Validation: FY 44,029-9M 32,331=11,698 (diff 0). || FY25[reported/GAAP] || Q1_26[not_disclosed] Filed caption discontinued from FY26 Q1 (Q-18/D-013); see REV_011/REV_021/REV_147/COGS_011. || Q2_26[not_disclosed] Filed caption discontinued from FY26 Q1 (Q-18/D-013); see REV_011/REV_021/REV_147/COGS_011. || Q3_26[not_disclosed] Filed caption discontinued from FY26 Q1 (Q-18/D-013); see REV_011/REV_021/REV_147/COGS_011. || Q4_26[not_disclosed] Filed caption discontinued from FY26 Q1 (Q-18/D-013); see REV_011/REV_021/REV_147/COGS_011. || FY26[not_disclosed] Filed caption discontinued from FY26 Q1 (Q-18/D-013); see REV_011/REV_021/REV_147/COGS_011."
REV_011,"Cloud revenue (as filed, FY26 presentation)",USD_m,assumed,,,,,7186,7977,8914,9913,,33989,Q1_26:SRC-006; Q2_26:SRC-007; Q3_26:SRC-008; Q4_26:SRC-016; FY26:SRC-024,"Q1_26: Condensed consolidated statements of operations, PDF p.7 (filing p.4) || Q2_26: Condensed consolidated statements of operations, PDF p.5 (filing p.2) || Q3_26: Condensed consolidated statements of operations (3&9mo), PDF p.6 (filing p.2) || Q4_26: Q4 condensed consolidated statements of operations, PDF p.5 || FY26: Consolidated statements of operations, PDF p.67 (filing p.65)",partial,self_checked,"Q1_25[not_disclosed] Field introduced FY26 Q1 presentation (D-013); does not exist for FY25 periods. || Q2_25[not_disclosed] Field introduced FY26 Q1 presentation (D-013); does not exist for FY25 periods. || Q3_25[not_disclosed] Field introduced FY26 Q1 presentation (D-013); does not exist for FY25 periods. || Q4_25[not_disclosed] Field introduced FY26 Q1 presentation (D-013); does not exist for FY25 periods. || FY25[not_disclosed] Field introduced FY26 Q1 presentation (D-013); does not exist for FY25 periods. || Q1_26[reported/GAAP] - New FY26 filed caption 'Cloud'; prior-year comparative recast to 5,623. Validated vs SRC-013 statement (identical). || Q2_26[reported/GAAP] || Q3_26[reported/GAAP] || Q4_26[reported/GAAP] - Directly disclosed standalone Q4. Validation: FY 33,989 - 9M 24,076 = 9,913 (diff 0). || FY26[reported/GAAP]"
REV_020,Cloud license and on-premise license revenue,USD_m,assumed,870,1195,1129,2007,,,,,5201,,Q1_25:SRC-003; Q2_25:SRC-004; Q3_25:SRC-005; Q4_25:SRC-012; FY25:SRC-002,"Q1_25: Condensed consolidated statements of operations, PDF p.8 (filing p.4) || Q2_25: Condensed consolidated statements of operations, PDF p.7 (filing p.4) || Q3_25: Condensed consolidated statements of operations, PDF p.7 (filing p.4) || Q4_25: Q4/FY2025 earnings release, GAAP statements PDF p.3-4 || FY25: Consolidated statements of operations, PDF p.111 (filing ~p.65)",partial,self_checked,"Q1_25[reported/GAAP] || Q2_25[reported/GAAP] || Q3_25[reported/GAAP] || Q4_25[reported/GAAP] - Validation: 5,201-3,194=2,007 (diff 0). || FY25[reported/GAAP] || Q1_26[not_disclosed] Filed caption discontinued from FY26 Q1 (Q-18/D-013); see REV_011/REV_021/REV_147/COGS_011. || Q2_26[not_disclosed] Filed caption discontinued from FY26 Q1 (Q-18/D-013); see REV_011/REV_021/REV_147/COGS_011. || Q3_26[not_disclosed] Filed caption discontinued from FY26 Q1 (Q-18/D-013); see REV_011/REV_021/REV_147/COGS_011. || Q4_26[not_disclosed] Filed caption discontinued from FY26 Q1 (Q-18/D-013); see REV_011/REV_021/REV_147/COGS_011. || FY26[not_disclosed] Filed caption discontinued from FY26 Q1 (Q-18/D-013); see REV_011/REV_021/REV_147/COGS_011."
REV_021,"Software revenue (as filed, FY26 presentation)",USD_m,assumed,,,,,5721,5877,6119,6824,,24541,Q1_26:SRC-006; Q2_26:SRC-007; Q3_26:SRC-008; Q4_26:SRC-016; FY26:SRC-024,"Q1_26: Condensed consolidated statements of operations, PDF p.7 (filing p.4) || Q2_26: Condensed consolidated statements of operations, PDF p.5 (filing p.2) || Q3_26: Condensed consolidated statements of operations (3&9mo), PDF p.6 (filing p.2) || Q4_26: Q4 condensed consolidated statements of operations, PDF p.5 || FY26: Consolidated statements of operations, PDF p.67 (filing p.65)",partial,self_checked,"Q1_25[not_disclosed] Field introduced FY26 Q1 presentation (D-013); does not exist for FY25 periods. || Q2_25[not_disclosed] Field introduced FY26 Q1 presentation (D-013); does not exist for FY25 periods. || Q3_25[not_disclosed] Field introduced FY26 Q1 presentation (D-013); does not exist for FY25 periods. || Q4_25[not_disclosed] Field introduced FY26 Q1 presentation (D-013); does not exist for FY25 periods. || FY25[not_disclosed] Field introduced FY26 Q1 presentation (D-013); does not exist for FY25 periods. || Q1_26[reported/GAAP] - New FY26 filed caption 'Software'; prior-year recast 5,766 = old CS&LS support component + license. || Q2_26[reported/GAAP] || Q3_26[reported/GAAP] || Q4_26[reported/GAAP] - Validation: 24,541 - 17,717 = 6,824 (diff 0). || FY26[reported/GAAP]"
REV_030,Hardware revenue,USD_m,assumed,655,728,703,850,670,776,714,924,2936,3084,Q1_25:SRC-003; Q2_25:SRC-004; Q3_25:SRC-005; Q4_25:SRC-012; FY25:SRC-002; Q1_26:SRC-006; Q2_26:SRC-007; Q3_26:SRC-008; Q4_26:SRC-016; FY26:SRC-024,"Q1_25: Condensed consolidated statements of operations, PDF p.8 (filing p.4) || Q2_25: Condensed consolidated statements of operations, PDF p.7 (filing p.4) || Q3_25: Condensed consolidated statements of operations, PDF p.7 (filing p.4) || Q4_25: Q4/FY2025 earnings release, GAAP statements PDF p.3-4 || FY25: Consolidated statements of operations, PDF p.111 (filing ~p.65) || Q1_26: Condensed consolidated statements of operations, PDF p.7 (filing p.4) || Q2_26: Condensed consolidated statements of operations, PDF p.5 (filing p.2) || Q3_26: Condensed consolidated statements of operations (3&9mo), PDF p.6 (filing p.2) || Q4_26: Q4 condensed consolidated statements of operations, PDF p.5 || FY26: Consolidated statements of operations, PDF p.67 (filing p.65)",extracted,self_checked,"Q1_25[reported/GAAP] || Q2_25[reported/GAAP] || Q3_25[reported/GAAP] || Q4_25[reported/GAAP] - Validation: 2,936-2,086=850 (diff 0). || FY25[reported/GAAP] || Q1_26[reported/GAAP] || Q2_26[reported/GAAP] || Q3_26[reported/GAAP] || Q4_26[reported/GAAP] - Validation: 3,084 - 2,160 = 924 (diff 0). || FY26[reported/GAAP]"
REV_040,Services revenue,USD_m,assumed,1263,1330,1291,1348,1349,1428,1443,1523,5233,5743,Q1_25:SRC-003; Q2_25:SRC-004; Q3_25:SRC-005; Q4_25:SRC-012; FY25:SRC-002; Q1_26:SRC-006; Q2_26:SRC-007; Q3_26:SRC-008; Q4_26:SRC-016; FY26:SRC-024,"Q1_25: Condensed consolidated statements of operations, PDF p.8 (filing p.4) || Q2_25: Condensed consolidated statements of operations, PDF p.7 (filing p.4) || Q3_25: Condensed consolidated statements of operations, PDF p.7 (filing p.4) || Q4_25: Q4/FY2025 earnings release, GAAP statements PDF p.3-4 || FY25: Consolidated statements of operations, PDF p.111 (filing ~p.65) || Q1_26: Condensed consolidated statements of operations, PDF p.7 (filing p.4) || Q2_26: Condensed consolidated statements of operations, PDF p.5 (filing p.2) || Q3_26: Condensed consolidated statements of operations (3&9mo), PDF p.6 (filing p.2) || Q4_26: Q4 condensed consolidated statements of operations, PDF p.5 || FY26: Consolidated statements of operations, PDF p.67 (filing p.65)",extracted,self_checked,"Q1_25[reported/GAAP] || Q2_25[reported/GAAP] || Q3_25[reported/GAAP] || Q4_25[reported/GAAP] - Validation: 5,233-3,885=1,348 (diff 0). || FY25[reported/GAAP] || Q1_26[reported/GAAP] || Q2_26[reported/GAAP] || Q3_26[reported/GAAP] || Q4_26[reported/GAAP] - Validation: 5,743 - 4,220 = 1,523 (diff 0). || FY26[reported/GAAP]"
REV_050,Total revenue,USD_m,assumed,13307,14059,14130,15903,14926,16058,17190,19184,57399,67357,Q1_25:SRC-003; Q2_25:SRC-004; Q3_25:SRC-005; Q4_25:SRC-012; FY25:SRC-002; Q1_26:SRC-006; Q2_26:SRC-007; Q3_26:SRC-008; Q4_26:SRC-016; FY26:SRC-024,"Q1_25: Condensed consolidated statements of operations, PDF p.8 (filing p.4) || Q2_25: Condensed consolidated statements of operations, PDF p.7 (filing p.4) || Q3_25: Condensed consolidated statements of operations, PDF p.7 (filing p.4) || Q4_25: Q4/FY2025 earnings release, GAAP statements PDF p.3-4 || FY25: Consolidated statements of operations, PDF p.111 (filing ~p.65) || Q1_26: Condensed consolidated statements of operations, PDF p.7 (filing p.4) || Q2_26: Condensed consolidated statements of operations, PDF p.5 (filing p.2) || Q3_26: Condensed consolidated statements of operations (3&9mo), PDF p.6 (filing p.2) || Q4_26: Q4 condensed consolidated statements of operations, PDF p.5 || FY26: Consolidated statements of operations, PDF p.67 (filing p.65)",extracted,self_checked,"Q1_25[reported/GAAP] || Q2_25[reported/GAAP] || Q3_25[reported/GAAP] || Q4_25[reported/GAAP] - Validation: 57,399-41,496=15,903 (diff 0). || FY25[reported/GAAP] || Q1_26[reported/GAAP] || Q2_26[reported/GAAP] || Q3_26[reported/GAAP] || Q4_26[reported/GAAP] - Validation: 67,357 - 48,173 = 19,184 (diff 0). || FY26[reported/GAAP]"
REV_060,Total revenue growth % (USD),pct,calculated,0.07,0.09,0.06,0.11,0.12,0.14,0.22,0.21,0.08,0.17,Q1_25:SRC-009; Q2_25:SRC-010; Q3_25:SRC-011; Q4_25:SRC-012; FY25:SRC-012; Q1_26:SRC-013; Q2_26:SRC-014; Q3_26:SRC-015; Q4_26:SRC-016; FY26:SRC-016,"Q1_25: Q1 FY2025 earnings release headline bullets, PDF p.1 || Q2_25: Q2 FY2025 earnings release headline bullets, PDF p.1 || Q3_25: Q3 FY2025 earnings release headline bullets, PDF p.1 || Q4_25: Q4/FY2025 earnings release, GAAP statements PDF p.3-4 || FY25: Q4/FY2025 earnings release, GAAP statements PDF p.3-4 || Q1_26: Q1 FY2026 earnings release headline bullets, PDF p.1 || Q2_26: Q2 FY2026 earnings release headline bullets, PDF p.1 || Q3_26: Q3 FY2026 earnings release headline bullets, PDF p.1 || Q4_26: Q4 condensed consolidated statements of operations, PDF p.5 || FY26: Q4 FY2026 earnings release headline bullets/body, PDF p.1-2",extracted,self_checked,Q1_25[reported/GAAP] - +7% USD / +8% CC (REV_070). || Q2_25[reported/GAAP] - +9% USD / +9% CC. || Q3_25[reported/GAAP] - +6% USD/+8% CC. || Q4_25[reported/GAAP] - +11% USD/+11% CC. || FY25[reported/GAAP] - +8% USD/+9% CC. || Q1_26[reported/GAAP] - Total revenue +12% USD per release; CC +11% (REV_070). || Q2_26[reported/GAAP] - +14% USD/+13% CC. || Q3_26[reported/GAAP] - +22% USD/+18% CC. || Q4_26[reported/GAAP] - +21% USD / +20% CC. || FY26[reported/GAAP] - +17% USD / +16% CC.
REV_070,Total revenue growth % (constant currency),pct,reported,0.08,0.09,0.08,0.11,0.11,0.13,0.18,0.2,0.09,0.16,Q1_25:SRC-009; Q2_25:SRC-010; Q3_25:SRC-011; Q4_25:SRC-012; FY25:SRC-012; Q1_26:SRC-013; Q2_26:SRC-014; Q3_26:SRC-015; Q4_26:SRC-016; FY26:SRC-016,"Q1_25: Q1 FY2025 earnings release headline bullets, PDF p.1 || Q2_25: Q2 FY2025 earnings release headline bullets, PDF p.1 || Q3_25: Q3 FY2025 earnings release headline bullets, PDF p.1 || Q4_25: Q4/FY2025 earnings release, GAAP statements PDF p.3-4 || FY25: Q4/FY2025 earnings release, GAAP statements PDF p.3-4 || Q1_26: Q1 FY2026 earnings release headline bullets, PDF p.1 || Q2_26: Q2 FY2026 earnings release headline bullets, PDF p.1 || Q3_26: Q3 FY2026 earnings release headline bullets, PDF p.1 || Q4_26: Q4 condensed consolidated statements of operations, PDF p.5 || FY26: Q4 FY2026 earnings release headline bullets/body, PDF p.1-2",extracted,self_checked,"Q1_25[reported/GAAP] || Q2_25[reported/GAAP] || Q3_25[reported/GAAP] || Q4_25[reported/GAAP] || FY25[reported/GAAP] || Q1_26[reported/GAAP] - Constant currency, Oracle-computed (May 31 2025 rates). || Q2_26[reported/GAAP] || Q3_26[reported/GAAP] || Q4_26[reported/GAAP] || FY26[reported/GAAP]"
REV_110,Total cloud revenue (SaaS + IaaS),USD_m,reported,5623,5937,6210,6737,7186,7977,8914,9913,24506,33989,Q1_25:SRC-003; Q2_25:SRC-004; Q3_25:SRC-005; Q4_25:SRC-012; FY25:SRC-002; Q1_26:SRC-013; Q2_26:SRC-007; Q3_26:SRC-008; Q4_26:SRC-016; FY26:SRC-024,"Q1_25: Revenue recognition note - cloud services and license support by offerings, PDF p.20 || Q2_25: Revenue recognition note - by offerings, PDF p.21-22 || Q3_25: Revenue recognition note - by offerings, PDF p.21 || Q4_25: Q4/FY2025 earnings release, GAAP statements PDF p.3-4 || FY25: Revenue disaggregation by offerings, PDF p.172 || Q1_26: Supplemental analysis of GAAP revenues, PDF p.9-10 || Q2_26: Condensed consolidated statements of operations, PDF p.5 (filing p.2) || Q3_26: Condensed consolidated statements of operations (3&9mo), PDF p.6 (filing p.2) || Q4_26: Q4 condensed consolidated statements of operations, PDF p.5 || FY26: Consolidated statements of operations, PDF p.67 (filing p.65)",extracted,self_checked,"Q1_25[reported/GAAP] - = 'Cloud services' per by-offerings footnote (10-Q, rung 2); ties headline '$5.6B +21%'. || Q2_25[reported/GAAP] - 'Cloud services' by-offerings footnote (3mo column); ties release '$5.9B +24%'. || Q3_25[reported/GAAP] - 'Cloud services' 3mo footnote; ties release '$6.2B +23%'. || Q4_25[calculated/GAAP] =FY 24,506(K25OFF)-9M 17,769(Q3_25OFF) - Validation: release headline '$6.7B +27%' (pass). || FY25[supplemental/GAAP] - 'Cloud services' annual, = filed REV_110 identity. || Q1_26[supplemental/GAAP] - Under FY26 presentation total cloud (IaaS+SaaS) = filed 'Cloud' caption (REV_011); identity documented. || Q2_26[supplemental/GAAP] - =filed Cloud caption. || Q3_26[supplemental/GAAP] - =filed Cloud caption. || Q4_26[supplemental/GAAP] - = filed 'Cloud' caption under FY26 presentation; headline '$9.9B +47%'. || FY26[supplemental/GAAP] - = filed Cloud caption."
REV_115,Total cloud revenue growth % (USD and CC),pct,reported,0.21,0.24,0.23,0.27,0.28,0.34,0.44,0.47,0.24,0.39,Q1_25:SRC-009; Q2_25:SRC-010; Q3_25:SRC-011; Q4_25:SRC-012; FY25:SRC-012; Q1_26:SRC-013; Q2_26:SRC-014; Q3_26:SRC-015; Q4_26:SRC-016; FY26:SRC-016,"Q1_25: Q1 FY2025 earnings release headline bullets, PDF p.1 || Q2_25: Q2 FY2025 earnings release headline bullets, PDF p.1 || Q3_25: Q3 FY2025 earnings release headline bullets, PDF p.1 || Q4_25: Q4/FY2025 earnings release, GAAP statements PDF p.3-4 || FY25: Q4/FY2025 earnings release, GAAP statements PDF p.3-4 || Q1_26: Q1 FY2026 earnings release headline bullets, PDF p.1 || Q2_26: Q2 FY2026 earnings release headline bullets, PDF p.1 || Q3_26: Q3 FY2026 earnings release headline bullets, PDF p.1 || Q4_26: Q4 FY2026 earnings release headline bullets/body, PDF p.1-2 || FY26: Q4 FY2026 earnings release headline bullets/body, PDF p.1-2",extracted,self_checked,Q1_25[reported/GAAP] - +21% USD / +22% CC. || Q2_25[reported/GAAP] - +24% USD / +24% CC. || Q3_25[reported/GAAP] || Q4_25[reported/GAAP] - headline. || FY25[supplemental/GAAP] || Q1_26[supplemental/GAAP] - +28% USD / +27% CC. || Q2_26[supplemental/GAAP] - +34% USD/+33% CC. || Q3_26[supplemental/GAAP] - +44% USD/+41% CC. || Q4_26[supplemental/GAAP] - +47% USD / +46% CC. || FY26[supplemental/GAAP] - +39% USD / +37% CC.
REV_120,Cloud infrastructure (IaaS/OCI) revenue,USD_m,reported,2154,2434,2652,2995,3347,4079,4888,5787,10234,18101,Q1_25:SRC-013; Q2_25:SRC-013; Q3_25:SRC-013; Q4_25:SRC-013; FY25:SRC-013; Q1_26:SRC-006; Q2_26:SRC-007; Q3_26:SRC-008; Q4_26:SRC-024; FY26:SRC-024,"Q1_25: Supplemental analysis of GAAP revenues (incl. FY25 quarterly comparatives), PDF p.9-10 || Q2_25: Supplemental analysis of GAAP revenues (incl. FY25 quarterly comparatives), PDF p.9-10 || Q3_25: Supplemental analysis of GAAP revenues (incl. FY25 quarterly comparatives), PDF p.9-10 || Q4_25: Supplemental analysis of GAAP revenues (incl. FY25 quarterly comparatives), PDF p.9-10 || FY25: Supplemental analysis of GAAP revenues (incl. FY25 quarterly comparatives), PDF p.9-10 || Q1_26: Revenue Recognition note - cloud revenues by offerings, PDF p.32 || Q2_26: Revenue Recognition note - cloud revenues by offerings, PDF p.29 || Q3_26: Revenue Recognition note - revenues by offerings, PDF p.33 || Q4_26: Revenue disaggregation by offerings, PDF p.104 (also MD&A p.55-56 area) || FY26: Revenue disaggregation by offerings, PDF p.104 (also MD&A p.55-56 area)",extracted,self_checked,"Q1_25[supplemental/GAAP] - Exact millions from FY26 Q1 release comparative table (SRC-013); original FY25 Q1 release disclosed only headline '$2.2B +45%'. Precision upgrade documented (D-016). || Q2_25[supplemental/GAAP] - Exact millions from SRC-013 comparative table; original release headline '$2.4B +52%'. || Q3_25[supplemental/GAAP] - Exact millions from SRC-013 comparative table; original headline '$2.7B +49%'. || Q4_25[supplemental/GAAP] - Exact millions from SRC-013 comparative table; original release headline '$3.0B +52%'. || FY25[supplemental/GAAP] - Cloud infrastructure FY25 total, exact millions (SRC-013 comparative). Headline growth: 50% USD. || Q1_26[supplemental/GAAP] - 10-Q footnote (rung 2) controls; release supplemental table shows identical 3,347. Headline '$3.3B +55%'. || Q2_26[supplemental/GAAP] - 10-Q footnote (rung2). Headline '$4.1B +68%'. || Q3_26[supplemental/GAAP] - 10-Q footnote. Headline '$4.9B +84%'. || Q4_26[calculated/GAAP] = FY 18,101 (SRC-024) - 9M 12,314 (SRC-008) - Validation: release/slides headline '$5.8B +93%' (5.787 rounds to 5.8, pass). Exact Q4 IaaS millions not in captured release PDF (right-edge clipped, SRC-016 capture defect). || FY26[supplemental/GAAP] - Cloud infrastructure FY26; +77% USD / +75% CC."
REV_125,Cloud infrastructure (IaaS) growth % (USD/CC),pct,reported,0.45,0.52,0.49,0.52,0.55,0.68,0.84,0.93,,0.77,Q1_25:SRC-009; Q2_25:SRC-010; Q3_25:SRC-011; Q4_25:SRC-012; Q1_26:SRC-013; Q2_26:SRC-014; Q3_26:SRC-015; Q4_26:SRC-016; FY26:SRC-016,"Q1_25: Q1 FY2025 earnings release headline bullets, PDF p.1 || Q2_25: Q2 FY2025 earnings release headline bullets, PDF p.1 || Q3_25: Q3 FY2025 earnings release headline bullets, PDF p.1 || Q4_25: Q4/FY2025 earnings release, GAAP statements PDF p.3-4 || Q1_26: Q1 FY2026 earnings release headline bullets, PDF p.1 || Q2_26: Q2 FY2026 earnings release headline bullets, PDF p.1 || Q3_26: Q3 FY2026 earnings release headline bullets, PDF p.1 || Q4_26: Q4 FY2026 earnings release headline bullets/body, PDF p.1-2 || FY26: Q4 FY2026 earnings release headline bullets/body, PDF p.1-2",extracted,self_checked,Q1_25[reported/GAAP] - +45% USD / +46% CC (headline). || Q2_25[reported/GAAP] - headline. || Q3_25[reported/GAAP] - headline. || Q4_25[reported/GAAP] - headline. || Q1_26[supplemental/GAAP] - +55% USD / +54% CC. || Q2_26[supplemental/GAAP] || Q3_26[supplemental/GAAP] || Q4_26[supplemental/GAAP] - +93% USD / +92% CC. || FY26[supplemental/GAAP]
REV_130,Cloud application (SaaS) revenue,USD_m,reported,3469,3503,3558,3742,3839,3898,4026,4126,14272,15888,Q1_25:SRC-013; Q2_25:SRC-013; Q3_25:SRC-013; Q4_25:SRC-013; FY25:SRC-013; Q1_26:SRC-006; Q2_26:SRC-007; Q3_26:SRC-008; Q4_26:SRC-024; FY26:SRC-024,"Q1_25: Supplemental analysis of GAAP revenues (incl. FY25 quarterly comparatives), PDF p.9-10 || Q2_25: Supplemental analysis of GAAP revenues (incl. FY25 quarterly comparatives), PDF p.9-10 || Q3_25: Supplemental analysis of GAAP revenues (incl. FY25 quarterly comparatives), PDF p.9-10 || Q4_25: Supplemental analysis of GAAP revenues (incl. FY25 quarterly comparatives), PDF p.9-10 || FY25: Supplemental analysis of GAAP revenues (incl. FY25 quarterly comparatives), PDF p.9-10 || Q1_26: Revenue Recognition note - cloud revenues by offerings, PDF p.32 || Q2_26: Revenue Recognition note - cloud revenues by offerings, PDF p.29 || Q3_26: Revenue Recognition note - revenues by offerings, PDF p.33 || Q4_26: Revenue disaggregation by offerings, PDF p.104 (also MD&A p.55-56 area) || FY26: Revenue disaggregation by offerings, PDF p.104 (also MD&A p.55-56 area)",extracted,self_checked,"Q1_25[supplemental/GAAP] - Exact millions from SRC-013 comparative table; original release headline '$3.5B +10%'. || Q2_25[supplemental/GAAP] - Exact millions from SRC-013; original headline '$3.5B +10%'. || Q3_25[supplemental/GAAP] - Exact millions from SRC-013; original headline '$3.6B +9%'. || Q4_25[supplemental/GAAP] - Exact millions from SRC-013; original headline '$3.7B +12%'. || FY25[supplemental/GAAP] - Cloud applications FY25 total. Headline growth 10% USD. || Q1_26[supplemental/GAAP] - Release supplemental identical 3,839. Headline '$3.8B +11%'. || Q2_26[supplemental/GAAP] - Headline '$3.9B +11%'. || Q3_26[supplemental/GAAP] - Headline '$4.0B +13%'. || Q4_26[calculated/GAAP] = FY 15,888 - 9M 11,762 - Validation: headline '$4.1B +10%' (pass). || FY26[supplemental/GAAP] - Cloud applications FY26; +11% USD / +10% CC."
REV_135,Cloud application (SaaS) growth % (USD/CC),pct,reported,0.1,0.1,0.09,0.12,0.11,0.11,0.13,0.1,,0.11,Q1_25:SRC-009; Q2_25:SRC-010; Q3_25:SRC-011; Q4_25:SRC-012; Q1_26:SRC-013; Q2_26:SRC-014; Q3_26:SRC-015; Q4_26:SRC-016; FY26:SRC-016,"Q1_25: Q1 FY2025 earnings release headline bullets, PDF p.1 || Q2_25: Q2 FY2025 earnings release headline bullets, PDF p.1 || Q3_25: Q3 FY2025 earnings release headline bullets, PDF p.1 || Q4_25: Q4/FY2025 earnings release, GAAP statements PDF p.3-4 || Q1_26: Q1 FY2026 earnings release headline bullets, PDF p.1 || Q2_26: Q2 FY2026 earnings release headline bullets, PDF p.1 || Q3_26: Q3 FY2026 earnings release headline bullets, PDF p.1 || Q4_26: Q4 FY2026 earnings release headline bullets/body, PDF p.1-2 || FY26: Q4 FY2026 earnings release headline bullets/body, PDF p.1-2",extracted,self_checked,Q1_25[reported/GAAP] - +10% USD / +10% CC (headline). || Q2_25[reported/GAAP] - headline. || Q3_25[reported/GAAP] - headline. || Q4_25[reported/GAAP] - headline. || Q1_26[supplemental/GAAP] - +11% USD / +10% CC. || Q2_26[supplemental/GAAP] || Q3_26[supplemental/GAAP] || Q4_26[supplemental/GAAP] - +10% USD / +9% CC. || FY26[supplemental/GAAP]
REV_140,Cloud services revenue (MD&A split),USD_m,reported,5623,5937,6210,6737,,,,,,,Q1_25:SRC-003; Q2_25:SRC-004; Q3_25:SRC-005; Q4_25:SRC-002,"Q1_25: Revenue recognition note - cloud services and license support by offerings, PDF p.20 || Q2_25: Revenue recognition note - by offerings, PDF p.21-22 || Q3_25: Revenue recognition note - by offerings, PDF p.21 || Q4_25: Revenue disaggregation by offerings, PDF p.172",partial,self_checked,"Q1_25[reported/GAAP] - = REV_110 identity for pre-FY26 periods (Cloud services component of REV_010). || Q2_25[reported/GAAP] - =REV_110 identity. || Q3_25[reported/GAAP] || Q4_25[calculated/GAAP] =FY 24,506-9M 17,769 - =REV_110 identity. || Q1_26[not_disclosed] MD&A cloud-services split superseded by filed 'Cloud' caption (REV_011) from FY26 Q1. || Q2_26[not_disclosed] MD&A cloud-services split superseded by filed 'Cloud' caption (REV_011) from FY26 Q1. || Q3_26[not_disclosed] MD&A cloud-services split superseded by filed 'Cloud' caption (REV_011) from FY26 Q1. || Q4_26[not_disclosed] MD&A cloud-services split superseded by filed 'Cloud' caption (REV_011) from FY26 Q1. || FY26[not_disclosed] MD&A cloud-services split superseded by filed 'Cloud' caption (REV_011) from FY26 Q1."
REV_145,License support revenue (MD&A split),USD_m,reported,4896,4869,4797,4961,4955,4938,4969,4943,19523,19804,Q1_25:SRC-003; Q2_25:SRC-004; Q3_25:SRC-005; Q4_25:SRC-002; FY25:SRC-002; Q1_26:SRC-006; Q2_26:SRC-007; Q3_26:SRC-008; Q4_26:SRC-024; FY26:SRC-024,"Q1_25: Revenue recognition note - cloud services and license support by offerings, PDF p.20 || Q2_25: Revenue recognition note - by offerings, PDF p.21-22 || Q3_25: Revenue recognition note - by offerings, PDF p.21 || Q4_25: Revenue disaggregation by offerings, PDF p.172 || FY25: Revenue disaggregation by offerings, PDF p.172 || Q1_26: Revenue Recognition note - software revenues by offerings, PDF p.30 || Q2_26: Revenue Recognition note - software revenues by offerings, PDF p.28 || Q3_26: Revenue Recognition note - revenues by offerings, PDF p.33 || Q4_26: Revenue disaggregation by offerings, PDF p.104 (also MD&A p.55-56 area) || FY26: Revenue disaggregation by offerings, PDF p.104 (also MD&A p.55-56 area)",extracted,self_checked,"Q1_25[reported/GAAP] - License support component of REV_010. || Q2_25[reported/GAAP] || Q3_25[reported/GAAP] || Q4_25[calculated/GAAP] =FY 19,523-9M 14,562 - Cross-foot: 6,737+4,961=11,698=REV_010 (pass). || FY25[supplemental/GAAP] - License support FY25 total. || Q1_26[supplemental/GAAP] - FY26 caption 'Software support' (by-offerings footnote); series continuous with pre-FY26 license-support MD&A split per D-013 bridge. || Q2_26[supplemental/GAAP] - Software support by-offerings. || Q3_26[supplemental/GAAP] || Q4_26[calculated/GAAP] = FY 19,804 - 9M 14,861 - Software support. Cross-foot: 4,943+1,881 = 6,824 = Q4 Software (pass). || FY26[supplemental/GAAP] - Software support FY26."
REV_147,"Software license revenue (by offerings, FY26 presentation)",USD_m,reported,,,,,766,939,1150,1881,,4737,Q1_26:SRC-006; Q2_26:SRC-007; Q3_26:SRC-008; Q4_26:SRC-024; FY26:SRC-024,"Q1_26: Revenue Recognition note - software revenues by offerings, PDF p.30 || Q2_26: Revenue Recognition note - software revenues by offerings, PDF p.28 || Q3_26: Revenue Recognition note - revenues by offerings, PDF p.33 || Q4_26: Revenue disaggregation by offerings, PDF p.104 (also MD&A p.55-56 area) || FY26: Revenue disaggregation by offerings, PDF p.104 (also MD&A p.55-56 area)",partial,self_checked,"Q1_25[not_disclosed] Field introduced FY26 Q1 presentation (D-013); does not exist for FY25 periods. || Q2_25[not_disclosed] Field introduced FY26 Q1 presentation (D-013); does not exist for FY25 periods. || Q3_25[not_disclosed] Field introduced FY26 Q1 presentation (D-013); does not exist for FY25 periods. || Q4_25[not_disclosed] Field introduced FY26 Q1 presentation (D-013); does not exist for FY25 periods. || FY25[not_disclosed] Field introduced FY26 Q1 presentation (D-013); does not exist for FY25 periods. || Q1_26[supplemental/GAAP] - NEW FIELD (D-013): 'Software license' per by-offerings footnote; series continuous with pre-FY26 REV_020 caption (FY25Q1 comparative 870 ties). || Q2_26[supplemental/GAAP] - Software license by-offerings. || Q3_26[supplemental/GAAP] || Q4_26[calculated/GAAP] = FY 4,737 - 9M 2,856 - Software license. || FY26[supplemental/GAAP] - Software license FY26."
REV_310,OCI revenue (analytical stream 1),USD_m,calculated,2154,2434,2652,2995,3347,4079,4888,5787,,,Q1_25:SRC-013; Q2_25:SRC-013; Q3_25:SRC-013; Q4_25:SRC-013; Q1_26:SRC-006; Q2_26:SRC-007; Q3_26:SRC-008; Q4_26:SRC-024,"Q1_25: Supplemental analysis of GAAP revenues (incl. FY25 quarterly comparatives), PDF p.9-10 || Q2_25: Supplemental analysis of GAAP revenues (incl. FY25 quarterly comparatives), PDF p.9-10 || Q3_25: Supplemental analysis of GAAP revenues (incl. FY25 quarterly comparatives), PDF p.9-10 || Q4_25: Supplemental analysis of GAAP revenues (incl. FY25 quarterly comparatives), PDF p.9-10 || Q1_26: Revenue Recognition note - cloud revenues by offerings, PDF p.32 || Q2_26: Revenue Recognition note - cloud revenues by offerings, PDF p.29 || Q3_26: Revenue Recognition note - revenues by offerings, PDF p.33 || Q4_26: Revenue disaggregation by offerings, PDF p.104 (also MD&A p.55-56 area)",extracted,self_checked,"Q1_25[calculated/GAAP] = REV_120 (bridge) || Q2_25[calculated/GAAP] =REV_120 || Q3_25[calculated/GAAP] =REV_120 || Q4_25[calculated/GAAP] =REV_120 || Q1_26[calculated/GAAP] = REV_120 (bridge, disclosed IaaS dollars) || Q2_26[calculated/GAAP] =REV_120 || Q3_26[calculated/GAAP] =REV_120 || Q4_26[calculated/GAAP] = REV_120 (bridge)"
REV_320,Cloud applications revenue (analytical stream 2),USD_m,calculated,3469,3503,3558,3742,3839,3898,4026,4126,,,Q1_25:SRC-013; Q2_25:SRC-013; Q3_25:SRC-013; Q4_25:SRC-013; Q1_26:SRC-006; Q2_26:SRC-007; Q3_26:SRC-008; Q4_26:SRC-024,"Q1_25: Supplemental analysis of GAAP revenues (incl. FY25 quarterly comparatives), PDF p.9-10 || Q2_25: Supplemental analysis of GAAP revenues (incl. FY25 quarterly comparatives), PDF p.9-10 || Q3_25: Supplemental analysis of GAAP revenues (incl. FY25 quarterly comparatives), PDF p.9-10 || Q4_25: Supplemental analysis of GAAP revenues (incl. FY25 quarterly comparatives), PDF p.9-10 || Q1_26: Revenue Recognition note - cloud revenues by offerings, PDF p.32 || Q2_26: Revenue Recognition note - cloud revenues by offerings, PDF p.29 || Q3_26: Revenue Recognition note - revenues by offerings, PDF p.33 || Q4_26: Revenue disaggregation by offerings, PDF p.104 (also MD&A p.55-56 area)",extracted,self_checked,"Q1_25[calculated/GAAP] = REV_130 (bridge) || Q2_25[calculated/GAAP] =REV_130 || Q3_25[calculated/GAAP] =REV_130 || Q4_25[calculated/GAAP] =REV_130 || Q1_26[calculated/GAAP] = REV_130 (bridge, disclosed SaaS dollars) || Q2_26[calculated/GAAP] =REV_130 || Q3_26[calculated/GAAP] =REV_130 || Q4_26[calculated/GAAP] = REV_130 (bridge)"
REV_330,Software support revenue (analytical stream 3),USD_m,calculated,4896,4869,4797,4961,4955,4938,4969,4943,,,Q1_25:SRC-003; Q2_25:SRC-004; Q3_25:SRC-005; Q4_25:SRC-002; Q1_26:SRC-006; Q2_26:SRC-007; Q3_26:SRC-008; Q4_26:SRC-024,"Q1_25: Revenue recognition note - cloud services and license support by offerings, PDF p.20 || Q2_25: Revenue recognition note - by offerings, PDF p.21-22 || Q3_25: Revenue recognition note - by offerings, PDF p.21 || Q4_25: Revenue disaggregation by offerings, PDF p.172 || Q1_26: Revenue Recognition note - software revenues by offerings, PDF p.30 || Q2_26: Revenue Recognition note - software revenues by offerings, PDF p.28 || Q3_26: Revenue Recognition note - revenues by offerings, PDF p.33 || Q4_26: Revenue disaggregation by offerings, PDF p.104 (also MD&A p.55-56 area)",extracted,self_checked,"Q1_25[calculated/GAAP] = REV_010 - REV_110 (residual) = REV_145 exactly (cross-check) - 10,519-5,623=4,896=REV_145 exact (no rounding inherited). || Q2_25[calculated/GAAP] =REV_010-REV_110=REV_145 exact - 10,806-5,937=4,869. || Q3_25[calculated/GAAP] =REV_010-REV_110=REV_145 exact - 11,007-6,210=4,797. || Q4_25[calculated/GAAP] =REV_145 || Q1_26[calculated/GAAP] = REV_145 (FY26 bridge: directly disclosed software support; replaces residual formula per D-013) - Better than residual: no rounding inheritance. || Q2_26[calculated/GAAP] =REV_145 || Q3_26[calculated/GAAP] =REV_145 || Q4_26[calculated/GAAP] = REV_145 (FY26 bridge)"
REV_340,Software license revenue (analytical stream 4),USD_m,calculated,870,1195,1129,2007,766,939,1150,1881,,,Q1_25:SRC-003; Q2_25:SRC-004; Q3_25:SRC-005; Q4_25:SRC-012; Q1_26:SRC-006; Q2_26:SRC-007; Q3_26:SRC-008; Q4_26:SRC-024,"Q1_25: Condensed consolidated statements of operations, PDF p.8 (filing p.4) || Q2_25: Condensed consolidated statements of operations, PDF p.7 (filing p.4) || Q3_25: Condensed consolidated statements of operations, PDF p.7 (filing p.4) || Q4_25: Q4/FY2025 earnings release, GAAP statements PDF p.3-4 || Q1_26: Revenue Recognition note - software revenues by offerings, PDF p.30 || Q2_26: Revenue Recognition note - software revenues by offerings, PDF p.28 || Q3_26: Revenue Recognition note - revenues by offerings, PDF p.33 || Q4_26: Revenue disaggregation by offerings, PDF p.104 (also MD&A p.55-56 area)",extracted,self_checked,Q1_25[calculated/GAAP] = REV_020 (identity) || Q2_25[calculated/GAAP] =REV_020 || Q3_25[calculated/GAAP] =REV_020 || Q4_25[calculated/GAAP] =REV_020 || Q1_26[calculated/GAAP] = REV_147 (FY26 bridge; pre-FY26: = REV_020) || Q2_26[calculated/GAAP] =REV_147 || Q3_26[calculated/GAAP] =REV_147 || Q4_26[calculated/GAAP] = REV_147 (FY26 bridge)
REV_350,Hardware revenue (analytical stream 5),USD_m,calculated,655,728,703,850,670,776,714,924,,,Q1_25:SRC-003; Q2_25:SRC-004; Q3_25:SRC-005; Q4_25:SRC-012; Q1_26:SRC-006; Q2_26:SRC-007; Q3_26:SRC-008; Q4_26:SRC-016,"Q1_25: Condensed consolidated statements of operations, PDF p.8 (filing p.4) || Q2_25: Condensed consolidated statements of operations, PDF p.7 (filing p.4) || Q3_25: Condensed consolidated statements of operations, PDF p.7 (filing p.4) || Q4_25: Q4/FY2025 earnings release, GAAP statements PDF p.3-4 || Q1_26: Condensed consolidated statements of operations, PDF p.7 (filing p.4) || Q2_26: Condensed consolidated statements of operations, PDF p.5 (filing p.2) || Q3_26: Condensed consolidated statements of operations (3&9mo), PDF p.6 (filing p.2) || Q4_26: Q4 condensed consolidated statements of operations, PDF p.5",extracted,self_checked,Q1_25[calculated/GAAP] = REV_030 (identity) || Q2_25[calculated/GAAP] =REV_030 || Q3_25[calculated/GAAP] =REV_030 || Q4_25[calculated/GAAP] =REV_030 || Q1_26[calculated/GAAP] = REV_030 (identity) || Q2_26[calculated/GAAP] =REV_030 || Q3_26[calculated/GAAP] =REV_030 || Q4_26[calculated/GAAP] = REV_030 (identity)
REV_360,Services revenue (analytical stream 6),USD_m,calculated,1263,1330,1291,1348,1349,1428,1443,1523,,,Q1_25:SRC-003; Q2_25:SRC-004; Q3_25:SRC-005; Q4_25:SRC-012; Q1_26:SRC-006; Q2_26:SRC-007; Q3_26:SRC-008; Q4_26:SRC-016,"Q1_25: Condensed consolidated statements of operations, PDF p.8 (filing p.4) || Q2_25: Condensed consolidated statements of operations, PDF p.7 (filing p.4) || Q3_25: Condensed consolidated statements of operations, PDF p.7 (filing p.4) || Q4_25: Q4/FY2025 earnings release, GAAP statements PDF p.3-4 || Q1_26: Condensed consolidated statements of operations, PDF p.7 (filing p.4) || Q2_26: Condensed consolidated statements of operations, PDF p.5 (filing p.2) || Q3_26: Condensed consolidated statements of operations (3&9mo), PDF p.6 (filing p.2) || Q4_26: Q4 condensed consolidated statements of operations, PDF p.5",extracted,self_checked,Q1_25[calculated/GAAP] = REV_040 (identity) || Q2_25[calculated/GAAP] =REV_040 || Q3_25[calculated/GAAP] =REV_040 || Q4_25[calculated/GAAP] =REV_040 || Q1_26[calculated/GAAP] = REV_040 (identity) || Q2_26[calculated/GAAP] =REV_040 || Q3_26[calculated/GAAP] =REV_040 || Q4_26[calculated/GAAP] = REV_040 (identity)
REV_370,Total revenue (analytical sum),USD_m,calculated,13307,14059,14130,15903,14926,16058,17190,19184,,,Q1_25:SRC-003; Q2_25:SRC-004; Q3_25:SRC-005; Q4_25:SRC-012; Q1_26:SRC-006; Q2_26:SRC-007; Q3_26:SRC-008; Q4_26:SRC-016,"Q1_25: Condensed consolidated statements of operations, PDF p.8 (filing p.4) || Q2_25: Condensed consolidated statements of operations, PDF p.7 (filing p.4) || Q3_25: Condensed consolidated statements of operations, PDF p.7 (filing p.4) || Q4_25: Q4/FY2025 earnings release, GAAP statements PDF p.3-4 || Q1_26: Condensed consolidated statements of operations, PDF p.7 (filing p.4) || Q2_26: Condensed consolidated statements of operations, PDF p.5 (filing p.2) || Q3_26: Condensed consolidated statements of operations (3&9mo), PDF p.6 (filing p.2) || Q4_26: Q4 condensed consolidated statements of operations, PDF p.5",extracted,self_checked,"Q1_25[calculated/GAAP] = sum(REV_310..REV_360) - 2154+3469+4896+870+655+1263=13307 (CHECK_020 pass). || Q2_25[calculated/GAAP] =sum streams - 2434+3503+4869+1195+728+1330=14059 (CHECK_020 pass). || Q3_25[calculated/GAAP] =sum streams - 2652+3558+4797+1129+703+1291=14130 (CHECK_020 pass). || Q4_25[calculated/GAAP] =sum streams - 2995+3742+4961+2007+850+1348=15903 (CHECK_020 pass). || Q1_26[calculated/GAAP] = sum(REV_310..REV_360) - 3347+3839+4955+766+670+1349 = 14,926 = REV_050 (CHECK_020 pass). || Q2_26[calculated/GAAP] =sum streams - 4079+3898+4938+939+776+1428=16058 (CHECK_020 pass). || Q3_26[calculated/GAAP] =sum streams - 4888+4026+4969+1150+714+1443=17190 (CHECK_020 pass). || Q4_26[calculated/GAAP] = sum(REV_310..REV_360) - 5787+4126+4943+1881+924+1523 = 19,184 = REV_050 (CHECK_020 pass)."
COGS_010,Cloud services and license support expenses,USD_m,assumed,2597,2746,2882,3343,,,,,11569,,Q1_25:SRC-003; Q2_25:SRC-004; Q3_25:SRC-005; Q4_25:SRC-012; FY25:SRC-002,"Q1_25: Condensed consolidated statements of operations, PDF p.8 (filing p.4) || Q2_25: Condensed consolidated statements of operations, PDF p.7 (filing p.4) || Q3_25: Condensed consolidated statements of operations, PDF p.7 (filing p.4) || Q4_25: Q4/FY2025 earnings release, GAAP statements PDF p.3-4 || FY25: Consolidated statements of operations, PDF p.111 (filing ~p.65)",partial,self_checked,"Q1_25[reported/GAAP] || Q2_25[reported/GAAP] || Q3_25[reported/GAAP] || Q4_25[reported/GAAP] - Validation: 11,569-8,226=3,343 (diff 0). || FY25[reported/GAAP] || Q1_26[not_disclosed] Filed caption discontinued from FY26 Q1 (Q-18/D-013); see REV_011/REV_021/REV_147/COGS_011. || Q2_26[not_disclosed] Filed caption discontinued from FY26 Q1 (Q-18/D-013); see REV_011/REV_021/REV_147/COGS_011. || Q3_26[not_disclosed] Filed caption discontinued from FY26 Q1 (Q-18/D-013); see REV_011/REV_021/REV_147/COGS_011. || Q4_26[not_disclosed] Filed caption discontinued from FY26 Q1 (Q-18/D-013); see REV_011/REV_021/REV_147/COGS_011. || FY26[not_disclosed] Filed caption discontinued from FY26 Q1 (Q-18/D-013); see REV_011/REV_021/REV_147/COGS_011."
COGS_011,"Cloud and software expenses (as filed, FY26 presentation)",USD_m,assumed,,,,,3607,3990,4776,5224,,17597,Q1_26:SRC-006; Q2_26:SRC-007; Q3_26:SRC-008; Q4_26:SRC-016; FY26:SRC-024,"Q1_26: Condensed consolidated statements of operations, PDF p.7 (filing p.4) || Q2_26: Condensed consolidated statements of operations, PDF p.5 (filing p.2) || Q3_26: Condensed consolidated statements of operations (3&9mo), PDF p.6 (filing p.2) || Q4_26: Q4 condensed consolidated statements of operations, PDF p.5 || FY26: Consolidated statements of operations, PDF p.67 (filing p.65)",partial,self_checked,"Q1_25[not_disclosed] Field introduced FY26 Q1 presentation (D-013); does not exist for FY25 periods. || Q2_25[not_disclosed] Field introduced FY26 Q1 presentation (D-013); does not exist for FY25 periods. || Q3_25[not_disclosed] Field introduced FY26 Q1 presentation (D-013); does not exist for FY25 periods. || Q4_25[not_disclosed] Field introduced FY26 Q1 presentation (D-013); does not exist for FY25 periods. || FY25[not_disclosed] Field introduced FY26 Q1 presentation (D-013); does not exist for FY25 periods. || Q1_26[reported/GAAP] - NEW FY26 caption 'Cloud and software' expenses; prior-year 2,597 = old CS&LS expense line unchanged (relabel only). || Q2_26[reported/GAAP] || Q3_26[reported/GAAP] || Q4_26[reported/GAAP] - Validation: 17,597 - 12,373 = 5,224 (diff 0). || FY26[reported/GAAP]"
COGS_020,Hardware expenses,USD_m,assumed,162,172,197,252,178,215,183,293,782,868,Q1_25:SRC-003; Q2_25:SRC-004; Q3_25:SRC-005; Q4_25:SRC-012; FY25:SRC-002; Q1_26:SRC-006; Q2_26:SRC-007; Q3_26:SRC-008; Q4_26:SRC-016; FY26:SRC-024,"Q1_25: Condensed consolidated statements of operations, PDF p.8 (filing p.4) || Q2_25: Condensed consolidated statements of operations, PDF p.7 (filing p.4) || Q3_25: Condensed consolidated statements of operations, PDF p.7 (filing p.4) || Q4_25: Q4/FY2025 earnings release, GAAP statements PDF p.3-4 || FY25: Consolidated statements of operations, PDF p.111 (filing ~p.65) || Q1_26: Condensed consolidated statements of operations, PDF p.7 (filing p.4) || Q2_26: Condensed consolidated statements of operations, PDF p.5 (filing p.2) || Q3_26: Condensed consolidated statements of operations (3&9mo), PDF p.6 (filing p.2) || Q4_26: Q4 condensed consolidated statements of operations, PDF p.5 || FY26: Consolidated statements of operations, PDF p.67 (filing p.65)",extracted,self_checked,"Q1_25[reported/GAAP] || Q2_25[reported/GAAP] || Q3_25[reported/GAAP] || Q4_25[reported/GAAP] - Validation: 782-530=252 (diff 0). || FY25[reported/GAAP] || Q1_26[reported/GAAP] || Q2_26[reported/GAAP] || Q3_26[reported/GAAP] || Q4_26[reported/GAAP] - Validation: 868 - 576 = 292 (diff 1, recast rounding; release direct value controls). || FY26[reported/GAAP]"
COGS_030,Services expenses,USD_m,assumed,1147,1167,1116,1145,1099,1169,1133,1155,4576,4556,Q1_25:SRC-003; Q2_25:SRC-004; Q3_25:SRC-005; Q4_25:SRC-012; FY25:SRC-002; Q1_26:SRC-006; Q2_26:SRC-007; Q3_26:SRC-008; Q4_26:SRC-016; FY26:SRC-024,"Q1_25: Condensed consolidated statements of operations, PDF p.8 (filing p.4) || Q2_25: Condensed consolidated statements of operations, PDF p.7 (filing p.4) || Q3_25: Condensed consolidated statements of operations, PDF p.7 (filing p.4) || Q4_25: Q4/FY2025 earnings release, GAAP statements PDF p.3-4 || FY25: Consolidated statements of operations, PDF p.111 (filing ~p.65) || Q1_26: Condensed consolidated statements of operations, PDF p.7 (filing p.4) || Q2_26: Condensed consolidated statements of operations, PDF p.5 (filing p.2) || Q3_26: Condensed consolidated statements of operations (3&9mo), PDF p.6 (filing p.2) || Q4_26: Q4 condensed consolidated statements of operations, PDF p.5 || FY26: Consolidated statements of operations, PDF p.67 (filing p.65)",extracted,self_checked,"Q1_25[reported/GAAP] || Q2_25[reported/GAAP] || Q3_25[reported/GAAP] || Q4_25[reported/GAAP] - Validation: 4,576-3,430=1,146 (diff 1). || FY25[reported/GAAP] || Q1_26[reported/GAAP] || Q2_26[reported/GAAP] || Q3_26[reported/GAAP] || Q4_26[reported/GAAP] - Validation: 4,556 - 3,401 = 1,155 (diff 0). || FY26[reported/GAAP]"
COGS_050,"Gross profit (GAAP, calculated)",USD_m,calculated,9401,9974,9935,11163,10042,10704,11098,12512,,,Q1_25:SRC-003; Q2_25:SRC-004; Q3_25:SRC-005; Q4_25:SRC-012; Q1_26:SRC-006; Q2_26:SRC-007; Q3_26:SRC-008; Q4_26:SRC-016,"Q1_25: Condensed consolidated statements of operations, PDF p.8 (filing p.4) || Q2_25: Condensed consolidated statements of operations, PDF p.7 (filing p.4) || Q3_25: Condensed consolidated statements of operations, PDF p.7 (filing p.4) || Q4_25: Q4/FY2025 earnings release, GAAP statements PDF p.3-4 || Q1_26: Condensed consolidated statements of operations, PDF p.7 (filing p.4) || Q2_26: Condensed consolidated statements of operations, PDF p.5 (filing p.2) || Q3_26: Condensed consolidated statements of operations (3&9mo), PDF p.6 (filing p.2) || Q4_26: Q4 condensed consolidated statements of operations, PDF p.5",extracted,self_checked,"Q1_25[calculated/GAAP] = REV_050-COGS_010-COGS_020-COGS_030 || Q2_25[calculated/GAAP] = REV_050 - COGS_010/011 - COGS_020 - COGS_030 || Q3_25[calculated/GAAP] = REV_050 - COGS_010/011 - COGS_020 - COGS_030 || Q4_25[calculated/GAAP] = REV_050 - COGS_010/011 - COGS_020 - COGS_030 || Q1_26[calculated/GAAP] = REV_050 - COGS_011 - COGS_020 - COGS_030 (FY26 presentation) - Analyst-defined gross profit; COGS_011 substitutes for COGS_010 under FY26 captions (D-013). || Q2_26[calculated/GAAP] = REV_050 - COGS_010/011 - COGS_020 - COGS_030 || Q3_26[calculated/GAAP] = REV_050 - COGS_010/011 - COGS_020 - COGS_030 || Q4_26[calculated/GAAP] = 19,184 - 5,224 - 293 - 1,155"
COGS_060,"Gross margin % (GAAP, calculated)",pct,calculated,0.7064,0.7095,0.7031,0.702,0.6728,0.6666,0.6456,0.6522,,,Q1_25:SRC-003; Q2_25:SRC-004; Q3_25:SRC-005; Q4_25:SRC-012; Q1_26:SRC-006; Q2_26:SRC-007; Q3_26:SRC-008; Q4_26:SRC-016,"Q1_25: Condensed consolidated statements of operations, PDF p.8 (filing p.4) || Q2_25: Condensed consolidated statements of operations, PDF p.7 (filing p.4) || Q3_25: Condensed consolidated statements of operations, PDF p.7 (filing p.4) || Q4_25: Q4/FY2025 earnings release, GAAP statements PDF p.3-4 || Q1_26: Condensed consolidated statements of operations, PDF p.7 (filing p.4) || Q2_26: Condensed consolidated statements of operations, PDF p.5 (filing p.2) || Q3_26: Condensed consolidated statements of operations (3&9mo), PDF p.6 (filing p.2) || Q4_26: Q4 condensed consolidated statements of operations, PDF p.5",extracted,self_checked,Q1_25[calculated/GAAP] = COGS_050/REV_050 || Q2_25[calculated/GAAP] = COGS_050 / REV_050 || Q3_25[calculated/GAAP] = COGS_050 / REV_050 || Q4_25[calculated/GAAP] = COGS_050 / REV_050 || Q1_26[calculated/GAAP] = COGS_050 / REV_050 || Q2_26[calculated/GAAP] = COGS_050 / REV_050 || Q3_26[calculated/GAAP] = COGS_050 / REV_050 || Q4_26[calculated/GAAP] = COGS_050 / REV_050
OPEX_010,Sales and marketing expense,USD_m,assumed,2036,2190,2119,2306,2063,2149,2052,2068,8651,8331,Q1_25:SRC-003; Q2_25:SRC-004; Q3_25:SRC-005; Q4_25:SRC-012; FY25:SRC-002; Q1_26:SRC-006; Q2_26:SRC-007; Q3_26:SRC-008; Q4_26:SRC-016; FY26:SRC-024,"Q1_25: Condensed consolidated statements of operations, PDF p.8 (filing p.4) || Q2_25: Condensed consolidated statements of operations, PDF p.7 (filing p.4) || Q3_25: Condensed consolidated statements of operations, PDF p.7 (filing p.4) || Q4_25: Q4/FY2025 earnings release, GAAP statements PDF p.3-4 || FY25: Consolidated statements of operations, PDF p.111 (filing ~p.65) || Q1_26: Condensed consolidated statements of operations, PDF p.7 (filing p.4) || Q2_26: Condensed consolidated statements of operations, PDF p.5 (filing p.2) || Q3_26: Condensed consolidated statements of operations (3&9mo), PDF p.6 (filing p.2) || Q4_26: Q4 condensed consolidated statements of operations, PDF p.5 || FY26: Consolidated statements of operations, PDF p.67 (filing p.65)",extracted,self_checked,"Q1_25[reported/GAAP] || Q2_25[reported/GAAP] || Q3_25[reported/GAAP] || Q4_25[reported/GAAP] - Validation diff 0. || FY25[reported/GAAP] || Q1_26[reported/GAAP] || Q2_26[reported/GAAP] || Q3_26[reported/GAAP] || Q4_26[reported/GAAP] - Validation: 8,331 - 6,263 = 2,068 (diff 0). || FY26[reported/GAAP]"
OPEX_020,Research and development expense,USD_m,assumed,2306,2471,2429,2654,2491,2561,2607,2613,9860,10272,Q1_25:SRC-003; Q2_25:SRC-004; Q3_25:SRC-005; Q4_25:SRC-012; FY25:SRC-002; Q1_26:SRC-006; Q2_26:SRC-007; Q3_26:SRC-008; Q4_26:SRC-016; FY26:SRC-024,"Q1_25: Condensed consolidated statements of operations, PDF p.8 (filing p.4) || Q2_25: Condensed consolidated statements of operations, PDF p.7 (filing p.4) || Q3_25: Condensed consolidated statements of operations, PDF p.7 (filing p.4) || Q4_25: Q4/FY2025 earnings release, GAAP statements PDF p.3-4 || FY25: Consolidated statements of operations, PDF p.111 (filing ~p.65) || Q1_26: Condensed consolidated statements of operations, PDF p.7 (filing p.4) || Q2_26: Condensed consolidated statements of operations, PDF p.5 (filing p.2) || Q3_26: Condensed consolidated statements of operations (3&9mo), PDF p.6 (filing p.2) || Q4_26: Q4 condensed consolidated statements of operations, PDF p.5 || FY26: Consolidated statements of operations, PDF p.67 (filing p.65)",extracted,self_checked,"Q1_25[reported/GAAP] || Q2_25[reported/GAAP] || Q3_25[reported/GAAP] || Q4_25[reported/GAAP] - Validation diff 0. || FY25[reported/GAAP] || Q1_26[reported/GAAP] || Q2_26[reported/GAAP] || Q3_26[reported/GAAP] || Q4_26[reported/GAAP] - Validation: 10,272 - 7,658 = 2,614 (diff 1). || FY26[reported/GAAP]"
OPEX_030,General and administrative expense,USD_m,assumed,358,387,390,467,376,409,389,444,1602,1618,Q1_25:SRC-003; Q2_25:SRC-004; Q3_25:SRC-005; Q4_25:SRC-012; FY25:SRC-002; Q1_26:SRC-006; Q2_26:SRC-007; Q3_26:SRC-008; Q4_26:SRC-016; FY26:SRC-024,"Q1_25: Condensed consolidated statements of operations, PDF p.8 (filing p.4) || Q2_25: Condensed consolidated statements of operations, PDF p.7 (filing p.4) || Q3_25: Condensed consolidated statements of operations, PDF p.7 (filing p.4) || Q4_25: Q4/FY2025 earnings release, GAAP statements PDF p.3-4 || FY25: Consolidated statements of operations, PDF p.111 (filing ~p.65) || Q1_26: Condensed consolidated statements of operations, PDF p.7 (filing p.4) || Q2_26: Condensed consolidated statements of operations, PDF p.5 (filing p.2) || Q3_26: Condensed consolidated statements of operations (3&9mo), PDF p.6 (filing p.2) || Q4_26: Q4 condensed consolidated statements of operations, PDF p.5 || FY26: Consolidated statements of operations, PDF p.67 (filing p.65)",extracted,self_checked,"Q1_25[reported/GAAP] || Q2_25[reported/GAAP] || Q3_25[reported/GAAP] || Q4_25[reported/GAAP] - Validation diff 0. || FY25[reported/GAAP] || Q1_26[reported/GAAP] || Q2_26[reported/GAAP] || Q3_26[reported/GAAP] || Q4_26[reported/GAAP] - Validation: 1,618 - 1,174 = 444 (diff 0). || FY26[reported/GAAP]"
OPEX_040,Amortization of intangible assets,USD_m,assumed,624,591,548,544,420,407,413,431,2307,1671,Q1_25:SRC-003; Q2_25:SRC-004; Q3_25:SRC-005; Q4_25:SRC-012; FY25:SRC-002; Q1_26:SRC-006; Q2_26:SRC-007; Q3_26:SRC-008; Q4_26:SRC-016; FY26:SRC-024,"Q1_25: Condensed consolidated statements of operations, PDF p.8 (filing p.4) || Q2_25: Condensed consolidated statements of operations, PDF p.7 (filing p.4) || Q3_25: Condensed consolidated statements of operations, PDF p.7 (filing p.4) || Q4_25: Q4/FY2025 earnings release, GAAP statements PDF p.3-4 || FY25: Consolidated statements of operations, PDF p.111 (filing ~p.65) || Q1_26: Condensed consolidated statements of operations, PDF p.7 (filing p.4) || Q2_26: Condensed consolidated statements of operations, PDF p.5 (filing p.2) || Q3_26: Condensed consolidated statements of operations (3&9mo), PDF p.6 (filing p.2) || Q4_26: Q4 condensed consolidated statements of operations, PDF p.5 || FY26: Consolidated statements of operations, PDF p.67 (filing p.65)",extracted,self_checked,"Q1_25[reported/GAAP] || Q2_25[reported/GAAP] || Q3_25[reported/GAAP] || Q4_25[reported/GAAP] - Validation diff 0. || FY25[reported/GAAP] || Q1_26[reported/GAAP] || Q2_26[reported/GAAP] || Q3_26[reported/GAAP] || Q4_26[reported/GAAP] - Validation: 1,671 - 1,239 = 432 (diff 1). || FY26[reported/GAAP]"
OPEX_050,Acquisition-related and other,USD_m,assumed,13,31,28,4,13,21,20,,75,,Q1_25:SRC-003; Q2_25:SRC-004; Q3_25:SRC-005; Q4_25:SRC-012; FY25:SRC-002; Q1_26:SRC-006; Q2_26:SRC-007; Q3_26:SRC-008,"Q1_25: Condensed consolidated statements of operations, PDF p.8 (filing p.4) || Q2_25: Condensed consolidated statements of operations, PDF p.7 (filing p.4) || Q3_25: Condensed consolidated statements of operations, PDF p.7 (filing p.4) || Q4_25: Q4/FY2025 earnings release, GAAP statements PDF p.3-4 || FY25: Consolidated statements of operations, PDF p.111 (filing ~p.65) || Q1_26: Condensed consolidated statements of operations, PDF p.7 (filing p.4) || Q2_26: Condensed consolidated statements of operations, PDF p.5 (filing p.2) || Q3_26: Condensed consolidated statements of operations (3&9mo), PDF p.6 (filing p.2)",partial,self_checked,Q1_25[reported/GAAP] || Q2_25[reported/GAAP] || Q3_25[reported/GAAP] || Q4_25[reported/GAAP] - Validation: 75-72=3 (diff 1). || FY25[reported/GAAP] || Q1_26[reported/GAAP] - Still a separate filed line in FY26 10-Qs (merged only in 10-K/Q4-release presentation). || Q2_26[reported/GAAP] - Still separate line in FY26 10-Qs. || Q3_26[reported/GAAP] || Q4_26[not_disclosed] Not separately disclosed: Q4 release/10-K present combined 'Restructuring and other' (OPEX_065). 9M split (55) known; Q4-only split undisclosed. || FY26[not_disclosed] Not separately disclosed: FY26 10-K/Q4-release use combined 'Restructuring and other' caption only.
OPEX_060,Restructuring expense,USD_m,assumed,73,84,63,79,402,406,153,,299,,Q1_25:SRC-003; Q2_25:SRC-004; Q3_25:SRC-005; Q4_25:SRC-012; FY25:SRC-002; Q1_26:SRC-006; Q2_26:SRC-007; Q3_26:SRC-008,"Q1_25: Condensed consolidated statements of operations, PDF p.8 (filing p.4) || Q2_25: Condensed consolidated statements of operations, PDF p.7 (filing p.4) || Q3_25: Condensed consolidated statements of operations, PDF p.7 (filing p.4) || Q4_25: Q4/FY2025 earnings release, GAAP statements PDF p.3-4 || FY25: Consolidated statements of operations, PDF p.111 (filing ~p.65) || Q1_26: Condensed consolidated statements of operations, PDF p.7 (filing p.4) || Q2_26: Condensed consolidated statements of operations, PDF p.5 (filing p.2) || Q3_26: Condensed consolidated statements of operations (3&9mo), PDF p.6 (filing p.2)",partial,self_checked,Q1_25[reported/GAAP] || Q2_25[reported/GAAP] || Q3_25[reported/GAAP] || Q4_25[reported/GAAP] - Validation diff 0. || FY25[reported/GAAP] || Q1_26[reported/GAAP] - 2026 Oracle Restructuring Plan; total estimated costs up to $2.1B (per Q3 10-Q note). || Q2_26[reported/GAAP] - 2026 Restructuring Plan. || Q3_26[reported/GAAP] || Q4_26[not_disclosed] Not separately disclosed (see OPEX_050); 9M split 961. || FY26[not_disclosed] Not separately disclosed (see OPEX_050).
OPEX_065,"Restructuring and other (combined, FY26 10-K/Q4-release caption)",USD_m,assumed,,,,,,,,823,,1838,Q4_26:SRC-016; FY26:SRC-024,"Q4_26: Q4 condensed consolidated statements of operations, PDF p.5 || FY26: Consolidated statements of operations, PDF p.67 (filing p.65)",partial,self_checked,"Q1_25[not_disclosed] Field does not exist for FY25 (separate OPEX_050/060 lines used throughout FY25, including the FY25 10-K). || Q2_25[not_disclosed] Field does not exist for FY25. || Q3_25[not_disclosed] Field does not exist for FY25. || Q4_25[not_disclosed] Field does not exist for FY25. || FY25[not_disclosed] Field does not exist for FY25. || Q4_26[reported/GAAP] - NEW FIELD (D-013): Q4-release/10-K caption 'Restructuring and other' merges the 10-Q lines 'Acquisition related and other' + 'Restructuring'. Validation: 1,838 - (961+55) = 822 (diff 1). || FY26[reported/GAAP] - 10-K merges 'Acquisition related and other' + 'Restructuring' into 'Restructuring and other' (prior years recast: FY25 75+299 = 374)."
OPEX_070,Stock-based compensation (total),USD_m,reported,1007,1169,1198,1299,1124,1156,1328,1203,4674,4811,Q1_25:SRC-003; Q2_25:SRC-004; Q3_25:SRC-005; Q4_25:SRC-012; FY25:SRC-002; Q1_26:SRC-006; Q2_26:SRC-007; Q3_26:SRC-008; Q4_26:SRC-016; FY26:SRC-024,"Q1_25: Condensed consolidated statements of cash flows, PDF p.11 (filing p.7) || Q2_25: Condensed consolidated statements of cash flows, PDF p.10 (filing p.7) || Q3_25: Condensed consolidated statements of cash flows, PDF p.10 (filing p.7) || Q4_25: Q4 reconciliation of GAAP to non-GAAP measures, PDF p.4-5 || FY25: Consolidated statements of cash flows, PDF p.113 || Q1_26: Condensed consolidated statements of cash flows, PDF p.10 (filing p.7) || Q2_26: Condensed consolidated statements of cash flows, PDF p.8 || Q3_26: Condensed consolidated statements of cash flows (9mo), PDF p.9 || Q4_26: Q4 reconciliation of GAAP to non-GAAP measures, PDF p.6 || FY26: Consolidated statements of cash flows, PDF p.70 (filing p.68)",extracted,self_checked,"Q1_25[supplemental/GAAP] - Q1 YTD=standalone. Ties release non-GAAP SBC table exactly. || Q2_25[calculated/GAAP] =YTD(6mo) 2,176 - YTD(Q1) 1,007 - Cross-check release non-GAAP SBC table (3mo) 1,170 (diff 1, rounding). || Q3_25[calculated/GAAP] =YTD(9mo) 3,374-YTD(6mo) 2,176 - Ties release non-GAAP SBC table (3mo) 1,198 exactly. || Q4_25[reported/GAAP] - Release non-GAAP SBC table. Validation: CF FY 4,674-9M 3,374=1,300 (diff 1). || FY25[supplemental/GAAP] || Q1_26[supplemental/GAAP] - Q1 YTD = standalone. Cross-checked to release non-GAAP SBC table (1,124). || Q2_26[calculated/GAAP] =YTD(6mo)2,280-YTD(Q1)1,124 - Ties release non-GAAP SBC table (1,156) exactly. || Q3_26[calculated/GAAP] =YTD(9mo)3,608-YTD(6mo)2,280 - Ties release non-GAAP SBC table (1,328) exactly. || Q4_26[reported/GAAP] - Release SBC table. Validation: CF-basis FY 4,811 - 9M 3,608 = 1,203 (diff 0). || FY26[supplemental/GAAP] - CF-statement SBC; ties to release non-GAAP table."
OPEX_080,Total operating expenses (calculated),USD_m,calculated,9316,9839,9772,10794,10649,11327,11726,13051,,,Q1_25:SRC-003; Q2_25:SRC-004; Q3_25:SRC-005; Q4_25:SRC-012; Q1_26:SRC-006; Q2_26:SRC-007; Q3_26:SRC-008; Q4_26:SRC-016,"Q1_25: Condensed consolidated statements of operations, PDF p.8 (filing p.4) || Q2_25: Condensed consolidated statements of operations, PDF p.7 (filing p.4) || Q3_25: Condensed consolidated statements of operations, PDF p.7 (filing p.4) || Q4_25: Q4/FY2025 earnings release, GAAP statements PDF p.3-4 || Q1_26: Condensed consolidated statements of operations, PDF p.7 (filing p.4) || Q2_26: Condensed consolidated statements of operations, PDF p.5 (filing p.2) || Q3_26: Condensed consolidated statements of operations (3&9mo), PDF p.6 (filing p.2) || Q4_26: Q4 condensed consolidated statements of operations, PDF p.5",extracted,self_checked,"Q1_25[calculated/GAAP] =sum COGS_010..030+OPEX_010..060 - Ties filed total. || Q2_25[calculated/GAAP] = sum COGS_010/011..030 + OPEX_010..060/065 - Ties filed total. || Q3_25[calculated/GAAP] = sum COGS_010/011..030 + OPEX_010..060/065 - Ties filed total. || Q4_25[calculated/GAAP] = sum COGS_010/011..030 + OPEX_010..060/065 - Ties filed total. || Q1_26[calculated/GAAP] = COGS_011+COGS_020+COGS_030+OPEX_010..060 - Equals filed 'Total operating expenses' 10,649 exactly. || Q2_26[calculated/GAAP] = sum COGS_010/011..030 + OPEX_010..060/065 - Ties filed total. || Q3_26[calculated/GAAP] = sum COGS_010/011..030 + OPEX_010..060/065 - Ties filed total. || Q4_26[calculated/GAAP] = COGS_011+020+030 + OPEX_010..040 + OPEX_065 - Equals filed total operating expenses 13,051; FY-9M validation 46,751-33,700 = 13,051 (diff 0)."
PROF_010,GAAP operating income,USD_m,assumed,3991,4220,4358,5109,4277,4731,5464,6133,17678,20606,Q1_25:SRC-003; Q2_25:SRC-004; Q3_25:SRC-005; Q4_25:SRC-012; FY25:SRC-002; Q1_26:SRC-006; Q2_26:SRC-007; Q3_26:SRC-008; Q4_26:SRC-016; FY26:SRC-024,"Q1_25: Condensed consolidated statements of operations, PDF p.8 (filing p.4) || Q2_25: Condensed consolidated statements of operations, PDF p.7 (filing p.4) || Q3_25: Condensed consolidated statements of operations, PDF p.7 (filing p.4) || Q4_25: Q4/FY2025 earnings release, GAAP statements PDF p.3-4 || FY25: Consolidated statements of operations, PDF p.111 (filing ~p.65) || Q1_26: Condensed consolidated statements of operations, PDF p.7 (filing p.4) || Q2_26: Condensed consolidated statements of operations, PDF p.5 (filing p.2) || Q3_26: Condensed consolidated statements of operations (3&9mo), PDF p.6 (filing p.2) || Q4_26: Q4 condensed consolidated statements of operations, PDF p.5 || FY26: Consolidated statements of operations, PDF p.67 (filing p.65)",extracted,self_checked,"Q1_25[reported/GAAP] || Q2_25[reported/GAAP] || Q3_25[reported/GAAP] || Q4_25[reported/GAAP] - Validation diff 0. || FY25[reported/GAAP] || Q1_26[reported/GAAP] || Q2_26[reported/GAAP] || Q3_26[reported/GAAP] || Q4_26[reported/GAAP] - Validation: 20,606 - 14,473 = 6,133 (diff 0). || FY26[reported/GAAP]"
PROF_020,GAAP operating margin %,pct,calculated,0.2999,0.3002,0.3085,0.3212,0.2866,0.2946,0.3179,0.3197,,,Q1_25:SRC-003; Q2_25:SRC-004; Q3_25:SRC-005; Q4_25:SRC-012; Q1_26:SRC-006; Q2_26:SRC-007; Q3_26:SRC-008; Q4_26:SRC-016,"Q1_25: Condensed consolidated statements of operations, PDF p.8 (filing p.4) || Q2_25: Condensed consolidated statements of operations, PDF p.7 (filing p.4) || Q3_25: Condensed consolidated statements of operations, PDF p.7 (filing p.4) || Q4_25: Q4/FY2025 earnings release, GAAP statements PDF p.3-4 || Q1_26: Condensed consolidated statements of operations, PDF p.7 (filing p.4) || Q2_26: Condensed consolidated statements of operations, PDF p.5 (filing p.2) || Q3_26: Condensed consolidated statements of operations (3&9mo), PDF p.6 (filing p.2) || Q4_26: Q4 condensed consolidated statements of operations, PDF p.5",extracted,self_checked,Q1_25[calculated/GAAP] =PROF_010/REV_050 - Release states 30%. || Q2_25[calculated/GAAP] = PROF_010 / REV_050 - Release 30%. || Q3_25[calculated/GAAP] = PROF_010 / REV_050 - Release 31%. || Q4_25[calculated/GAAP] = PROF_010 / REV_050 - Release 32%. || Q1_26[calculated/GAAP] = PROF_010 / REV_050 - Release states 29%. || Q2_26[calculated/GAAP] = PROF_010 / REV_050 - Release 29%. || Q3_26[calculated/GAAP] = PROF_010 / REV_050 - Release 32%. || Q4_26[calculated/GAAP] = PROF_010 / REV_050 - Release states 32%.
PROF_030,Non-GAAP operating income,USD_m,reported,5708,6096,6195,7035,6236,6721,7378,8590,25033,28926,Q1_25:SRC-009; Q2_25:SRC-010; Q3_25:SRC-011; Q4_25:SRC-012; FY25:SRC-012; Q1_26:SRC-013; Q2_26:SRC-014; Q3_26:SRC-015; Q4_26:SRC-016; FY26:SRC-016,"Q1_25: Reconciliation of selected GAAP to non-GAAP measures, PDF p.4-5 || Q2_25: Reconciliation of selected GAAP to non-GAAP measures (3-month), PDF p.4-5 || Q3_25: Reconciliation of selected GAAP to non-GAAP measures (3-month), PDF p.4-5 || Q4_25: Q4 reconciliation of GAAP to non-GAAP measures, PDF p.4-5 || FY25: FY2025 YTD reconciliation of GAAP to non-GAAP measures, PDF p.7-8 || Q1_26: Reconciliation of selected GAAP to non-GAAP measures, PDF p.4-5 || Q2_26: Reconciliation of selected GAAP to non-GAAP measures, PDF p.5 || Q3_26: Reconciliation of selected GAAP to non-GAAP measures, PDF p.5 || Q4_26: Q4 reconciliation of GAAP to non-GAAP measures, PDF p.6 || FY26: Q4 reconciliation of GAAP to non-GAAP measures, PDF p.6",extracted,self_checked,"Q1_25[reported/non-GAAP] - GAAP 3,991+adj 1,717 (SBC 1,007+amort 624+acq 13+restr 73). || Q2_25[reported/non-GAAP] - GAAP 4,220+adj 1,876. || Q3_25[reported/non-GAAP] - GAAP 4,358+adj 1,837. || Q4_25[reported/non-GAAP] - GAAP 5,109+adj 1,926. || FY25[reported/non-GAAP] - FY non-GAAP operating income (margin 44%). || Q1_26[reported/non-GAAP] - GAAP 4,277 + adj 1,959 (SBC 1,124 + amort 420 + acq 13 + restr 402). || Q2_26[reported/non-GAAP] - GAAP 4,731+adj 1,990. || Q3_26[reported/non-GAAP] - GAAP 5,464+adj 1,914. || Q4_26[reported/non-GAAP] - GAAP 6,133 + adj 2,457 (SBC 1,203 + amort 431 + restructuring and other 823). || FY26[reported/non-GAAP] - FY non-GAAP operating income (margin 43%)."
PROF_040,Non-GAAP operating margin %,pct,reported,0.4288,0.4336,0.4384,0.4424,0.4178,0.4185,0.4292,0.4478,,,Q1_25:SRC-009; Q2_25:SRC-010; Q3_25:SRC-011; Q4_25:SRC-012; Q1_26:SRC-013; Q2_26:SRC-014; Q3_26:SRC-015; Q4_26:SRC-016,"Q1_25: Reconciliation of selected GAAP to non-GAAP measures, PDF p.4-5 || Q2_25: Reconciliation of selected GAAP to non-GAAP measures (3-month), PDF p.4-5 || Q3_25: Reconciliation of selected GAAP to non-GAAP measures (3-month), PDF p.4-5 || Q4_25: Q4 reconciliation of GAAP to non-GAAP measures, PDF p.4-5 || Q1_26: Reconciliation of selected GAAP to non-GAAP measures, PDF p.4-5 || Q2_26: Reconciliation of selected GAAP to non-GAAP measures, PDF p.5 || Q3_26: Reconciliation of selected GAAP to non-GAAP measures, PDF p.5 || Q4_26: Q4 reconciliation of GAAP to non-GAAP measures, PDF p.6",extracted,self_checked,Q1_25[calculated/non-GAAP] =PROF_030/REV_050 - Release states 43%. || Q2_25[calculated/non-GAAP] = PROF_030 / REV_050 - Release 43%. || Q3_25[calculated/non-GAAP] = PROF_030 / REV_050 - Release 44%. || Q4_25[calculated/non-GAAP] = PROF_030 / REV_050 - Release 44%. || Q1_26[calculated/non-GAAP] = PROF_030 / REV_050 - Release states 42%. || Q2_26[calculated/non-GAAP] = PROF_030 / REV_050 - Release 42%. || Q3_26[calculated/non-GAAP] = PROF_030 / REV_050 - Release 43%. || Q4_26[calculated/non-GAAP] = PROF_030 / REV_050 - Release states 45%.
PROF_050,Interest expense,USD_m,assumed,842,866,892,978,923,1057,1180,1438,3578,4599,Q1_25:SRC-003; Q2_25:SRC-004; Q3_25:SRC-005; Q4_25:SRC-012; FY25:SRC-002; Q1_26:SRC-006; Q2_26:SRC-007; Q3_26:SRC-008; Q4_26:SRC-016; FY26:SRC-024,"Q1_25: Condensed consolidated statements of operations, PDF p.8 (filing p.4) || Q2_25: Condensed consolidated statements of operations, PDF p.7 (filing p.4) || Q3_25: Condensed consolidated statements of operations, PDF p.7 (filing p.4) || Q4_25: Q4/FY2025 earnings release, GAAP statements PDF p.3-4 || FY25: Consolidated statements of operations, PDF p.111 (filing ~p.65) || Q1_26: Condensed consolidated statements of operations, PDF p.7 (filing p.4) || Q2_26: Condensed consolidated statements of operations, PDF p.5 (filing p.2) || Q3_26: Condensed consolidated statements of operations (3&9mo), PDF p.6 (filing p.2) || Q4_26: Q4 condensed consolidated statements of operations, PDF p.5 || FY26: Consolidated statements of operations, PDF p.67 (filing p.65)",extracted,self_checked,"Q1_25[reported/GAAP] || Q2_25[reported/GAAP] || Q3_25[reported/GAAP] || Q4_25[reported/GAAP] - Validation diff 0. || FY25[reported/GAAP] || Q1_26[reported/GAAP] || Q2_26[reported/GAAP] || Q3_26[reported/GAAP] || Q4_26[reported/GAAP] - Validation: 4,599 - 3,160 = 1,439 (diff 1). || FY26[reported/GAAP]"
PROF_060,"Non-operating income/(expense), net",USD_m,assumed,20,36,-18,20,73,2668,132,675,60,3547,Q1_25:SRC-003; Q2_25:SRC-004; Q3_25:SRC-005; Q4_25:SRC-012; FY25:SRC-002; Q1_26:SRC-006; Q2_26:SRC-007; Q3_26:SRC-008; Q4_26:SRC-016; FY26:SRC-024,"Q1_25: Condensed consolidated statements of operations, PDF p.8 (filing p.4) || Q2_25: Condensed consolidated statements of operations, PDF p.7 (filing p.4) || Q3_25: Condensed consolidated statements of operations, PDF p.7 (filing p.4) || Q4_25: Q4/FY2025 earnings release, GAAP statements PDF p.3-4 || FY25: Consolidated statements of operations, PDF p.111 (filing ~p.65) || Q1_26: Condensed consolidated statements of operations, PDF p.7 (filing p.4) || Q2_26: Condensed consolidated statements of operations, PDF p.5 (filing p.2) || Q3_26: Condensed consolidated statements of operations (3&9mo), PDF p.6 (filing p.2) || Q4_26: Q4 condensed consolidated statements of operations, PDF p.5 || FY26: Consolidated statements of operations, PDF p.67 (filing p.65)",extracted,self_checked,"Q1_25[reported/GAAP] || Q2_25[reported/GAAP] || Q3_25[reported/GAAP] - Caption 'Non-operating expenses, net'. || Q4_25[reported/GAAP] - Validation: 60-39=21 (diff 1). || FY25[reported/GAAP] || Q1_26[reported/GAAP] - Caption 'Non-operating income, net'. || Q2_26[reported/GAAP] - Includes Ampere-related and other investment gains (per source_manifest SRC-014 note). || Q3_26[reported/GAAP] || Q4_26[reported/GAAP] - Validation: 3,547 - 2,872 = 675 (diff 0). FY total includes large investment gains (Ampere etc.). || FY26[reported/GAAP] - Incl. gains from marketable and non-marketable investments net 2,811 (Ampere sale etc.), interest income 780, FX -131, NCI -222, other 309."
PROF_065,Interest income,USD_m,reported,133,149,135,160,103,192,196,289,578,780,Q1_25:SRC-003; Q2_25:SRC-004; Q3_25:SRC-005; Q4_25:SRC-002; FY25:SRC-002; Q1_26:SRC-006; Q2_26:SRC-007; Q3_26:SRC-008; Q4_26:SRC-024; FY26:SRC-024,"Q1_25: Non-operating income note - interest income, PDF p.15 || Q2_25: Non-operating income note - interest income, PDF p.14 || Q3_25: Non-operating income note - interest income, PDF p.14 || Q4_25: Non-operating income note, PDF p.140 || FY25: Non-operating income note, PDF p.140 || Q1_26: Non-operating income note - interest income, PDF p.15 || Q2_26: Non-operating income note - interest income, PDF p.15-16 || Q3_26: Non-operating income note - interest income, PDF p.14 || Q4_26: Non-operating income note, PDF p.81 || FY26: Non-operating income note, PDF p.81",extracted,self_checked,Q1_25[supplemental/GAAP] || Q2_25[supplemental/GAAP] || Q3_25[supplemental/GAAP] || Q4_25[calculated/GAAP] =FY 578-9M 418 || FY25[supplemental/GAAP] || Q1_26[supplemental/GAAP] - Quarterly interest income IS disclosed in 10-Q non-operating footnote (disclosure-matrix upgrade). || Q2_26[supplemental/GAAP] || Q3_26[supplemental/GAAP] || Q4_26[calculated/GAAP] = FY 780 (SRC-024) - 9M 491 (SRC-008) - Quarterly interest income disclosed in 10-Q footnotes; annual in 10-K. || FY26[supplemental/GAAP]
PROF_070,Pre-tax income (GAAP),USD_m,calculated,3169,3390,3448,4151,3427,6342,4416,5370,14160,19554,Q1_25:SRC-003; Q2_25:SRC-004; Q3_25:SRC-005; Q4_25:SRC-012; FY25:SRC-002; Q1_26:SRC-006; Q2_26:SRC-007; Q3_26:SRC-008; Q4_26:SRC-016; FY26:SRC-024,"Q1_25: Condensed consolidated statements of operations, PDF p.8 (filing p.4) || Q2_25: Condensed consolidated statements of operations, PDF p.7 (filing p.4) || Q3_25: Condensed consolidated statements of operations, PDF p.7 (filing p.4) || Q4_25: Q4/FY2025 earnings release, GAAP statements PDF p.3-4 || FY25: Consolidated statements of operations, PDF p.111 (filing ~p.65) || Q1_26: Condensed consolidated statements of operations, PDF p.7 (filing p.4) || Q2_26: Condensed consolidated statements of operations, PDF p.5 (filing p.2) || Q3_26: Condensed consolidated statements of operations (3&9mo), PDF p.6 (filing p.2) || Q4_26: Q4 condensed consolidated statements of operations, PDF p.5 || FY26: Consolidated statements of operations, PDF p.67 (filing p.65)",extracted,self_checked,"Q1_25[reported/GAAP] identity: 3991-842+20 || Q2_25[reported/GAAP] identity || Q3_25[reported/GAAP] identity || Q4_25[reported/GAAP] - Validation: 14,160-10,008=4,152 (diff 1). || FY25[reported/GAAP] || Q1_26[reported/GAAP] identity check: 4,277-923+73 = 3,427 || Q2_26[reported/GAAP] identity || Q3_26[reported/GAAP] identity || Q4_26[reported/GAAP] - Validation: 19,554 - 14,185 = 5,369 (diff 1). || FY26[reported/GAAP]"
PROF_080,Income tax provision/(benefit),USD_m,assumed,240,239,512,724,500,207,695,1066,1717,2467,Q1_25:SRC-003; Q2_25:SRC-004; Q3_25:SRC-005; Q4_25:SRC-012; FY25:SRC-002; Q1_26:SRC-006; Q2_26:SRC-007; Q3_26:SRC-008; Q4_26:SRC-016; FY26:SRC-024,"Q1_25: Condensed consolidated statements of operations, PDF p.8 (filing p.4) || Q2_25: Condensed consolidated statements of operations, PDF p.7 (filing p.4) || Q3_25: Condensed consolidated statements of operations, PDF p.7 (filing p.4) || Q4_25: Q4/FY2025 earnings release, GAAP statements PDF p.3-4 || FY25: Consolidated statements of operations, PDF p.111 (filing ~p.65) || Q1_26: Condensed consolidated statements of operations, PDF p.7 (filing p.4) || Q2_26: Condensed consolidated statements of operations, PDF p.5 (filing p.2) || Q3_26: Condensed consolidated statements of operations (3&9mo), PDF p.6 (filing p.2) || Q4_26: Q4 condensed consolidated statements of operations, PDF p.5 || FY26: Consolidated statements of operations, PDF p.67 (filing p.65)",extracted,self_checked,"Q1_25[reported/GAAP] || Q2_25[reported/GAAP] || Q3_25[reported/GAAP] || Q4_25[reported/GAAP] - Validation: 1,717-992=725 (diff 1). GAAP ETR 17.5% per release. || FY25[reported/GAAP] - GAAP ETR 12.1%. || Q1_26[reported/GAAP] - Includes $958M net tax expense from OBBBA (release Appendix A). || Q2_26[reported/GAAP] || Q3_26[reported/GAAP] - GAAP ETR 15.7% per release. || Q4_26[reported/GAAP] - Validation: 2,467 - 1,402 = 1,065 (diff 1). GAAP ETR 19.8% per release. || FY26[reported/GAAP] - GAAP ETR 12.6%."
PROF_090,Effective tax rate %,pct,calculated,0.0757,0.0705,0.1485,0.1744,0.1459,0.0326,0.1574,0.1985,,,Q1_25:SRC-003; Q2_25:SRC-004; Q3_25:SRC-005; Q4_25:SRC-012; Q1_26:SRC-006; Q2_26:SRC-007; Q3_26:SRC-008; Q4_26:SRC-016,"Q1_25: Condensed consolidated statements of operations, PDF p.8 (filing p.4) || Q2_25: Condensed consolidated statements of operations, PDF p.7 (filing p.4) || Q3_25: Condensed consolidated statements of operations, PDF p.7 (filing p.4) || Q4_25: Q4/FY2025 earnings release, GAAP statements PDF p.3-4 || Q1_26: Condensed consolidated statements of operations, PDF p.7 (filing p.4) || Q2_26: Condensed consolidated statements of operations, PDF p.5 (filing p.2) || Q3_26: Condensed consolidated statements of operations (3&9mo), PDF p.6 (filing p.2) || Q4_26: Q4 condensed consolidated statements of operations, PDF p.5",extracted,self_checked,Q1_25[calculated/GAAP] =PROF_080/PROF_070 - Release states GAAP ETR 7.6%. || Q2_25[calculated/GAAP] = PROF_080 / PROF_070 || Q3_25[calculated/GAAP] = PROF_080 / PROF_070 || Q4_25[calculated/GAAP] = PROF_080 / PROF_070 || Q1_26[calculated/GAAP] = PROF_080 / PROF_070 - Release states GAAP ETR 14.6%. Distorted by OBBBA discrete item. || Q2_26[calculated/GAAP] = PROF_080 / PROF_070 - Depressed by non-taxable/lightly-taxed investment gains. || Q3_26[calculated/GAAP] = PROF_080 / PROF_070 || Q4_26[calculated/GAAP] = PROF_080 / PROF_070
PROF_100,GAAP net income,USD_m,assumed,2929,3151,2936,3427,2927,6135,3721,4304,12443,17087,Q1_25:SRC-003; Q2_25:SRC-004; Q3_25:SRC-005; Q4_25:SRC-012; FY25:SRC-002; Q1_26:SRC-006; Q2_26:SRC-007; Q3_26:SRC-008; Q4_26:SRC-016; FY26:SRC-024,"Q1_25: Condensed consolidated statements of operations, PDF p.8 (filing p.4) || Q2_25: Condensed consolidated statements of operations, PDF p.7 (filing p.4) || Q3_25: Condensed consolidated statements of operations, PDF p.7 (filing p.4) || Q4_25: Q4/FY2025 earnings release, GAAP statements PDF p.3-4 || FY25: Consolidated statements of operations, PDF p.111 (filing ~p.65) || Q1_26: Condensed consolidated statements of operations, PDF p.7 (filing p.4) || Q2_26: Condensed consolidated statements of operations, PDF p.5 (filing p.2) || Q3_26: Condensed consolidated statements of operations (3&9mo), PDF p.6 (filing p.2) || Q4_26: Q4 condensed consolidated statements of operations, PDF p.5 || FY26: Consolidated statements of operations, PDF p.67 (filing p.65)",extracted,self_checked,"Q1_25[reported/GAAP] || Q2_25[reported/GAAP] || Q3_25[reported/GAAP] || Q4_25[reported/GAAP] - Validation diff 0. || FY25[reported/GAAP] || Q1_26[reported/GAAP] - No preferred outstanding in Q1; NI = NI available to common. || Q2_26[reported/GAAP] - No preferred outstanding yet (issued Feb 2026); NI=NIAC. || Q3_26[reported/GAAP] || Q4_26[reported/GAAP] - Validation: 17,087 - 12,783 = 4,304 (diff 0). || FY26[reported/GAAP] - Preferred dividends 103; NI available to common 16,984."
PROF_110,Non-GAAP net income,USD_m,reported,3964,4207,4231,4881,4283,6598,5223,6234,17284,22337,Q1_25:SRC-009; Q2_25:SRC-010; Q3_25:SRC-011; Q4_25:SRC-012; FY25:SRC-012; Q1_26:SRC-013; Q2_26:SRC-014; Q3_26:SRC-015; Q4_26:SRC-016; FY26:SRC-016,"Q1_25: Reconciliation of selected GAAP to non-GAAP measures, PDF p.4-5 || Q2_25: Reconciliation of selected GAAP to non-GAAP measures (3-month), PDF p.4-5 || Q3_25: Reconciliation of selected GAAP to non-GAAP measures (3-month), PDF p.4-5 || Q4_25: Q4 reconciliation of GAAP to non-GAAP measures, PDF p.4-5 || FY25: FY2025 YTD reconciliation of GAAP to non-GAAP measures, PDF p.7-8 || Q1_26: Reconciliation of selected GAAP to non-GAAP measures, PDF p.4-5 || Q2_26: Reconciliation of selected GAAP to non-GAAP measures, PDF p.5 || Q3_26: Reconciliation of selected GAAP to non-GAAP measures, PDF p.5 || Q4_26: Q4 reconciliation of GAAP to non-GAAP measures, PDF p.6 || FY26: Q4 reconciliation of GAAP to non-GAAP measures, PDF p.6",extracted,self_checked,"Q1_25[reported/non-GAAP] || Q2_25[reported/non-GAAP] || Q3_25[reported/non-GAAP] || Q4_25[reported/non-GAAP] || FY25[reported/non-GAAP] || Q1_26[reported/non-GAAP] || Q2_26[reported/non-GAAP] || Q3_26[reported/non-GAAP] - NIAC non-GAAP 5,201. || Q4_26[reported/non-GAAP] - Non-GAAP net income; non-GAAP NI available to common 6,153 (preferred dividends 81) - EPS uses the latter. || FY26[reported/non-GAAP] - Non-GAAP NIAC 22,234."
PROF_120,GAAP diluted EPS,USD_per_share,assumed,1.03,1.1,1.02,1.19,1.01,2.1,1.27,1.45,4.34,5.83,Q1_25:SRC-003; Q2_25:SRC-004; Q3_25:SRC-005; Q4_25:SRC-012; FY25:SRC-002; Q1_26:SRC-006; Q2_26:SRC-007; Q3_26:SRC-008; Q4_26:SRC-016; FY26:SRC-024,"Q1_25: Condensed consolidated statements of operations, PDF p.8 (filing p.4) || Q2_25: Condensed consolidated statements of operations, PDF p.7 (filing p.4) || Q3_25: Condensed consolidated statements of operations, PDF p.7 (filing p.4) || Q4_25: Q4/FY2025 earnings release, GAAP statements PDF p.3-4 || FY25: Consolidated statements of operations, PDF p.111 (filing ~p.65) || Q1_26: Condensed consolidated statements of operations, PDF p.7 (filing p.4) || Q2_26: Condensed consolidated statements of operations, PDF p.5 (filing p.2) || Q3_26: Condensed consolidated statements of operations (3&9mo), PDF p.6 (filing p.2) || Q4_26: Q4 condensed consolidated statements of operations, PDF p.5 || FY26: Consolidated statements of operations, PDF p.67 (filing p.65)",extracted,self_checked,"Q1_25[reported/GAAP] - Basic 1.06. || Q2_25[reported/GAAP] - Basic 1.13. || Q3_25[reported/GAAP] - Basic 1.05. || Q4_25[reported/GAAP] - Basic 1.22. || FY25[reported/GAAP] - Basic 4.46. || Q1_26[reported/GAAP] - Basic EPS 1.04 (no dedicated field; recorded here). || Q2_26[reported/GAAP] - Basic 2.14. || Q3_26[reported/GAAP] - Attributable to common (NIAC 3,699); basic 1.29. || Q4_26[reported/GAAP] - EPS attributable to COMMON shareholders (NIAC 4,223). Basic 1.47. || FY26[reported/GAAP] - Basic 5.94; attributable to common shareholders."
PROF_130,Non-GAAP diluted EPS,USD_per_share,reported,1.39,1.47,1.47,1.7,1.47,2.26,1.79,2.11,6.03,7.63,Q1_25:SRC-009; Q2_25:SRC-010; Q3_25:SRC-011; Q4_25:SRC-012; FY25:SRC-012; Q1_26:SRC-013; Q2_26:SRC-014; Q3_26:SRC-015; Q4_26:SRC-016; FY26:SRC-016,"Q1_25: Reconciliation of selected GAAP to non-GAAP measures, PDF p.4-5 || Q2_25: Reconciliation of selected GAAP to non-GAAP measures (3-month), PDF p.4-5 || Q3_25: Reconciliation of selected GAAP to non-GAAP measures (3-month), PDF p.4-5 || Q4_25: Q4 reconciliation of GAAP to non-GAAP measures, PDF p.4-5 || FY25: FY2025 YTD reconciliation of GAAP to non-GAAP measures, PDF p.7-8 || Q1_26: Reconciliation of selected GAAP to non-GAAP measures, PDF p.4-5 || Q2_26: Reconciliation of selected GAAP to non-GAAP measures, PDF p.5 || Q3_26: Reconciliation of selected GAAP to non-GAAP measures, PDF p.5 || Q4_26: Q4 reconciliation of GAAP to non-GAAP measures, PDF p.6 || FY26: Q4 reconciliation of GAAP to non-GAAP measures, PDF p.6",extracted,self_checked,Q1_25[reported/non-GAAP] || Q2_25[reported/non-GAAP] || Q3_25[reported/non-GAAP] || Q4_25[reported/non-GAAP] || FY25[reported/non-GAAP] || Q1_26[reported/non-GAAP] || Q2_26[reported/non-GAAP] || Q3_26[reported/non-GAAP] || Q4_26[reported/non-GAAP] - Includes one-time investment gains; ex-gains 2.03 per release footnote 1. || FY26[reported/non-GAAP] - Ex one-time investment gains: 6.83 (release footnote 1).
PROF_140,Depreciation (PP&E),USD_m,reported,804,908,1003,1152,1351,1704,2153,2415,3867,7623,Q1_25:SRC-003; Q2_25:SRC-004; Q3_25:SRC-005; Q4_25:SRC-002; FY25:SRC-002; Q1_26:SRC-006; Q2_26:SRC-007; Q3_26:SRC-008; Q4_26:SRC-024; FY26:SRC-024,"Q1_25: Condensed consolidated statements of cash flows, PDF p.11 (filing p.7) || Q2_25: Condensed consolidated statements of cash flows, PDF p.10 (filing p.7) || Q3_25: Condensed consolidated statements of cash flows, PDF p.10 (filing p.7) || Q4_25: Consolidated statements of cash flows, PDF p.113 || FY25: Consolidated statements of cash flows, PDF p.113 || Q1_26: Condensed consolidated statements of cash flows, PDF p.10 (filing p.7) || Q2_26: Condensed consolidated statements of cash flows, PDF p.8 || Q3_26: Condensed consolidated statements of cash flows (9mo), PDF p.9 || Q4_26: Consolidated statements of cash flows, PDF p.70 (filing p.68) || FY26: Consolidated statements of cash flows, PDF p.70 (filing p.68)",extracted,self_checked,"Q1_25[supplemental/GAAP] - Q1 YTD=standalone. || Q2_25[calculated/GAAP] =YTD(6mo) 1,712 - YTD(Q1) 804 || Q3_25[calculated/GAAP] =YTD(9mo)2,715-YTD(6mo)1,712 || Q4_25[calculated/GAAP] =FY 3,867-9M 2,715 - C-02 predecessor series. || FY25[reported/GAAP] || Q1_26[supplemental/GAAP] - Q1 YTD = standalone. CF-statement PP&E depreciation line (includes finance-lease ROU amortization within PP&E per 10-K Note 4). || Q2_26[calculated/GAAP] =YTD(6mo)3,055-YTD(Q1)1,351 || Q3_26[calculated/GAAP] =YTD(9mo)5,208-YTD(6mo)3,055 || Q4_26[calculated/GAAP] = FY 7,623 (SRC-024) - 9M 5,208 (SRC-008) - C-02 resolution series. || FY26[reported/GAAP] - C-02 RESOLUTION: FY26 depreciation $7,623M (CF statement); Note 4 states '$7.6 billion'. The ~$4.8B Research Pack figure is an unsupported estimate."
PROF_150,Total depreciation and amortization,USD_m,reported,1428,1499,1551,1696,1771,2110,2566,2847,6174,9294,Q1_25:SRC-003; Q2_25:SRC-004; Q3_25:SRC-005; Q4_25:SRC-002; FY25:SRC-002; Q1_26:SRC-006; Q2_26:SRC-007; Q3_26:SRC-008; Q4_26:SRC-024; FY26:SRC-024,"Q1_25: Condensed consolidated statements of cash flows, PDF p.11 (filing p.7) || Q2_25: Condensed consolidated statements of cash flows, PDF p.10 (filing p.7) || Q3_25: Condensed consolidated statements of cash flows, PDF p.10 (filing p.7) || Q4_25: Consolidated statements of cash flows, PDF p.113 || FY25: Consolidated statements of cash flows, PDF p.113 || Q1_26: Condensed consolidated statements of cash flows, PDF p.10 (filing p.7) || Q2_26: Condensed consolidated statements of cash flows, PDF p.8 || Q3_26: Condensed consolidated statements of cash flows (9mo), PDF p.9 || Q4_26: Consolidated statements of cash flows, PDF p.70 (filing p.68) || FY26: Consolidated statements of cash flows, PDF p.70 (filing p.68)",extracted,self_checked,"Q1_25[calculated/GAAP] =PROF_140+624 (CF amort of intangibles) || Q2_25[calculated/GAAP] =908+(1,215-624) || Q3_25[calculated/GAAP] =1003+(1,763-1,215) || Q4_25[calculated/GAAP] =1152+(2,307-1,763) || FY25[calculated/GAAP] =3,867+2,307 || Q1_26[calculated/GAAP] = PROF_140 + CF amortization of intangibles (1,351+420) || Q2_26[calculated/GAAP] =1704+(826-420) || Q3_26[calculated/GAAP] =2153+(1,239-826) || Q4_26[calculated/GAAP] = PROF_140 + (FY amort 1,671 - 9M amort 1,239) - 2,415 + 432. || FY26[calculated/GAAP] = 7,623 + 1,671"
PROF_160,EBITDA (defined),USD_m,calculated,5439,5719,5909,6805,6048,6842,8030,8980,22292,29900,Q1_25:SRC-003; Q2_25:SRC-004; Q3_25:SRC-005; Q4_25:SRC-012; FY25:SRC-002; Q1_26:SRC-006; Q2_26:SRC-007; Q3_26:SRC-008; Q4_26:SRC-016; FY26:SRC-024,"Q1_25: Condensed consolidated statements of operations, PDF p.8 (filing p.4) || Q2_25: Condensed consolidated statements of operations, PDF p.7 (filing p.4) || Q3_25: Condensed consolidated statements of operations, PDF p.7 (filing p.4) || Q4_25: Q4/FY2025 earnings release, GAAP statements PDF p.3-4 || FY25: Consolidated statements of operations, PDF p.111 (filing ~p.65) || Q1_26: Condensed consolidated statements of operations, PDF p.7 (filing p.4) || Q2_26: Condensed consolidated statements of operations, PDF p.5 (filing p.2) || Q3_26: Condensed consolidated statements of operations (3&9mo), PDF p.6 (filing p.2) || Q4_26: Q4 condensed consolidated statements of operations, PDF p.5 || FY26: Consolidated statements of operations, PDF p.67 (filing p.65)",extracted,self_checked,"Q1_25[calculated/GAAP] =PROF_010+PROF_140+OPEX_040 (D-014 primary, provisional) - 3991+804+624. || Q2_25[calculated/GAAP] =4220+908+591 (D-014 primary, provisional) || Q3_25[calculated/GAAP] =4358+1003+548 (D-014 primary, provisional) || Q4_25[calculated/GAAP] =5109+1152+544 (D-014 primary, provisional) || FY25[calculated/GAAP] =17,678+3,867+2,307 (D-014 primary, provisional) || Q1_26[calculated/GAAP] = PROF_010 + PROF_140 + OPEX_040 (D-014 primary definition, provisional pending user sign-off) - 4,277+1,351+420. See EBITDA_DEFINITION_MEMO.md. || Q2_26[calculated/GAAP] =4731+1704+407 (D-014 primary, provisional) || Q3_26[calculated/GAAP] =5464+2153+413 (D-014 primary, provisional) || Q4_26[calculated/GAAP] = PROF_010 + PROF_140 + CF-basis amortization (D-014 primary, provisional) - 6,133+2,415+432. || FY26[calculated/GAAP] = 20,606 + 7,623 + 1,671 (D-014 primary, provisional)"
CF_010,Operating cash flow (YTD as filed),USD_m,assumed,7427,,,,8140,,,,20821,31977,Q1_25:SRC-003; FY25:SRC-002; Q1_26:SRC-006; FY26:SRC-024,"Q1_25: Condensed consolidated statements of cash flows, PDF p.11 (filing p.7) || FY25: Consolidated statements of cash flows, PDF p.113 || Q1_26: Condensed consolidated statements of cash flows, PDF p.10 (filing p.7) || FY26: Consolidated statements of cash flows, PDF p.70 (filing p.68)",partial,self_checked,Q1_25[reported/GAAP] || Q4_25[not_disclosed] No Q4 10-Q exists; YTD-as-filed field structurally empty for Q4 (annual in FY2025_annual column; standalone in CF_015). || FY25[reported/GAAP] || Q1_26[reported/GAAP] - YTD as filed (Q1 YTD = quarter). || FY26[reported/GAAP]
CF_015,Operating cash flow (standalone quarter),USD_m,calculated,7427,1304,5933,6157,8140,2066,7151,14620,,,Q1_25:SRC-003; Q2_25:SRC-004; Q3_25:SRC-005; Q4_25:SRC-002; Q1_26:SRC-006; Q2_26:SRC-007; Q3_26:SRC-008; Q4_26:SRC-024,"Q1_25: Condensed consolidated statements of cash flows, PDF p.11 (filing p.7) || Q2_25: Condensed consolidated statements of cash flows, PDF p.10 (filing p.7) || Q3_25: Condensed consolidated statements of cash flows, PDF p.10 (filing p.7) || Q4_25: Consolidated statements of cash flows, PDF p.113 || Q1_26: Condensed consolidated statements of cash flows, PDF p.10 (filing p.7) || Q2_26: Condensed consolidated statements of cash flows, PDF p.8 || Q3_26: Condensed consolidated statements of cash flows (9mo), PDF p.9 || Q4_26: Consolidated statements of cash flows, PDF p.70 (filing p.68)",extracted,self_checked,"Q1_25[calculated/GAAP] Q1 standalone=YTD Q1 || Q2_25[calculated/GAAP] =YTD(6mo) 8,731 - YTD(Q1) 7,427 - Large working-capital swing (tax-payable timing); see extraction log. || Q3_25[calculated/GAAP] =YTD(9mo)14,664-YTD(6mo)8,731 || Q4_25[calculated/GAAP] =FY OCF 20,821-9M 14,664 || Q1_26[calculated/GAAP] Q1 standalone = YTD Q1 || Q2_26[calculated/GAAP] =YTD(6mo)10,206-YTD(Q1)8,140 || Q3_26[calculated/GAAP] =YTD(9mo)17,357-YTD(6mo)10,206 || Q4_26[calculated/GAAP] = FY OCF 31,977 (SRC-024) - 9M 17,357 (SRC-008) - Tagged provisional-free: FY anchor is the filed 10-K (not release)."
CF_020,Capital expenditures (YTD as filed),USD_m,assumed,2303,,,,8502,,,,21215,55663,Q1_25:SRC-003; FY25:SRC-002; Q1_26:SRC-006; FY26:SRC-024,"Q1_25: Condensed consolidated statements of cash flows, PDF p.11 (filing p.7) || FY25: Consolidated statements of cash flows, PDF p.113 || Q1_26: Condensed consolidated statements of cash flows, PDF p.10 (filing p.7) || FY26: Consolidated statements of cash flows, PDF p.70 (filing p.68)",partial,self_checked,"Q1_25[reported/GAAP] || Q4_25[not_disclosed] Same as CF_010 Q4 FY25. || FY25[reported/GAAP] - Unpaid capex 2,970 non-cash addl. || Q1_26[reported/GAAP] - Unpaid (accrued) capex additionally disclosed: $4,010M non-cash. || FY26[reported/GAAP] - Unpaid capex 5,279 non-cash addl."
CF_025,Capital expenditures (standalone quarter),USD_m,calculated,2303,3970,5862,9080,8502,12033,18635,16493,,,Q1_25:SRC-003; Q2_25:SRC-004; Q3_25:SRC-005; Q4_25:SRC-002; Q1_26:SRC-006; Q2_26:SRC-007; Q3_26:SRC-008; Q4_26:SRC-024,"Q1_25: Condensed consolidated statements of cash flows, PDF p.11 (filing p.7) || Q2_25: Condensed consolidated statements of cash flows, PDF p.10 (filing p.7) || Q3_25: Condensed consolidated statements of cash flows, PDF p.10 (filing p.7) || Q4_25: Consolidated statements of cash flows, PDF p.113 || Q1_26: Condensed consolidated statements of cash flows, PDF p.10 (filing p.7) || Q2_26: Condensed consolidated statements of cash flows, PDF p.8 || Q3_26: Condensed consolidated statements of cash flows (9mo), PDF p.9 || Q4_26: Consolidated statements of cash flows, PDF p.70 (filing p.68)",extracted,self_checked,"Q1_25[calculated/GAAP] Q1 standalone=YTD Q1 || Q2_25[calculated/GAAP] =YTD(6mo) 6,273 - YTD(Q1) 2,303 || Q3_25[calculated/GAAP] =YTD(9mo)12,135-YTD(6mo)6,273 || Q4_25[calculated/GAAP] =FY capex 21,215-9M 12,135 || Q1_26[calculated/GAAP] Q1 standalone = YTD Q1 || Q2_26[calculated/GAAP] =YTD(6mo)20,535-YTD(Q1)8,502 || Q3_26[calculated/GAAP] =YTD(9mo)39,170-YTD(6mo)20,535 || Q4_26[calculated/GAAP] = FY capex 55,663 - 9M 39,170"
CF_030,"Free cash flow (standalone quarter, defined)",USD_m,calculated,5124,-2666,71,-2923,-362,-9967,-11484,-1873,-394,-23686,Q1_25:SRC-003; Q2_25:SRC-004; Q3_25:SRC-005; Q4_25:SRC-002; FY25:SRC-002; Q1_26:SRC-006; Q2_26:SRC-007; Q3_26:SRC-008; Q4_26:SRC-024; FY26:SRC-024,"Q1_25: Condensed consolidated statements of cash flows, PDF p.11 (filing p.7) || Q2_25: Condensed consolidated statements of cash flows, PDF p.10 (filing p.7) || Q3_25: Condensed consolidated statements of cash flows, PDF p.10 (filing p.7) || Q4_25: Consolidated statements of cash flows, PDF p.113 || FY25: Consolidated statements of cash flows, PDF p.113 || Q1_26: Condensed consolidated statements of cash flows, PDF p.10 (filing p.7) || Q2_26: Condensed consolidated statements of cash flows, PDF p.8 || Q3_26: Condensed consolidated statements of cash flows (9mo), PDF p.9 || Q4_26: Consolidated statements of cash flows, PDF p.70 (filing p.68) || FY26: Consolidated statements of cash flows, PDF p.70 (filing p.68)",extracted,self_checked,"Q1_25[calculated/GAAP] =CF_015-CF_025 || Q2_25[calculated/GAAP] =CF_015-CF_025 || Q3_25[calculated/GAAP] =CF_015-CF_025 || Q4_25[calculated/GAAP] =CF_015-CF_025 || FY25[calculated/GAAP] =20,821-21,215 - Oracle-stated equivalent in TTM table. || Q1_26[calculated/GAAP] = CF_015 - CF_025 (project FCF definition) || Q2_26[calculated/GAAP] =CF_015-CF_025 || Q3_26[calculated/GAAP] =CF_015-CF_025 || Q4_26[calculated/GAAP] = CF_015 - CF_025 || FY26[calculated/GAAP] = 31,977 - 55,663 - Oracle-stated -$23.7B (release)."
CF_035,Free cash flow TTM (as presented by Oracle),USD_m,reported,,,,-394,-5880,,,-23700,,,Q4_25:SRC-013; Q1_26:SRC-013; Q4_26:SRC-016,"Q4_25: Free cash flow trailing 4-quarters table, PDF p.8 || Q1_26: Free cash flow trailing 4-quarters table, PDF p.8 || Q4_26: Q4 FY2026 earnings release headline bullets/body, PDF p.1-2",extracted,self_checked,"Q4_25[supplemental/non-GAAP] - Oracle TTM FCF at FY25 Q4 (=FY total): 20,821-21,215=-394 (exact tie). || Q1_26[supplemental/non-GAAP] - Oracle trailing-4-quarter FCF as presented; validation-only series. || Q4_26[supplemental/non-GAAP] - Oracle-stated FY26 FCF 'negative $23.7 billion' (TTM at Q4 = FY). Internal recomputation 31,977-55,663 = -23,686. FY26 quarterly columns of the release TTM table are clipped in the PDF capture."
CF_040,"Acquisitions, net of cash acquired (YTD)",USD_m,assumed,,,,,,,,,,,,,not_disclosed,self_checked,"Q1_25[not_disclosed] No separate 'Acquisitions, net of cash acquired' line in FY25 Q1 10-Q cash-flow statement. || Q2_25[not_disclosed] Disclosed at 0 in the 10-Q (line present); not populated as a required pilot field beyond FY26 scope test - left blank per blank-beats-guess where not cross-checked this session. || Q3_25[not_disclosed] Disclosed at 0 in the 10-Q; not populated (see Q2 FY25 note). || Q4_25[not_disclosed] FY and 9M captions inconsistent (FY25 10-K purchases line differs in composition from 9M line); derivation refused. || FY25[not_disclosed] Not separately broken out as a required field this session; captured within investing-activities purchases line."
CF_050,Debt issuance proceeds (YTD),USD_m,assumed,5627,6210,7711,0,0,17880,26664,1549,19548,46093,Q1_25:SRC-003; Q2_25:SRC-004; Q3_25:SRC-005; Q4_25:SRC-002; FY25:SRC-002; Q1_26:SRC-006; Q2_26:SRC-007; Q3_26:SRC-008; Q4_26:SRC-024; FY26:SRC-024,"Q1_25: Condensed consolidated statements of cash flows, PDF p.11 (filing p.7) || Q2_25: Condensed consolidated statements of cash flows, PDF p.10 (filing p.7) || Q3_25: Condensed consolidated statements of cash flows, PDF p.10 (filing p.7) || Q4_25: Consolidated statements of cash flows, PDF p.113 || FY25: Consolidated statements of cash flows, PDF p.113 || Q1_26: Condensed consolidated statements of cash flows, PDF p.10 (filing p.7) || Q2_26: Condensed consolidated statements of cash flows, PDF p.8 || Q3_26: Condensed consolidated statements of cash flows (9mo), PDF p.9 || Q4_26: Consolidated statements of cash flows, PDF p.70 (filing p.68) || FY26: Consolidated statements of cash flows, PDF p.70 (filing p.68)",extracted,self_checked,"Q1_25[reported/GAAP] - 'Proceeds from issuances of term loan credit agreements'; commercial paper net repayment -396 tracked separately. || Q2_25[calculated/GAAP] =YTD 11,837(senior notes/term loan)-YTD(Q1) 5,627 || Q3_25[calculated/GAAP] =YTD(9mo)19,548-YTD(6mo)11,837 || Q4_25[calculated/GAAP] =FY 19,548(senior notes/term loan)-9M 19,548 - No new senior-note/term-loan issuance in Q4 FY25. || FY25[reported/GAAP] - Senior notes/term loan issuance; CP net proceeds 1,889 separate. || Q1_26[reported/GAAP] - No borrowing-issuance proceeds lines in Q1 (term loan line '-'); commercial paper net REPAYMENT of 238 tracked in CF_060 notes. || Q2_26[calculated/GAAP] =YTD(6mo)17,880-YTD(Q1)0 (no senior-note/term-loan issuance in Q1) || Q3_26[calculated/GAAP] =YTD(9mo)44,544-YTD(6mo)17,880 || Q4_26[calculated/GAAP] = FY 46,093 - 9M 44,544 (senior notes/term loans/other borrowings issuance, net of costs) - Commercial paper tracked separately (see notes/derivation file). || FY26[reported/GAAP] - Senior notes/term loans/other, net of issuance costs; $43.0B senior notes issued FY26 per Note 6(3). CP net repayments 2,285 separate; short-term capex financing proceeds 3,345 separate."
CF_060,Debt repayments (YTD),USD_m,assumed,7630,2070,71,6070,1052,1070,71,4749,15841,6942,Q1_25:SRC-003; Q2_25:SRC-004; Q3_25:SRC-005; Q4_25:SRC-002; FY25:SRC-002; Q1_26:SRC-006; Q2_26:SRC-007; Q3_26:SRC-008; Q4_26:SRC-024; FY26:SRC-024,"Q1_25: Condensed consolidated statements of cash flows, PDF p.11 (filing p.7) || Q2_25: Condensed consolidated statements of cash flows, PDF p.10 (filing p.7) || Q3_25: Condensed consolidated statements of cash flows, PDF p.10 (filing p.7) || Q4_25: Consolidated statements of cash flows, PDF p.113 || FY25: Consolidated statements of cash flows, PDF p.113 || Q1_26: Condensed consolidated statements of cash flows, PDF p.10 (filing p.7) || Q2_26: Condensed consolidated statements of cash flows, PDF p.8 || Q3_26: Condensed consolidated statements of cash flows (9mo), PDF p.9 || Q4_26: Consolidated statements of cash flows, PDF p.70 (filing p.68) || FY26: Consolidated statements of cash flows, PDF p.70 (filing p.68)",extracted,self_checked,"Q1_25[reported/GAAP] - 'Repayments of senior notes and term loan credit agreements'. || Q2_25[calculated/GAAP] =YTD 9,700-YTD(Q1) 7,630 || Q3_25[calculated/GAAP] =YTD(9mo)9,771-YTD(6mo)9,700 || Q4_25[calculated/GAAP] =FY 15,841-9M 9,771 || FY25[reported/GAAP] || Q1_26[reported/GAAP] - 'Repayments of senior notes and other borrowings' line. Additionally 'Repayments of commercial paper, net' 238 (net line, kept separate; combined repayment activity 1,290). || Q2_26[calculated/GAAP] =YTD(6mo)2,122-YTD(Q1)1,052 - Caption drift: Q1 line 'Repayments of senior notes and other borrowings'; Q2+ line adds 'term loan credit agreements'. Same economic category. || Q3_26[calculated/GAAP] =YTD(9mo)2,193-YTD(6mo)2,122 || Q4_26[calculated/GAAP] = FY 6,942 - 9M 2,193 || FY26[reported/GAAP]"
CF_070,Equity issuance proceeds (YTD),USD_m,assumed,179,128,213,133,1170,138,4963,132,653,6403,Q1_25:SRC-003; Q2_25:SRC-004; Q3_25:SRC-005; Q4_25:SRC-002; FY25:SRC-002; Q1_26:SRC-006; Q2_26:SRC-007; Q3_26:SRC-008; Q4_26:SRC-024; FY26:SRC-024,"Q1_25: Condensed consolidated statements of cash flows, PDF p.11 (filing p.7) || Q2_25: Condensed consolidated statements of cash flows, PDF p.10 (filing p.7) || Q3_25: Condensed consolidated statements of cash flows, PDF p.10 (filing p.7) || Q4_25: Consolidated statements of cash flows, PDF p.113 || FY25: Consolidated statements of cash flows, PDF p.113 || Q1_26: Condensed consolidated statements of cash flows, PDF p.10 (filing p.7) || Q2_26: Condensed consolidated statements of cash flows, PDF p.8 || Q3_26: Condensed consolidated statements of cash flows (9mo), PDF p.9 || Q4_26: Consolidated statements of cash flows, PDF p.70 (filing p.68) || FY26: Consolidated statements of cash flows, PDF p.70 (filing p.68)",extracted,self_checked,"Q1_25[reported/GAAP] || Q2_25[calculated/GAAP] =YTD 307-YTD(Q1) 179 || Q3_25[calculated/GAAP] =YTD(9mo)520-YTD(6mo)307 || Q4_25[calculated/GAAP] =FY 653-9M 520 || FY25[reported/GAAP] - No preferred/ATM in FY25. || Q1_26[reported/GAAP] - 'Proceeds from issuances of common stock' (ESPP/options). No preferred or ATM issuance in Q1. || Q2_26[calculated/GAAP] =YTD(6mo)1,308-YTD(Q1)1,170 - Common stock issuance only (no preferred yet). || Q3_26[calculated/GAAP] =YTD(9mo)(1,317+4,954)-YTD(6mo)1,308 - Preferred stock (4,954) issued in Q3 (Feb 5 2026); common issuance standalone = 9. || Q4_26[calculated/GAAP] = FY (1,449 common + 4,954 preferred) - 9M (1,317 + 4,954) - All preferred proceeds landed by Q3 (issued Feb 5 2026); Q4 equity issuance = common only. || FY26[calculated/GAAP] = common 1,449 + preferred 4,954 (both filed lines) - Component detail retained; recommend split fields at 5B."
CF_080,Dividends paid (YTD),USD_m,assumed,1103,1118,1119,1403,1413,1435,1437,1502,4743,5787,Q1_25:SRC-003; Q2_25:SRC-004; Q3_25:SRC-005; Q4_25:SRC-002; FY25:SRC-002; Q1_26:SRC-006; Q2_26:SRC-007; Q3_26:SRC-008; Q4_26:SRC-024; FY26:SRC-024,"Q1_25: Condensed consolidated statements of cash flows, PDF p.11 (filing p.7) || Q2_25: Condensed consolidated statements of cash flows, PDF p.10 (filing p.7) || Q3_25: Condensed consolidated statements of cash flows, PDF p.10 (filing p.7) || Q4_25: Consolidated statements of cash flows, PDF p.113 || FY25: Consolidated statements of cash flows, PDF p.113 || Q1_26: Condensed consolidated statements of cash flows, PDF p.10 (filing p.7) || Q2_26: Condensed consolidated statements of cash flows, PDF p.8 || Q3_26: Condensed consolidated statements of cash flows (9mo), PDF p.9 || Q4_26: Consolidated statements of cash flows, PDF p.70 (filing p.68) || FY26: Consolidated statements of cash flows, PDF p.70 (filing p.68)",extracted,self_checked,"Q1_25[reported/GAAP] || Q2_25[calculated/GAAP] =YTD 2,221-YTD(Q1) 1,103 || Q3_25[calculated/GAAP] =YTD(9mo)3,340-YTD(6mo)2,221 || Q4_25[calculated/GAAP] =FY 4,743-9M 3,340 || FY25[reported/GAAP] || Q1_26[reported/GAAP] - Common dividends $0.50/sh declared for next quarter. || Q2_26[calculated/GAAP] =YTD(6mo)2,848-YTD(Q1)1,413 || Q3_26[calculated/GAAP] =YTD(9mo)4,285-YTD(6mo)2,848 || Q4_26[calculated/GAAP] = FY 5,787 - 9M 4,285 - Includes common and preferred dividends paid. || FY26[reported/GAAP] - Common + preferred dividends paid."
CF_090,Share repurchases (YTD),USD_m,assumed,150,150,150,150,95,0,0,0,600,95,Q1_25:SRC-003; Q2_25:SRC-004; Q3_25:SRC-005; Q4_25:SRC-002; FY25:SRC-002; Q1_26:SRC-006; Q2_26:SRC-007; Q3_26:SRC-008; Q4_26:SRC-024; FY26:SRC-024,"Q1_25: Condensed consolidated statements of cash flows, PDF p.11 (filing p.7) || Q2_25: Condensed consolidated statements of cash flows, PDF p.10 (filing p.7) || Q3_25: Condensed consolidated statements of cash flows, PDF p.10 (filing p.7) || Q4_25: Consolidated statements of cash flows, PDF p.113 || FY25: Consolidated statements of cash flows, PDF p.113 || Q1_26: Condensed consolidated statements of cash flows, PDF p.10 (filing p.7) || Q2_26: Condensed consolidated statements of cash flows, PDF p.8 || Q3_26: Condensed consolidated statements of cash flows (9mo), PDF p.9 || Q4_26: Consolidated statements of cash flows, PDF p.70 (filing p.68) || FY26: Consolidated statements of cash flows, PDF p.70 (filing p.68)",extracted,self_checked,Q1_25[reported/GAAP] - Excl. 851 tax-withholding settlements. || Q2_25[calculated/GAAP] =YTD 300-YTD(Q1) 150 || Q3_25[calculated/GAAP] =YTD(9mo)450-YTD(6mo)300 || Q4_25[calculated/GAAP] =FY 600-9M 450 || FY25[reported/GAAP] - Excl. 900 tax-withholding settlements. || Q1_26[reported/GAAP] - 'Payments for repurchases of common stock'; excludes 17 of shares repurchased for tax withholdings (separate line). || Q2_26[calculated/GAAP] =YTD(6mo)95-YTD(Q1)95 || Q3_26[calculated/GAAP] =YTD(9mo)95-YTD(6mo)95 || Q4_26[calculated/GAAP] = FY 95 - 9M 95 - No Q4 repurchases. || FY26[reported/GAAP] - Excl. 111 tax-withholding share settlements.
CF_110,Net change in cash (standalone quarter),USD_m,calculated,162,325,6465,-6620,-341,8796,19214,-7166,,,Q1_25:SRC-003; Q2_25:SRC-004; Q3_25:SRC-005; Q4_25:SRC-002; Q1_26:SRC-006; Q2_26:SRC-007; Q3_26:SRC-008; Q4_26:SRC-024,"Q1_25: Condensed consolidated balance sheets, PDF p.6 (filing p.3) || Q2_25: Condensed consolidated balance sheets, PDF p.5 (filing p.3) || Q3_25: Condensed consolidated balance sheets, PDF p.5 (filing p.3) || Q4_25: Consolidated balance sheets, PDF p.109 (filing ~p.63) || Q1_26: Condensed consolidated balance sheets, PDF p.5 (filing p.3) || Q2_26: Condensed consolidated balance sheets, PDF p.3 || Q3_26: Condensed consolidated balance sheets, PDF p.4 || Q4_26: Consolidated balance sheets, PDF p.66 (filing p.64)",extracted,self_checked,"Q1_25[calculated/GAAP] =BS_010(Aug31)-BS_010(May31)=10,616-10,454 - CF statement net increase also 162 (CHECK_100 pass). || Q2_25[calculated/GAAP] =BS_010(Nov30)-BS_010(Aug31)=10,941-10,616 || Q3_25[calculated/GAAP] =BS_010(Feb28)-BS_010(Nov30)=17,406-10,941 || Q4_25[calculated/GAAP] =BS_010(May31'25)10,786-BS_010(Feb28'25)17,406 - CF check: FY net increase 332 - 9M net increase 6,952 = -6,620 (diff 0, CHECK_100 pass). || Q1_26[calculated/GAAP] = BS_010(Aug 31) - BS_010(May 31) = 10,445 - 10,786 - CF statement net decrease in cash also -341 (CHECK_100 pass). || Q2_26[calculated/GAAP] =BS_010(Nov30)19,241-BS_010(Aug31)10,445 || Q3_26[calculated/GAAP] =BS_010(Feb28)38,455-BS_010(Nov30)19,241 || Q4_26[calculated/GAAP] = BS_010(5/31/26) 31,289 - BS_010(2/28/26) 38,455 - CF-side check: FY net increase 20,503 - 9M 27,669 = -7,166 (diff 0)."
BS_010,Cash and cash equivalents,USD_m,assumed,10616,10941,17406,10786,10445,19241,38455,31289,,,Q1_25:SRC-003; Q2_25:SRC-004; Q3_25:SRC-005; Q4_25:SRC-002; Q1_26:SRC-006; Q2_26:SRC-007; Q3_26:SRC-008; Q4_26:SRC-024,"Q1_25: Condensed consolidated balance sheets, PDF p.6 (filing p.3) || Q2_25: Condensed consolidated balance sheets, PDF p.5 (filing p.3) || Q3_25: Condensed consolidated balance sheets, PDF p.5 (filing p.3) || Q4_25: Consolidated balance sheets, PDF p.109 (filing ~p.63) || Q1_26: Condensed consolidated balance sheets, PDF p.5 (filing p.3) || Q2_26: Condensed consolidated balance sheets, PDF p.3 || Q3_26: Condensed consolidated balance sheets, PDF p.4 || Q4_26: Consolidated balance sheets, PDF p.66 (filing p.64)",extracted,self_checked,Q1_25[reported/GAAP] || Q2_25[reported/GAAP] || Q3_25[reported/GAAP] || Q4_25[reported/GAAP] || Q1_26[reported/GAAP] || Q2_26[reported/GAAP] || Q3_26[reported/GAAP] || Q4_26[reported/GAAP] - May 31 2026 ending balance (no derivation for stocks).
BS_020,Marketable securities,USD_m,assumed,295,370,417,417,560,525,677,605,,,Q1_25:SRC-003; Q2_25:SRC-004; Q3_25:SRC-005; Q4_25:SRC-002; Q1_26:SRC-006; Q2_26:SRC-007; Q3_26:SRC-008; Q4_26:SRC-024,"Q1_25: Condensed consolidated balance sheets, PDF p.6 (filing p.3) || Q2_25: Condensed consolidated balance sheets, PDF p.5 (filing p.3) || Q3_25: Condensed consolidated balance sheets, PDF p.5 (filing p.3) || Q4_25: Consolidated balance sheets, PDF p.109 (filing ~p.63) || Q1_26: Condensed consolidated balance sheets, PDF p.5 (filing p.3) || Q2_26: Condensed consolidated balance sheets, PDF p.3 || Q3_26: Condensed consolidated balance sheets, PDF p.4 || Q4_26: Consolidated balance sheets, PDF p.66 (filing p.64)",extracted,self_checked,Q1_25[reported/GAAP] || Q2_25[reported/GAAP] || Q3_25[reported/GAAP] || Q4_25[reported/GAAP] || Q1_26[reported/GAAP] || Q2_26[reported/GAAP] || Q3_26[reported/GAAP] || Q4_26[reported/GAAP]
BS_030,Total cash + marketable securities,USD_m,calculated,10911,11311,17823,11203,11005,19766,39132,31894,,,Q1_25:SRC-003; Q2_25:SRC-004; Q3_25:SRC-005; Q4_25:SRC-002; Q1_26:SRC-006; Q2_26:SRC-007; Q3_26:SRC-008; Q4_26:SRC-024,"Q1_25: Condensed consolidated balance sheets, PDF p.6 (filing p.3) || Q2_25: Condensed consolidated balance sheets, PDF p.5 (filing p.3) || Q3_25: Condensed consolidated balance sheets, PDF p.5 (filing p.3) || Q4_25: Consolidated balance sheets, PDF p.109 (filing ~p.63) || Q1_26: Condensed consolidated balance sheets, PDF p.5 (filing p.3) || Q2_26: Condensed consolidated balance sheets, PDF p.3 || Q3_26: Condensed consolidated balance sheets, PDF p.4 || Q4_26: Consolidated balance sheets, PDF p.66 (filing p.64)",extracted,self_checked,Q1_25[calculated/GAAP] =BS_010+BS_020 || Q2_25[calculated/GAAP] = BS_010 + BS_020 || Q3_25[calculated/GAAP] = BS_010 + BS_020 || Q4_25[calculated/GAAP] = BS_010 + BS_020 || Q1_26[calculated/GAAP] = BS_010 + BS_020 || Q2_26[calculated/GAAP] = BS_010 + BS_020 || Q3_26[calculated/GAAP] = BS_010 + BS_020 || Q4_26[calculated/GAAP] = BS_010 + BS_020
BS_040,"Property, plant and equipment, net",USD_m,assumed,23094,26432,31970,43522,53194,67875,83617,99957,,,Q1_25:SRC-003; Q2_25:SRC-004; Q3_25:SRC-005; Q4_25:SRC-002; Q1_26:SRC-006; Q2_26:SRC-007; Q3_26:SRC-008; Q4_26:SRC-024,"Q1_25: Condensed consolidated balance sheets, PDF p.6 (filing p.3) || Q2_25: Condensed consolidated balance sheets, PDF p.5 (filing p.3) || Q3_25: Condensed consolidated balance sheets, PDF p.5 (filing p.3) || Q4_25: Consolidated balance sheets, PDF p.109 (filing ~p.63) || Q1_26: Condensed consolidated balance sheets, PDF p.5 (filing p.3) || Q2_26: Condensed consolidated balance sheets, PDF p.3 || Q3_26: Condensed consolidated balance sheets, PDF p.4 || Q4_26: Consolidated balance sheets, PDF p.66 (filing p.64)",extracted,self_checked,"Q1_25[reported/GAAP] || Q2_25[reported/GAAP] || Q3_25[reported/GAAP] || Q4_25[reported/GAAP] || Q1_26[reported/GAAP] || Q2_26[reported/GAAP] || Q3_26[reported/GAAP] || Q4_26[reported/GAAP] - Gross PP&E 122,651 incl. CIP 39,973; accumulated depreciation 22,694 (Note 4)."
BS_050,Construction in progress,USD_m,reported,,,,16510,,,,,16510,39973,Q4_25:SRC-002; FY25:SRC-002; FY26:SRC-024,"Q4_25: Note 4 Property, plant and equipment, PDF p.141 || FY25: Note 4 Property, plant and equipment, PDF p.141 || FY26: Note 4 Property, plant and equipment, PDF p.83",extracted,self_checked,Q4_25[supplemental/GAAP] - Construction in progress. || FY25[supplemental/GAAP] || FY26[supplemental/GAAP] - Construction in progress (primarily servers/networking/leasehold improvements for data centers).
BS_060,Operating lease right-of-use assets,USD_m,assumed,,,,13145,15979,18393,20817,29690,,,Q4_25:SRC-002; Q1_26:SRC-006; Q2_26:SRC-007; Q3_26:SRC-008; Q4_26:SRC-024,"Q4_25: Note 9 Leases - supplemental balance sheet information, PDF p.153 || Q1_26: Leases note - supplemental balance sheet information, PDF p.21 || Q2_26: Leases note - supplemental balance sheet information, PDF p.18 || Q3_26: Leases note - supplemental balance sheet information, PDF p.19-20 || Q4_26: Consolidated balance sheets, PDF p.66 (filing p.64)",partial,self_checked,Q1_25[not_disclosed] No dedicated lease supplemental-balance-sheet footnote in FY25 10-Qs (D-016); ROU assets embedded in 'Other non-current assets'. || Q2_25[not_disclosed] Same as Q1 FY25. || Q3_25[not_disclosed] Same as Q1 FY25. || Q4_25[reported/GAAP] - First quarter this breakout is disclosed (10-K annual). || Q1_26[supplemental/GAAP] - Not on Q1 balance-sheet face (within other non-current assets); from lease-note supplemental table. || Q2_26[supplemental/GAAP] || Q3_26[supplemental/GAAP] || Q4_26[reported/GAAP] - Now presented on the balance-sheet face (FY26 10-K).
BS_070,Deferred revenue (current + noncurrent),USD_m,assumed,11455,9430,9019,9387,12098,9940,9881,9916,,,Q1_25:SRC-003; Q2_25:SRC-004; Q3_25:SRC-005; Q4_25:SRC-002; Q1_26:SRC-006; Q2_26:SRC-007; Q3_26:SRC-008; Q4_26:SRC-024,"Q1_25: Condensed consolidated balance sheets, PDF p.6 (filing p.3) || Q2_25: Condensed consolidated balance sheets, PDF p.5 (filing p.3) || Q3_25: Condensed consolidated balance sheets, PDF p.5 (filing p.3) || Q4_25: Consolidated balance sheets, PDF p.109 (filing ~p.63) || Q1_26: Condensed consolidated balance sheets, PDF p.5 (filing p.3) || Q2_26: Condensed consolidated balance sheets, PDF p.3 || Q3_26: Condensed consolidated balance sheets, PDF p.4 || Q4_26: Consolidated balance sheets, PDF p.66 (filing p.64)",extracted,self_checked,Q1_25[reported/GAAP] - Current deferred revenues only (face caption). || Q2_25[reported/GAAP] - Current only. || Q3_25[reported/GAAP] - Current only. || Q4_25[reported/GAAP] - Current only. || Q1_26[reported/GAAP] - CURRENT deferred revenues only; non-current portion not separately disclosed in Q1 10-Q (within other non-current liabilities). Definition sliver flagged in log. || Q2_26[reported/GAAP] - Current only. || Q3_26[reported/GAAP] - Current only. || Q4_26[reported/GAAP] - CURRENT deferred revenues only (see Q1 note).
BS_080,"Trade receivables, net",USD_m,assumed,8021,8177,8051,8558,8843,9440,10719,10385,,,Q1_25:SRC-003; Q2_25:SRC-004; Q3_25:SRC-005; Q4_25:SRC-002; Q1_26:SRC-006; Q2_26:SRC-007; Q3_26:SRC-008; Q4_26:SRC-024,"Q1_25: Condensed consolidated balance sheets, PDF p.6 (filing p.3) || Q2_25: Condensed consolidated balance sheets, PDF p.5 (filing p.3) || Q3_25: Condensed consolidated balance sheets, PDF p.5 (filing p.3) || Q4_25: Consolidated balance sheets, PDF p.109 (filing ~p.63) || Q1_26: Condensed consolidated balance sheets, PDF p.5 (filing p.3) || Q2_26: Condensed consolidated balance sheets, PDF p.3 || Q3_26: Condensed consolidated balance sheets, PDF p.4 || Q4_26: Consolidated balance sheets, PDF p.66 (filing p.64)",extracted,self_checked,Q1_25[reported/GAAP] || Q2_25[reported/GAAP] || Q3_25[reported/GAAP] || Q4_25[reported/GAAP] || Q1_26[reported/GAAP] - Net of $526M credit-loss allowance. || Q2_26[reported/GAAP] || Q3_26[reported/GAAP] || Q4_26[reported/GAAP]
BS_090,Total assets,USD_m,assumed,144214,148483,161378,168361,180449,204984,245240,261759,,,Q1_25:SRC-003; Q2_25:SRC-004; Q3_25:SRC-005; Q4_25:SRC-002; Q1_26:SRC-006; Q2_26:SRC-007; Q3_26:SRC-008; Q4_26:SRC-024,"Q1_25: Condensed consolidated balance sheets, PDF p.6 (filing p.3) || Q2_25: Condensed consolidated balance sheets, PDF p.5 (filing p.3) || Q3_25: Condensed consolidated balance sheets, PDF p.5 (filing p.3) || Q4_25: Consolidated balance sheets, PDF p.109 (filing ~p.63) || Q1_26: Condensed consolidated balance sheets, PDF p.5 (filing p.3) || Q2_26: Condensed consolidated balance sheets, PDF p.3 || Q3_26: Condensed consolidated balance sheets, PDF p.4 || Q4_26: Consolidated balance sheets, PDF p.66 (filing p.64)",extracted,self_checked,Q1_25[reported/GAAP] || Q2_25[reported/GAAP] || Q3_25[reported/GAAP] || Q4_25[reported/GAAP] || Q1_26[reported/GAAP] || Q2_26[reported/GAAP] || Q3_26[reported/GAAP] || Q4_26[reported/GAAP]
BS_100,Total stockholders' equity (deficit),USD_m,assumed,11269,14236,17261,20969,24666,30457,39051,43056,,,Q1_25:SRC-003; Q2_25:SRC-004; Q3_25:SRC-005; Q4_25:SRC-002; Q1_26:SRC-006; Q2_26:SRC-007; Q3_26:SRC-008; Q4_26:SRC-024,"Q1_25: Condensed consolidated balance sheets, PDF p.6 (filing p.3) || Q2_25: Condensed consolidated balance sheets, PDF p.5 (filing p.3) || Q3_25: Condensed consolidated balance sheets, PDF p.5 (filing p.3) || Q4_25: Consolidated balance sheets, PDF p.109 (filing ~p.63) || Q1_26: Condensed consolidated balance sheets, PDF p.5 (filing p.3) || Q2_26: Condensed consolidated balance sheets, PDF p.3 || Q3_26: Condensed consolidated balance sheets, PDF p.4 || Q4_26: Consolidated balance sheets, PDF p.66 (filing p.64)",extracted,self_checked,"Q1_25[reported/GAAP] - Incl. NCI 453. || Q2_25[reported/GAAP] - Incl. NCI 490. || Q3_25[reported/GAAP] - Incl. NCI 531. || Q4_25[reported/GAAP] - Incl. NCI 518. || Q1_26[reported/GAAP] - Total incl. noncontrolling interests 512; Oracle-only stockholders' equity 24,154. || Q2_26[reported/GAAP] - Incl. NCI 506. No preferred yet. || Q3_26[reported/GAAP] - Incl. NCI 556 and preferred 4,954 (issued this quarter). || Q4_26[reported/GAAP] - Incl. preferred 4,954 and NCI 548; Oracle-only common equity 42,508-4,954 = 37,554 + preferred."
DEBT_010,"Notes payable and borrowings, current",USD_m,assumed,9201,8162,8167,7271,9079,8091,9887,7199,,,Q1_25:SRC-003; Q2_25:SRC-004; Q3_25:SRC-005; Q4_25:SRC-002; Q1_26:SRC-006; Q2_26:SRC-007; Q3_26:SRC-008; Q4_26:SRC-024,"Q1_25: Condensed consolidated balance sheets, PDF p.6 (filing p.3) || Q2_25: Condensed consolidated balance sheets, PDF p.5 (filing p.3) || Q3_25: Condensed consolidated balance sheets, PDF p.5 (filing p.3) || Q4_25: Consolidated balance sheets, PDF p.109 (filing ~p.63) || Q1_26: Condensed consolidated balance sheets, PDF p.5 (filing p.3) || Q2_26: Condensed consolidated balance sheets, PDF p.3 || Q3_26: Condensed consolidated balance sheets, PDF p.4 || Q4_26: Consolidated balance sheets, PDF p.66 (filing p.64)",extracted,self_checked,Q1_25[reported/GAAP] || Q2_25[reported/GAAP] || Q3_25[reported/GAAP] || Q4_25[reported/GAAP] || Q1_26[reported/GAAP] || Q2_26[reported/GAAP] || Q3_26[reported/GAAP] || Q4_26[reported/GAAP]
DEBT_020,"Notes payable and borrowings, noncurrent",USD_m,assumed,75314,80462,88109,85297,82236,99984,124718,122342,,,Q1_25:SRC-003; Q2_25:SRC-004; Q3_25:SRC-005; Q4_25:SRC-002; Q1_26:SRC-006; Q2_26:SRC-007; Q3_26:SRC-008; Q4_26:SRC-024,"Q1_25: Condensed consolidated balance sheets, PDF p.6 (filing p.3) || Q2_25: Condensed consolidated balance sheets, PDF p.5 (filing p.3) || Q3_25: Condensed consolidated balance sheets, PDF p.5 (filing p.3) || Q4_25: Consolidated balance sheets, PDF p.109 (filing ~p.63) || Q1_26: Condensed consolidated balance sheets, PDF p.5 (filing p.3) || Q2_26: Condensed consolidated balance sheets, PDF p.3 || Q3_26: Condensed consolidated balance sheets, PDF p.4 || Q4_26: Consolidated balance sheets, PDF p.66 (filing p.64)",extracted,self_checked,Q1_25[reported/GAAP] || Q2_25[reported/GAAP] || Q3_25[reported/GAAP] || Q4_25[reported/GAAP] || Q1_26[reported/GAAP] || Q2_26[reported/GAAP] || Q3_26[reported/GAAP] || Q4_26[reported/GAAP]
DEBT_030,Gross debt,USD_m,calculated,84515,88624,96276,92568,91315,108075,134605,129541,,,Q1_25:SRC-003; Q2_25:SRC-004; Q3_25:SRC-005; Q4_25:SRC-002; Q1_26:SRC-006; Q2_26:SRC-007; Q3_26:SRC-008; Q4_26:SRC-024,"Q1_25: Condensed consolidated balance sheets, PDF p.6 (filing p.3) || Q2_25: Condensed consolidated balance sheets, PDF p.5 (filing p.3) || Q3_25: Condensed consolidated balance sheets, PDF p.5 (filing p.3) || Q4_25: Consolidated balance sheets, PDF p.109 (filing ~p.63) || Q1_26: Condensed consolidated balance sheets, PDF p.5 (filing p.3) || Q2_26: Condensed consolidated balance sheets, PDF p.3 || Q3_26: Condensed consolidated balance sheets, PDF p.4 || Q4_26: Consolidated balance sheets, PDF p.66 (filing p.64)",extracted,self_checked,"Q1_25[calculated/GAAP] =DEBT_010+DEBT_020 || Q2_25[calculated/GAAP] = DEBT_010 + DEBT_020 || Q3_25[calculated/GAAP] = DEBT_010 + DEBT_020 || Q4_25[calculated/GAAP] =DEBT_010+DEBT_020 - Ties Note 6 total notes payable and other borrowings 92,568. || Q1_26[calculated/GAAP] = DEBT_010 + DEBT_020 - Borrowings only; excludes leases and (not-yet-issued) preferred per C-01 resolution definition. || Q2_26[calculated/GAAP] = DEBT_010 + DEBT_020 || Q3_26[calculated/GAAP] = DEBT_010 + DEBT_020 || Q4_26[calculated/GAAP] = DEBT_010 + DEBT_020 - C-01 designated resolution value. Equals Note 6 'Total notes payable and other borrowings' carrying amount 129,541 (gross principal 130,105 less discounts/issuance costs 564)."
DEBT_040,Net debt,USD_m,calculated,73604,77313,78453,81365,80310,88309,95473,97647,,,Q1_25:SRC-003; Q2_25:SRC-004; Q3_25:SRC-005; Q4_25:SRC-002; Q1_26:SRC-006; Q2_26:SRC-007; Q3_26:SRC-008; Q4_26:SRC-024,"Q1_25: Condensed consolidated balance sheets, PDF p.6 (filing p.3) || Q2_25: Condensed consolidated balance sheets, PDF p.5 (filing p.3) || Q3_25: Condensed consolidated balance sheets, PDF p.5 (filing p.3) || Q4_25: Consolidated balance sheets, PDF p.109 (filing ~p.63) || Q1_26: Condensed consolidated balance sheets, PDF p.5 (filing p.3) || Q2_26: Condensed consolidated balance sheets, PDF p.3 || Q3_26: Condensed consolidated balance sheets, PDF p.4 || Q4_26: Consolidated balance sheets, PDF p.66 (filing p.64)",extracted,self_checked,Q1_25[calculated/GAAP] =DEBT_030-BS_030 || Q2_25[calculated/GAAP] = DEBT_030 - BS_030 || Q3_25[calculated/GAAP] = DEBT_030 - BS_030 || Q4_25[calculated/GAAP] = DEBT_030 - BS_030 || Q1_26[calculated/GAAP] = DEBT_030 - BS_030 || Q2_26[calculated/GAAP] = DEBT_030 - BS_030 || Q3_26[calculated/GAAP] = DEBT_030 - BS_030 || Q4_26[calculated/GAAP] = DEBT_030 - BS_030
DEBT_050,"Operating lease liabilities, current",USD_m,assumed,,,,1914,2196,2368,2798,3542,,,Q4_25:SRC-002; Q1_26:SRC-006; Q2_26:SRC-007; Q3_26:SRC-008; Q4_26:SRC-024,"Q4_25: Note 9 Leases - supplemental balance sheet information, PDF p.153 || Q1_26: Leases note - supplemental balance sheet information, PDF p.21 || Q2_26: Leases note - supplemental balance sheet information, PDF p.18 || Q3_26: Leases note - supplemental balance sheet information, PDF p.19-20 || Q4_26: Note 9 Leases - supplemental balance sheet information, PDF p.91",partial,self_checked,Q1_25[not_disclosed] No separate lease-liability breakout in FY25 Q1-Q3 10-Qs (D-016). || Q2_25[not_disclosed] Same as Q1 FY25. || Q3_25[not_disclosed] Same as Q1 FY25. || Q4_25[supplemental/GAAP] - First quarter disclosed (10-K annual). || Q1_26[supplemental/GAAP] || Q2_26[supplemental/GAAP] || Q3_26[supplemental/GAAP] || Q4_26[supplemental/GAAP]
DEBT_060,"Operating lease liabilities, noncurrent",USD_m,assumed,,,,11536,14094,16311,18512,26648,,,Q4_25:SRC-002; Q1_26:SRC-006; Q2_26:SRC-007; Q3_26:SRC-008; Q4_26:SRC-024,"Q4_25: Note 9 Leases - supplemental balance sheet information, PDF p.153 || Q1_26: Leases note - supplemental balance sheet information, PDF p.21 || Q2_26: Leases note - supplemental balance sheet information, PDF p.18 || Q3_26: Leases note - supplemental balance sheet information, PDF p.19-20 || Q4_26: Note 9 Leases - supplemental balance sheet information, PDF p.91",partial,self_checked,"Q1_25[not_disclosed] Same as DEBT_050 Q1 FY25. || Q2_25[not_disclosed] Same as Q1 FY25. || Q3_25[not_disclosed] Same as Q1 FY25. || Q4_25[reported/GAAP] - Also on balance-sheet face. || Q1_26[reported/GAAP] - Also on balance-sheet face. || Q2_26[reported/GAAP] - Also on balance-sheet face. || Q3_26[reported/GAAP] - Also on balance-sheet face. || Q4_26[reported/GAAP] - Also on balance-sheet face. Finance leases additionally: current 620 + non-current 7,081 = 7,701."
DEBT_070,Lease commitments not yet commenced,USD_m,reported,36200,36700,48400,43400,99800,248000,261000,260000,,,Q1_25:SRC-003; Q2_25:SRC-004; Q3_25:SRC-005; Q4_25:SRC-002; Q1_26:SRC-006; Q2_26:SRC-007; Q3_26:SRC-008; Q4_26:SRC-024,"Q1_25: MD&A - operating lease commitments, PDF p.28 || Q2_25: MD&A - operating lease commitments, PDF p.28 || Q3_25: MD&A - operating lease commitments, PDF p.28 || Q4_25: Note 9 Leases - additional (uncommenced) lease commitments, PDF p.154 || Q1_26: Leases note - supplemental balance sheet information, PDF p.21 || Q2_26: Leases note - supplemental balance sheet information, PDF p.18 || Q3_26: Leases note - supplemental balance sheet information, PDF p.19-20 || Q4_26: Note 9 Leases - additional (uncommenced) lease commitments, PDF p.92",extracted,self_checked,"Q1_25[supplemental/GAAP] - '$36.2 billion' as of Aug 31 2024, primarily data centers, expected commencement remainder FY25-FY27, 9-15yr terms. || Q2_25[supplemental/GAAP] - '$36.7 billion' as of Nov 30 2024. || Q3_25[supplemental/GAAP] - '$48.4 billion' as of Feb 28 2025. || Q4_25[supplemental/GAAP] - '$43.4 billion' as of May 31 2025, commencing FY26-FY28, 10-16yr terms. || Q1_26[supplemental/GAAP] - Stated '$99.8 billion' as of Aug 31 2025; expected commencement Q2 FY26-FY28, 10-16 yr terms; NOT on balance sheet. Subsequent additional $6.6B (fiscal 2027-2028 commencement). Field was tagged annual-only in the disclosure matrix - 10-Qs DO disclose it (matrix correction recommended). || Q2_26[supplemental/GAAP] - '$248 billion' as of Nov 30 2025, commencing Q3 FY26-FY28, 15-19yr terms. || Q3_26[supplemental/GAAP] - '$261 billion' as of Feb 28 2026; includes a lease with a guaranteed $2.2B lessor borrowing. || Q4_26[supplemental/GAAP] - Stated '$260 billion' as of May 31 2026 (C-06 resolution). See conflict register for full characterization."
DEBT_080,Debt maturity schedule,USD_m,reported,,,,92917,,,,,92917,130105,Q4_25:SRC-024; FY25:SRC-002; FY26:SRC-024,"Q4_25: Note 6 Notes payable and other borrowings, PDF p.85-86 || FY25: Consolidated balance sheets, PDF p.109 (filing ~p.63) || FY26: Note 6 Notes payable and other borrowings, PDF p.85-86",extracted,self_checked,"Q4_25[supplemental/GAAP] - Total senior notes and other borrowings (gross principal) at May 31 2025 (comparative column of FY26 10-K Note 6). || FY25[supplemental/GAAP] - Total senior notes and other borrowings (gross principal) - Note 6 total, FY25 column. || FY26[supplemental/GAAP] - Total future principal. Schedule: FY27 7,210 / FY28 10,145 / FY29 5,500 / FY30 7,250 / FY31 9,750 / thereafter 90,250."
DEBT_090,Weighted-average interest rate / fixed-floating mix,pct,reported,,,,,,,,,,,,,not_started,not_reviewed,
DEBT_100,Preferred/mandatory convertible carrying value,USD_m,reported,0,0,0,0,0,0,4954,4954,,,Q1_25:SRC-003; Q2_25:SRC-004; Q3_25:SRC-005; Q4_25:SRC-002; Q1_26:SRC-006; Q2_26:SRC-007; Q3_26:SRC-008; Q4_26:SRC-024,"Q1_25: Condensed consolidated balance sheets, PDF p.6 (filing p.3) || Q2_25: Condensed consolidated balance sheets, PDF p.5 (filing p.3) || Q3_25: Condensed consolidated balance sheets, PDF p.5 (filing p.3) || Q4_25: Consolidated balance sheets, PDF p.109 (filing ~p.63) || Q1_26: Condensed consolidated balance sheets, PDF p.5 (filing p.3) || Q2_26: Condensed consolidated balance sheets, PDF p.3 || Q3_26: Condensed consolidated balance sheets, PDF p.4 || Q4_26: Consolidated balance sheets, PDF p.66 (filing p.64)",extracted,self_checked,"Q1_25[reported/GAAP] - No preferred outstanding. || Q2_25[reported/GAAP] || Q3_25[reported/GAAP] || Q4_25[reported/GAAP] || Q1_26[reported/GAAP] - Balance sheet: preferred authorized 1.0 shares, outstanding none at Aug 31 2025 (Series D issued Feb 5 2026). || Q2_26[reported/GAAP] - Preferred not yet issued (issued Feb 5 2026, i.e. Q3). || Q3_26[reported/GAAP] - 6.50% Series D Mandatory Convertible Preferred issued Feb 5 2026 (0.05 shares / 100M depositary shares), $5.0B net proceeds. || Q4_26[reported/GAAP] - 6.50% Series D Mandatory Convertible Preferred (50,000 shares / 100M depositary shares), issued Feb 5 2026, $5.0B net proceeds. Terms in Certificate of Designations (not in repo; Q-11 open)."
DEBT_110,Preferred dividends,USD_m,reported,0,0,0,0,0,0,22,81,,103,Q1_25:SRC-003; Q2_25:SRC-004; Q3_25:SRC-005; Q4_25:SRC-002; Q1_26:SRC-006; Q2_26:SRC-007; Q3_26:SRC-008; Q4_26:SRC-016; FY26:SRC-024,"Q1_25: Condensed consolidated statements of operations, PDF p.8 (filing p.4) || Q2_25: Condensed consolidated statements of operations, PDF p.7 (filing p.4) || Q3_25: Condensed consolidated statements of operations, PDF p.7 (filing p.4) || Q4_25: Consolidated statements of operations, PDF p.111 (filing ~p.65) || Q1_26: Condensed consolidated statements of operations, PDF p.7 (filing p.4) || Q2_26: Condensed consolidated statements of operations, PDF p.5 (filing p.2) || Q3_26: Condensed consolidated statements of operations (3&9mo), PDF p.6 (filing p.2) || Q4_26: Q4 condensed consolidated statements of operations, PDF p.5 || FY26: Consolidated statements of operations, PDF p.67 (filing p.65)",extracted,self_checked,"Q1_25[reported/GAAP] - No preferred outstanding. || Q2_25[reported/GAAP] || Q3_25[reported/GAAP] || Q4_25[reported/GAAP] || Q1_26[reported/GAAP] - No preferred outstanding; no preferred-dividend line in Q1 statement. || Q2_26[reported/GAAP] || Q3_26[reported/GAAP] - First quarter preferred dividends appear. || Q4_26[reported/GAAP] - Validation: FY 103 - 9M 22 = 81 (diff 0). Declared quarterly preferred dividend $1,625/share (payable Jul 15 2026). || FY26[reported/GAAP] - Aggregate cash dividends declared and paid $1,263.89 per preferred share in FY26."
SHARE_010,Basic weighted-average shares,shares_m,assumed,2761,2790,2799,2805,2826,2864,2874,2878,2789,2860,Q1_25:SRC-003; Q2_25:SRC-004; Q3_25:SRC-005; Q4_25:SRC-012; FY25:SRC-002; Q1_26:SRC-006; Q2_26:SRC-007; Q3_26:SRC-008; Q4_26:SRC-016; FY26:SRC-024,"Q1_25: Condensed consolidated statements of operations, PDF p.8 (filing p.4) || Q2_25: Condensed consolidated statements of operations, PDF p.7 (filing p.4) || Q3_25: Condensed consolidated statements of operations, PDF p.7 (filing p.4) || Q4_25: Q4/FY2025 earnings release, GAAP statements PDF p.3-4 || FY25: Consolidated statements of operations, PDF p.111 (filing ~p.65) || Q1_26: Condensed consolidated statements of operations, PDF p.7 (filing p.4) || Q2_26: Condensed consolidated statements of operations, PDF p.5 (filing p.2) || Q3_26: Condensed consolidated statements of operations (3&9mo), PDF p.6 (filing p.2) || Q4_26: Q4 condensed consolidated statements of operations, PDF p.5 || FY26: Consolidated statements of operations, PDF p.67 (filing p.65)",extracted,self_checked,Q1_25[reported/GAAP] || Q2_25[reported/GAAP] || Q3_25[reported/GAAP] || Q4_25[reported/GAAP] || FY25[reported/GAAP] || Q1_26[reported/GAAP] || Q2_26[reported/GAAP] || Q3_26[reported/GAAP] || Q4_26[reported/GAAP] - Weighted average for the quarter (distinct from period-end). || FY26[reported/GAAP]
SHARE_020,Diluted weighted-average shares,shares_m,assumed,2851,2869,2874,2871,2909,2922,2912,2915,2866,2914,Q1_25:SRC-003; Q2_25:SRC-004; Q3_25:SRC-005; Q4_25:SRC-012; FY25:SRC-002; Q1_26:SRC-006; Q2_26:SRC-007; Q3_26:SRC-008; Q4_26:SRC-016; FY26:SRC-024,"Q1_25: Condensed consolidated statements of operations, PDF p.8 (filing p.4) || Q2_25: Condensed consolidated statements of operations, PDF p.7 (filing p.4) || Q3_25: Condensed consolidated statements of operations, PDF p.7 (filing p.4) || Q4_25: Q4/FY2025 earnings release, GAAP statements PDF p.3-4 || FY25: Consolidated statements of operations, PDF p.111 (filing ~p.65) || Q1_26: Condensed consolidated statements of operations, PDF p.7 (filing p.4) || Q2_26: Condensed consolidated statements of operations, PDF p.5 (filing p.2) || Q3_26: Condensed consolidated statements of operations (3&9mo), PDF p.6 (filing p.2) || Q4_26: Q4 condensed consolidated statements of operations, PDF p.5 || FY26: Consolidated statements of operations, PDF p.67 (filing p.65)",extracted,self_checked,Q1_25[reported/GAAP] || Q2_25[reported/GAAP] || Q3_25[reported/GAAP] || Q4_25[reported/GAAP] || FY25[reported/GAAP] || Q1_26[reported/GAAP] || Q2_26[reported/GAAP] || Q3_26[reported/GAAP] || Q4_26[reported/GAAP] || FY26[reported/GAAP]
SHARE_030,Dilutive effect (options/RSUs),shares_m,calculated,90,79,75,66,83,58,38,37,,,Q1_25:SRC-003; Q2_25:SRC-004; Q3_25:SRC-005; Q4_25:SRC-012; Q1_26:SRC-006; Q2_26:SRC-007; Q3_26:SRC-008; Q4_26:SRC-016,"Q1_25: Condensed consolidated statements of operations, PDF p.8 (filing p.4) || Q2_25: Condensed consolidated statements of operations, PDF p.7 (filing p.4) || Q3_25: Condensed consolidated statements of operations, PDF p.7 (filing p.4) || Q4_25: Q4/FY2025 earnings release, GAAP statements PDF p.3-4 || Q1_26: Condensed consolidated statements of operations, PDF p.7 (filing p.4) || Q2_26: Condensed consolidated statements of operations, PDF p.5 (filing p.2) || Q3_26: Condensed consolidated statements of operations (3&9mo), PDF p.6 (filing p.2) || Q4_26: Q4 condensed consolidated statements of operations, PDF p.5",extracted,self_checked,Q1_25[calculated/GAAP] =SHARE_020-SHARE_010 || Q2_25[calculated/GAAP] = SHARE_020 - SHARE_010 || Q3_25[calculated/GAAP] = SHARE_020 - SHARE_010 || Q4_25[calculated/GAAP] = SHARE_020 - SHARE_010 || Q1_26[calculated/GAAP] = SHARE_020 - SHARE_010 || Q2_26[calculated/GAAP] = SHARE_020 - SHARE_010 || Q3_26[calculated/GAAP] = SHARE_020 - SHARE_010 || Q4_26[calculated/GAAP] = SHARE_020 - SHARE_010
SHARE_040,Shares outstanding (period end),shares_m,assumed,2771,2796,2803,2807,2841,2873,2875,2880,,,Q1_25:SRC-003; Q2_25:SRC-004; Q3_25:SRC-005; Q4_25:SRC-002; Q1_26:SRC-006; Q2_26:SRC-007; Q3_26:SRC-008; Q4_26:SRC-024,"Q1_25: Condensed consolidated balance sheets, PDF p.6 (filing p.3) || Q2_25: Condensed consolidated balance sheets, PDF p.5 (filing p.3) || Q3_25: Condensed consolidated balance sheets, PDF p.5 (filing p.3) || Q4_25: Consolidated balance sheets, PDF p.109 (filing ~p.63) || Q1_26: Condensed consolidated balance sheets, PDF p.5 (filing p.3) || Q2_26: Condensed consolidated balance sheets, PDF p.3 || Q3_26: Condensed consolidated balance sheets, PDF p.4 || Q4_26: Consolidated balance sheets, PDF p.66 (filing p.64)",extracted,self_checked,"Q1_25[reported/GAAP] || Q2_25[reported/GAAP] || Q3_25[reported/GAAP] || Q4_25[reported/GAAP] - Period-end common shares per 10-K balance sheet (May 31 2025). || Q1_26[reported/GAAP] - Common shares outstanding per balance-sheet caption as of Aug 31 2025. || Q2_26[reported/GAAP] || Q3_26[reported/GAAP] || Q4_26[reported/GAAP] - Common outstanding at May 31 2026 per balance sheet; 10-K cover-page count is as of Jun 12 2026 (different date, not used)."
SHARE_050,ATM common-stock issuance (shares and proceeds),shares_m / USD_m,reported,,,,,,,0,0,0,0,FY25:SRC-002; Q3_26:SRC-024; Q4_26:SRC-024; FY26:SRC-024,"FY25: Consolidated balance sheets, PDF p.109 (filing ~p.63) || Q3_26: MD&A/equity - mandatory convertible preferred and ATM Program, PDF p.55 || Q4_26: MD&A/equity - mandatory convertible preferred and ATM Program, PDF p.55 || FY26: MD&A/equity - mandatory convertible preferred and ATM Program, PDF p.55",extracted,self_checked,"FY25[reported/GAAP] - No ATM program existed in FY25. || Q3_26[reported/GAAP] - No ATM sales yet (established but unused through the FY26 10-K date). || Q4_26[reported/GAAP] - $20B ATM Program established; 'As of May 31, 2026, we have not sold any shares... under the ATM Program' (SRC-024). Proceeds 0. || FY26[reported/GAAP] - No ATM sales through May 31 2026."
SHARE_070,Shares repurchased (YTD $ and shares),shares_m / USD_m,assumed,150,150,150,150,95,0,0,0,,,Q1_25:SRC-003; Q2_25:SRC-004; Q3_25:SRC-005; Q4_25:SRC-002; Q1_26:SRC-006; Q2_26:SRC-007; Q3_26:SRC-008; Q4_26:SRC-024,"Q1_25: Condensed consolidated statements of cash flows, PDF p.11 (filing p.7) || Q2_25: Condensed consolidated statements of cash flows, PDF p.10 (filing p.7) || Q3_25: Condensed consolidated statements of cash flows, PDF p.10 (filing p.7) || Q4_25: Consolidated statements of cash flows, PDF p.113 || Q1_26: Condensed consolidated statements of cash flows, PDF p.10 (filing p.7) || Q2_26: Condensed consolidated statements of cash flows, PDF p.8 || Q3_26: Condensed consolidated statements of cash flows (9mo), PDF p.9 || Q4_26: Consolidated statements of cash flows, PDF p.70 (filing p.68)",extracted,self_checked,Q1_25[reported/GAAP] || Q2_25[calculated/GAAP] =YTD 300-YTD(Q1)150 || Q3_25[calculated/GAAP] =YTD(9mo)450-YTD(6mo)300 || Q4_25[calculated/GAAP] =FY 600-9M 450 || Q1_26[reported/GAAP] - $ repurchases only; share count not disclosed in Q1 CF (equity footnote not extracted in pilot). || Q2_26[calculated/GAAP] =YTD(6mo)95-YTD(Q1)95 || Q3_26[calculated/GAAP] =YTD(9mo)95-YTD(6mo)95 || Q4_26[calculated/GAAP] = FY 95 - 9M 95
KPI_010,Fusion ERP cloud revenue growth %,pct,reported,0.16,0.18,0.16,0.22,0.17,0.18,0.17,0.12,,,Q1_25:SRC-009; Q2_25:SRC-010; Q3_25:SRC-011; Q4_25:SRC-012; Q1_26:SRC-013; Q2_26:SRC-014; Q3_26:SRC-015; Q4_26:SRC-017,"Q1_25: Q1 FY2025 earnings release headline bullets, PDF p.1 || Q2_25: Q2 FY2025 earnings release headline bullets, PDF p.1 || Q3_25: Q3 FY2025 earnings release headline bullets, PDF p.1 || Q4_25: Q4/FY2025 earnings release, GAAP statements PDF p.3-4 || Q1_26: Q1 FY2026 earnings release headline bullets, PDF p.1 || Q2_26: Q2 FY2026 earnings release headline bullets, PDF p.1 || Q3_26: Q3 FY2026 earnings release headline bullets, PDF p.1 || Q4_26: Q4 & FY2026 earnings slides",extracted,self_checked,"Q1_25[supplemental/non-GAAP] - Fusion Cloud ERP (SaaS) $0.9B, +16% USD / +17% CC. || Q2_25[supplemental/non-GAAP] - Fusion Cloud ERP $0.9B, +18% USD/+17% CC. || Q3_25[supplemental/non-GAAP] - Fusion Cloud ERP $0.9B, +16% USD/+18% CC. || Q4_25[supplemental/non-GAAP] - Fusion Cloud ERP $1.0B, +22%. || Q1_26[supplemental/non-GAAP] - Fusion Cloud ERP (SaaS) revenue $1.0B, +17% USD / +16% CC. Dollar level disclosed at headline (billions) precision. || Q2_26[supplemental/non-GAAP] - Fusion Cloud ERP $1.1B, +18%/+17% CC. || Q3_26[supplemental/non-GAAP] - Fusion Cloud ERP $1.1B, +17%/+14% CC. || Q4_26[supplemental/non-GAAP] - Slides p.6: 'Fusion Back-Office $1.5B +12%' - label differs from prior 'Fusion Cloud ERP'; treated as same series with label-drift note."
KPI_020,NetSuite ERP cloud revenue growth %,pct,reported,0.2,0.2,0.16,0.18,0.16,0.13,0.14,0.09,,,Q1_25:SRC-009; Q2_25:SRC-010; Q3_25:SRC-011; Q4_25:SRC-012; Q1_26:SRC-013; Q2_26:SRC-014; Q3_26:SRC-015; Q4_26:SRC-017,"Q1_25: Q1 FY2025 earnings release headline bullets, PDF p.1 || Q2_25: Q2 FY2025 earnings release headline bullets, PDF p.1 || Q3_25: Q3 FY2025 earnings release headline bullets, PDF p.1 || Q4_25: Q4/FY2025 earnings release, GAAP statements PDF p.3-4 || Q1_26: Q1 FY2026 earnings release headline bullets, PDF p.1 || Q2_26: Q2 FY2026 earnings release headline bullets, PDF p.1 || Q3_26: Q3 FY2026 earnings release headline bullets, PDF p.1 || Q4_26: Q4 & FY2026 earnings slides",extracted,self_checked,"Q1_25[supplemental/non-GAAP] - NetSuite Cloud ERP (SaaS) $0.9B, +20% USD / +20% CC. || Q2_25[supplemental/non-GAAP] - NetSuite $0.9B, +20% USD/+19% CC. || Q3_25[supplemental/non-GAAP] - NetSuite $0.9B, +16% USD/+17% CC. || Q4_25[supplemental/non-GAAP] - NetSuite $1.0B, +18%. || Q1_26[supplemental/non-GAAP] - NetSuite Cloud ERP (SaaS) $1.0B, +16% USD / +15% CC. || Q2_26[supplemental/non-GAAP] - NetSuite $1.0B, +13%/+13% CC. || Q3_26[supplemental/non-GAAP] - NetSuite $1.1B, +14%/+11% CC. || Q4_26[supplemental/non-GAAP] - Slides p.6: NetSuite $1.1B +9%."
KPI_030,GPU/capacity utilization commentary,text/pct,reported,,,,,,,,97.5% AI infra utilization,,,Q4_26:SRC-017,Q4_26: Q4 & FY2026 earnings slides,partial,self_checked,Q1_25[not_disclosed] No utilization disclosure in FY25 materials; transcripts missing (Q-04). || Q2_25[not_disclosed] Same as Q1 FY25. || Q3_25[not_disclosed] Same as Q1 FY25. || Q4_25[not_disclosed] Same as Q1 FY25. || Q4_26[supplemental/non-GAAP] - Slides p.8: '97.5% AI Infrastructure Utilization'; '98% of AI datacenter capacity already contracted'; '+1.2GW incremental DC capacity in FY26'; 'close to 1GW next quarter'.
KPI_040,Cloud regions (live/planned),count,reported,,,,,,,,,,,,,not_disclosed,self_checked,Q1_25[not_disclosed] Region counts not disclosed in FY25 materials in repo.
KPI_050,Customer concentration disclosure,text/pct,reported,,,,,,,,,No customer >=10% of revenues,No customer >=10% of revenues,FY25:SRC-002; FY26:SRC-024,"FY25: Note 1 - concentrations of risk, PDF p.140 area || FY26: Note 1 - concentrations of risk, PDF p.77",partial,self_checked,"FY25[reported/GAAP] - 'No single customer accounted for 10% or more of our total revenues in fiscal 2025, 2024 or [2023]' (FY25 10-K, same language pattern as FY26). || Q1_26[not_disclosed] Concentration disclosure is annual-only (10-K risk factors); not repeated in 10-Qs. || Q2_26[not_disclosed] Same as Q1 FY26. || Q3_26[not_disclosed] Same as Q1 FY26. || FY26[reported/GAAP] - 'No single customer accounted for 10% or more of our total revenues in fiscal 2026, 2025 or 2024.' Notes dependence on large long-term cloud arrangements and key customers' ability to meet contractual obligations."
KPI_060,Customer-supplied hardware (BYOH) commentary,text/USD_b,reported,,,,,,,,75,,,Q4_26:SRC-016,"Q4_26: Q4 FY2026 earnings release headline bullets/body, PDF p.1-2",partial,self_checked,Q1_25[not_disclosed] BYOH phenomenon not disclosed pre-FY26. || Q2_25[not_disclosed] BYOH phenomenon not disclosed pre-FY26. || Q3_25[not_disclosed] BYOH phenomenon not disclosed pre-FY26. || Q4_25[not_disclosed] BYOH phenomenon not disclosed pre-FY26. || Q4_26[supplemental/non-GAAP] - 'Prepaid and customer supplied hardware portions of our large AI contracts now total $75 billion' (release p.2). Upgrades the previously press-sourced claim to primary. Majority of Q4 RPO via BYOH or pre-pay (slides p.8).
KPI_070,Customer prepayments balance/received,USD_m,reported,,,,,,,,,,4592,FY26:SRC-024,"FY26: Consolidated statements of cash flows, PDF p.70 (filing p.68)",partial,self_checked,Q1_25[not_disclosed] Customer-prepayment-with-financing-component phenomenon not disclosed pre-FY26 (FY25 10-K: 'No prepayments were received from customers that included a significant financing component during fiscal 2025 and 2024.'). || FY26[reported/GAAP] - CF line 'Increase in deferred revenues from customer prepayments with significant financing component'; Note 1: '$4.6 billion of prepayments... with a significant financing component' (none FY25/FY24). Verifies CAP_010 claim (C-05 family).
RPO_010,Total remaining performance obligations,USD_b,reported,99.1,97.3,130.2,137.8,455.3,523.3,552.6,638,,,Q1_25:SRC-003; Q2_25:SRC-004; Q3_25:SRC-005; Q4_25:SRC-002; Q1_26:SRC-006; Q2_26:SRC-007; Q3_26:SRC-008; Q4_26:SRC-024,"Q1_25: Revenue recognition note - remaining performance obligations, PDF p.13 || Q2_25: Revenue recognition note - remaining performance obligations, PDF p.11 || Q3_25: Revenue recognition note - remaining performance obligations, PDF p.11 || Q4_25: MD&A - remaining performance obligations, PDF p.124 || Q1_26: Note 8 Revenue Recognition - remaining performance obligations, PDF p.11 || Q2_26: Revenue recognition note - remaining performance obligations, PDF p.9 || Q3_26: Revenue recognition note - remaining performance obligations, PDF p.13-14 & p.36 || Q4_26: Note 1 / MD&A - remaining performance obligations, PDF p.74",extracted,self_checked,"Q1_25[reported/GAAP] - '$99.1 billion' as of Aug 31 2024; release headline '$99 billion' (+53%). || Q2_25[reported/GAAP] - '$97.3 billion' as of Nov 30 2024; release headline '$97 billion' (+49%). || Q3_25[reported/GAAP] - '$130.2 billion' as of Feb 28 2025; release headline '$130 billion' (+62%). || Q4_25[reported/GAAP] - 10-K MD&A '$137.8 billion' as of May 31 2025; release headline '$138 billion' (+41%). || Q1_26[reported/GAAP] - Footnote 455.3; release headline 455 (+359% USD and CC). MultiCloud database revenue +1,529% (release commentary). || Q2_26[reported/GAAP] - '$523.3 billion' as of Nov 30 2025; release headline '$523 billion' (+438%). || Q3_26[reported/GAAP] - '$552.6 billion' as of Feb 28 2026; release headline '$553 billion' (+325%). || Q4_26[reported/GAAP] - 10-K: $638B (both MD&A and Note 1); release identical; +$85B sequential from Q3 553."
RPO_020,% of RPO expected to be recognized within 12 months,pct,reported,0.38,0.39,0.31,0.33,0.1,0.1,0.12,0.12,,,Q1_25:SRC-003; Q2_25:SRC-004; Q3_25:SRC-005; Q4_25:SRC-002; Q1_26:SRC-006; Q2_26:SRC-007; Q3_26:SRC-008; Q4_26:SRC-024,"Q1_25: Revenue recognition note - remaining performance obligations, PDF p.13 || Q2_25: Revenue recognition note - remaining performance obligations, PDF p.11 || Q3_25: Revenue recognition note - remaining performance obligations, PDF p.11 || Q4_25: MD&A - remaining performance obligations, PDF p.124 || Q1_26: Note 8 Revenue Recognition - remaining performance obligations, PDF p.11 || Q2_26: Revenue recognition note - remaining performance obligations, PDF p.9 || Q3_26: Revenue recognition note - remaining performance obligations, PDF p.13-14 & p.36 || Q4_26: Note 1 / MD&A - remaining performance obligations, PDF p.74",extracted,self_checked,Q1_25[reported/GAAP] - 'approximately 38%'. || Q2_25[reported/GAAP] - 'approximately 39%'. || Q3_25[reported/GAAP] - 'approximately 31%'. || Q4_25[reported/GAAP] - 'approximately 33%'. || Q1_26[reported/GAAP] - 'approximately 10%'. || Q2_26[reported/GAAP] - 'approximately 10%'. || Q3_26[reported/GAAP] - 'approximately 12%'. || Q4_26[reported/GAAP] - 'approximately 12%'.
RPO_030,"Current RPO (cRPO, calculated)",USD_b,calculated,37.7,37.9,40.4,45.5,45.5,52.3,66.3,76.6,,,Q1_25:SRC-003; Q2_25:SRC-004; Q3_25:SRC-005; Q4_25:SRC-002; Q1_26:SRC-006; Q2_26:SRC-007; Q3_26:SRC-008; Q4_26:SRC-024,"Q1_25: Revenue recognition note - remaining performance obligations, PDF p.13 || Q2_25: Revenue recognition note - remaining performance obligations, PDF p.11 || Q3_25: Revenue recognition note - remaining performance obligations, PDF p.11 || Q4_25: MD&A - remaining performance obligations, PDF p.124 || Q1_26: Note 8 Revenue Recognition - remaining performance obligations, PDF p.11 || Q2_26: Revenue recognition note - remaining performance obligations, PDF p.9 || Q3_26: Revenue recognition note - remaining performance obligations, PDF p.13-14 & p.36 || Q4_26: Note 1 / MD&A - remaining performance obligations, PDF p.74",extracted,self_checked,Q1_25[calculated/GAAP] =99.1*0.38 || Q2_25[calculated/GAAP] =97.3*0.39 || Q3_25[calculated/GAAP] =130.2*0.31 || Q4_25[calculated/GAAP] =137.8*0.33 || Q1_26[calculated/GAAP] = RPO_010 x RPO_020 = 455.3 x 0.10 - Calculated from rounded %. || Q2_26[calculated/GAAP] =523.3*0.10 || Q3_26[calculated/GAAP] =552.6*0.12 || Q4_26[calculated/GAAP] = 638 x 0.12
RPO_040,Total RPO YoY growth %,pct,calculated,,,,0.41,3.59,,,3.63,,,Q4_25:SRC-012; Q1_26:SRC-013; Q4_26:SRC-016,"Q4_25: Q4/FY2025 earnings release, GAAP statements PDF p.3-4 || Q1_26: Q1 FY2026 earnings release headline bullets, PDF p.1 || Q4_26: Q4 FY2026 earnings release headline bullets/body, PDF p.1-2",extracted,self_checked,Q4_25[reported/GAAP] - Release-stated +41%. || Q1_26[reported/GAAP] - Release-stated +359%; independent recomputation deferred to 5B (FY25 Q1 RPO outside pilot scope). || Q4_26[reported/GAAP] - Release +363% USD (+362% CC); recomputation from 10-K comparative 638/138 - 1 = 362.3% (consistent).
RPO_050,RPO duration buckets beyond 12 months,USD_b / pct,reported,38%/38%/19%/rem,39%/39%/19%/rem,31%/40%/25%/rem,33%/41%/23%/rem,10%/25%/34%/rem,10%/30%/35%/rem,12%/31%/35%/rem,12%/34%/34%/rem,33%/41%/23%/rem,12%/34%/34%/rem,Q1_25:SRC-003; Q2_25:SRC-004; Q3_25:SRC-005; Q4_25:SRC-002; FY25:SRC-002; Q1_26:SRC-006; Q2_26:SRC-007; Q3_26:SRC-008; Q4_26:SRC-024; FY26:SRC-024,"Q1_25: Revenue recognition note - remaining performance obligations, PDF p.13 || Q2_25: Revenue recognition note - remaining performance obligations, PDF p.11 || Q3_25: Revenue recognition note - remaining performance obligations, PDF p.11 || Q4_25: MD&A - remaining performance obligations, PDF p.124 || FY25: MD&A - remaining performance obligations, PDF p.124 || Q1_26: Note 8 Revenue Recognition - remaining performance obligations, PDF p.11 || Q2_26: Revenue recognition note - remaining performance obligations, PDF p.9 || Q3_26: Revenue recognition note - remaining performance obligations, PDF p.13-14 & p.36 || Q4_26: Note 1 / MD&A - remaining performance obligations, PDF p.74 || FY26: Note 1 / MD&A - remaining performance obligations, PDF p.74",extracted,self_checked,Q1_25[reported/GAAP] - 0-12m ~38%; 13-36m 38%; 37-60m 19%; remainder thereafter. || Q2_25[reported/GAAP] || Q3_25[reported/GAAP] || Q4_25[reported/GAAP] || FY25[reported/GAAP] || Q1_26[reported/GAAP] - 0-12m ~10%; 13-36m 25%; 37-60m 34%; remainder thereafter. Field was tagged annual-only - Q1 10-Q discloses buckets (matrix correction recommended). || Q2_26[reported/GAAP] || Q3_26[reported/GAAP] || Q4_26[reported/GAAP] - 0-12m ~12%; 13-36m 34%; 37-60m 34%; remainder thereafter. || FY26[reported/GAAP]
RPO_060,Implied gross bookings (approx),USD_b,calculated,,,,,332.2,,,104.2,,,Q1_26:SRC-006; Q4_26:SRC-016,"Q1_26: Note 8 Revenue Recognition - remaining performance obligations, PDF p.11 || Q4_26: Q4 FY2026 earnings release headline bullets/body, PDF p.1-2",extracted,self_checked,Q1_26[calculated/GAAP] = RPO_010(Q1) - RPO_010(FY25Q4) + REV_050(Q1)/1000 = 455.3 - 138 + 14.9 - FY25 Q4 RPO 138 taken from SRC-024 comparative disclosure (in pilot scope as FY26 anchor). Approximation only. || Q4_26[calculated/GAAP] = 638 - 553 + 19.184 - Q3 RPO 553 per Q4 release headline (in-scope source). Approximation only.
CAP_010,Customer prepayments funding capex,USD_m,reported,,,,,,,,,,4592,FY26:SRC-024,"FY26: Note 1 - customer prepayments with significant financing component, PDF p.75",partial,self_checked,Q1_25[not_disclosed] Phenomenon did not exist in FY25 (10-K: no such prepayments in FY25/FY24). || Q2_25[not_disclosed] Same as Q1 FY25. || Q3_25[not_disclosed] Same as Q1 FY25. || Q4_25[not_disclosed] Same as Q1 FY25. || FY25[not_disclosed] 10-K explicitly states no such prepayments received in FY25. || FY26[reported/GAAP] - Same disclosure as KPI_070; quarterly split not disclosed (9M CF shows only combined deferred-revenue line).
CAP_020,Short-term capex financing,USD_m,reported,,,,,,,,,,3345,FY26:SRC-024,"FY26: Consolidated statements of cash flows, PDF p.70 (filing p.68)",partial,self_checked,"Q1_25[not_disclosed] Short-term capex-financing phenomenon not disclosed pre-FY26. || Q2_25[not_disclosed] Same as Q1 FY25. || Q3_25[not_disclosed] Same as Q1 FY25. || Q4_25[not_disclosed] Same as Q1 FY25. || FY25[not_disclosed] Not disclosed as a distinct FY25 cash-flow line. || FY26[reported/GAAP] - 'Proceeds from short-term financing related to capital expenditures, net'. Q4 standalone not derivable: 9M presents CP + short-term financing combined (2,279)."
CAP_030,Net cash capex (management-defined),USD_m,reported,,,,not disclosed pre-FY26,,,,,,48,Q4_25:SRC-002; FY26:SRC-017,"Q4_25: MD&A - remaining performance obligations, PDF p.124 || FY26: Q4 & FY2026 earnings slides",partial,self_checked,"Q4_25[reported/GAAP] - Net cash capex metric not introduced until FY26 Q4 disclosure; FY25 has no equivalent. || Q1_26[not_disclosed] Net-cash-capex metric not presented until FY26 Q4 disclosure. || Q2_26[not_disclosed] Same as Q1 FY26. || Q3_26[not_disclosed] Disclosed only on trailing-4Q basis (which spans back into FY25 quarters); no clean standalone-quarter figure exists for Q3 FY26 alone. || FY26[supplemental/non-GAAP] - Slides p.5/15: FY26 net cash outlay for capex $48B. Definition verbatim: 'capital expenditures, less (1) other short-term financing cash flow related to capital expenditures and (2) customer prepayments with significant financing component for capital expenditures' (trailing four-quarter basis). FY27 guided ~$70B."
CAP_040,Assets placed in service / PP&E roll-forward,USD_m,reported,,,,,,,,,,,,,not_started,not_reviewed,
CAP_060,Capital/purchase commitments,USD_m,reported,,,,,,,,,,13309,FY26:SRC-024,"FY26: Note 9 - unconditional purchase obligations, PDF p.92",extracted,self_checked,FY26[supplemental/GAAP] - Unconditional purchase obligations (primarily data center power). Subsequent to 5/31/26: additional $19B commitments for cloud infrastructure assets.
CHECK_010,L1 revenue additivity,pass/fail,check,,,,,,,,,,,,,not_started,not_reviewed,
CHECK_020,Analytical stream additivity,pass/fail,check,,,,,,,,,,,,,not_started,not_reviewed,
CHECK_030,Cloud composition,pass/fail,check,,,,,,,,,,,,,not_started,not_reviewed,
CHECK_040,Support residual sanity,pass/fail,check,,,,,,,,,,,,,not_started,not_reviewed,
CHECK_050,Sum-of-quarters = fiscal year,pass/fail,check,,,,,,,,,,,,,not_started,not_reviewed,
CHECK_060,YTD differencing integrity,pass/fail,check,,,,,,,,,,,,,not_started,not_reviewed,
CHECK_070,EPS x shares tie,pass/fail,check,,,,,,,,,,,,,not_started,not_reviewed,
CHECK_080,Debt roll-forward,pass/fail,check,,,,,,,,,,,,,not_started,not_reviewed,
CHECK_090,GAAP/non-GAAP bridge,pass/fail,check,,,,,,,,,,,,,not_started,not_reviewed,
CHECK_100,Cash tie,pass/fail,check,,,,,,,,,,,,,not_started,not_reviewed,
